professor,department,Quality,Difficulty,aspect,sentiment
James Nichols ,Government department,5.0,2.0,doubt_solving,positive
James Nichols ,Government department,5.0,2.0,study_material,positive
James Nichols ,Government department,3.0,1.0,subject_difficulty,negative
James Nichols ,Government department,4.0,1.0,subject_difficulty,positive
James Nichols ,Government department,5.0,2.0,subject_difficulty,positive
James Nichols ,Government department,5.0,1.0,teaching_pace,positive
James Nichols ,Government department,4.5,2.0,study_material,positive
James Nichols ,Government department,4.5,2.0,subject_difficulty,positive
James Nichols ,Government department,4.0,1.0,explanation_clarity,positive
James Nichols ,Government department,4.0,1.0,study_material,positive
James Nichols ,Government department,4.0,1.0,subject_difficulty,positive
James Nichols ,Government department,3.5,2.0,study_material,positive
James Nichols ,Government department,3.5,2.0,subject_difficulty,positive
James Nichols ,Government department,4.0,1.0,explanation_clarity,negative
James Nichols ,Government department,4.0,1.0,study_material,negative
James Nichols ,Government department,5.0,2.0,teaching_pace,positive
James Nichols ,Government department,5.0,2.0,study_material,positive
James Nichols ,Government department,5.0,2.0,subject_difficulty,positive
James Nichols ,Government department,5.0,2.0,doubt_solving,positive
James Nichols ,Government department,5.0,2.0,subject_difficulty,positive
James Nichols ,Government department,3.5,3.0,subject_difficulty,positive
James Nichols ,Government department,4.0,3.0,study_material,positive
James Nichols ,Government department,4.0,4.0,study_material,positive
Cynthia Humes ,Religious Studies department,4.0,4.0,explanation_clarity,neutral
Cynthia Humes ,Religious Studies department,4.0,4.0,study_material,neutral
Cynthia Humes ,Religious Studies department,4.0,4.0,practical_sessions,neutral
Cynthia Humes ,Religious Studies department,4.0,4.0,study_material,positive
Cynthia Humes ,Religious Studies department,2.5,4.0,explanation_clarity,negative
Cynthia Humes ,Religious Studies department,2.5,4.0,doubt_solving,negative
Cynthia Humes ,Religious Studies department,2.5,4.0,practical_sessions,negative
Cynthia Humes ,Religious Studies department,5.0,5.0,subject_difficulty,positive
Cynthia Humes ,Religious Studies department,4.0,5.0,doubt_solving,positive
Cynthia Humes ,Religious Studies department,3.0,5.0,study_material,negative
Colin Wright ,Economics department,3.0,4.0,explanation_clarity,neutral
Colin Wright ,Economics department,3.0,4.0,teaching_pace,neutral
Colin Wright ,Economics department,3.0,4.0,study_material,neutral
Colin Wright ,Economics department,3.0,4.0,subject_difficulty,neutral
Colin Wright ,Economics department,2.5,3.0,doubt_solving,positive
Colin Wright ,Economics department,2.5,3.0,practical_sessions,negative
Colin Wright ,Economics department,2.5,3.0,faculty_availability,positive
Colin Wright ,Economics department,2.5,3.0,subject_difficulty,negative
Colin Wright ,Economics department,5.0,4.0,doubt_solving,positive
Colin Wright ,Economics department,5.0,4.0,faculty_availability,positive
Colin Wright ,Economics department,5.0,2.0,explanation_clarity,negative
Colin Wright ,Economics department,5.0,2.0,subject_difficulty,negative
Colin Wright ,Economics department,4.0,2.0,doubt_solving,negative
Colin Wright ,Economics department,4.0,2.0,study_material,negative
Colin Wright ,Economics department,4.0,2.0,practical_sessions,negative
Colin Wright ,Economics department,4.0,2.0,faculty_availability,negative
Colin Wright ,Economics department,5.0,3.0,doubt_solving,positive
Colin Wright ,Economics department,5.0,3.0,subject_difficulty,positive
Colin Wright ,Economics department,3.5,3.0,doubt_solving,positive
Colin Wright ,Economics department,3.0,3.0,explanation_clarity,positive
Colin Wright ,Economics department,3.0,3.0,doubt_solving,positive
Colin Wright ,Economics department,3.0,3.0,faculty_availability,positive
Colin Wright ,Economics department,4.0,2.0,study_material,positive
Colin Wright ,Economics department,5.0,3.0,doubt_solving,positive
Colin Wright ,Economics department,5.0,3.0,study_material,positive
Colin Wright ,Economics department,5.0,3.0,practical_sessions,positive
Colin Wright ,Economics department,4.0,3.0,practical_sessions,positive
Colin Wright ,Economics department,4.0,3.0,subject_difficulty,positive
Colin Wright ,Economics department,1.0,5.0,doubt_solving,negative
Colin Wright ,Economics department,1.0,5.0,practical_sessions,negative
Colin Wright ,Economics department,1.0,5.0,subject_difficulty,negative
Colin Wright ,Economics department,3.0,3.0,subject_difficulty,positive
Colin Wright ,Economics department,1.5,5.0,doubt_solving,negative
Colin Wright ,Economics department,1.5,5.0,study_material,negative
Colin Wright ,Economics department,1.5,5.0,practical_sessions,negative
Colin Wright ,Economics department,1.5,5.0,faculty_availability,negative
Colin Wright ,Economics department,1.5,5.0,subject_difficulty,negative
Colin Wright ,Economics department,4.5,2.0,practical_sessions,positive
Colin Wright ,Economics department,4.5,2.0,subject_difficulty,positive
Colin Wright ,Economics department,1.0,5.0,study_material,negative
Colin Wright ,Economics department,1.0,5.0,subject_difficulty,negative
Colin Wright ,Economics department,1.5,5.0,study_material,negative
Colin Wright ,Economics department,1.5,5.0,practical_sessions,negative
Colin Wright ,Economics department,1.5,5.0,subject_difficulty,negative
Colin Wright ,Economics department,4.0,4.0,practical_sessions,positive
Colin Wright ,Economics department,4.0,4.0,subject_difficulty,positive
Colin Wright ,Economics department,2.0,4.0,study_material,positive
Colin Wright ,Economics department,2.0,4.0,practical_sessions,positive
Colin Wright ,Economics department,2.5,4.0,study_material,positive
Colin Wright ,Economics department,2.5,4.0,practical_sessions,positive
Colin Wright ,Economics department,4.0,4.0,practical_sessions,positive
Colin Wright ,Economics department,4.0,4.0,subject_difficulty,positive
Colin Wright ,Economics department,1.0,5.0,explanation_clarity,negative
Colin Wright ,Economics department,1.0,5.0,study_material,negative
Colin Wright ,Economics department,1.0,5.0,practical_sessions,negative
Colin Wright ,Economics department,1.0,5.0,subject_difficulty,negative
Colin Wright ,Economics department,1.0,5.0,doubt_solving,positive
Colin Wright ,Economics department,1.5,5.0,explanation_clarity,neutral
Colin Wright ,Economics department,1.5,5.0,study_material,neutral
Colin Wright ,Economics department,1.5,5.0,practical_sessions,neutral
Colin Wright ,Economics department,1.0,4.0,explanation_clarity,negative
Colin Wright ,Economics department,1.0,4.0,practical_sessions,negative
Colin Wright ,Economics department,2.5,3.0,explanation_clarity,negative
Colin Wright ,Economics department,2.0,4.0,explanation_clarity,negative
Colin Wright ,Economics department,2.0,4.0,doubt_solving,negative
Colin Wright ,Economics department,4.0,3.0,explanation_clarity,positive
Colin Wright ,Economics department,4.0,3.0,subject_difficulty,positive
Colin Wright ,Economics department,4.0,4.0,subject_difficulty,positive
Ann Meyer ,Literature department,4.5,4.0,study_material,positive
Ann Meyer ,Literature department,5.0,5.0,doubt_solving,positive
Ann Meyer ,Literature department,5.0,5.0,subject_difficulty,positive
Ann Meyer ,Literature department,1.5,4.0,subject_difficulty,negative
Ann Meyer ,Literature department,2.5,4.0,doubt_solving,positive
Ann Meyer ,Literature department,2.5,4.0,faculty_availability,positive
Ann Meyer ,Literature department,4.0,4.0,study_material,positive
Ann Meyer ,Literature department,1.5,2.0,doubt_solving,positive
Ann Meyer ,Literature department,1.5,3.0,explanation_clarity,positive
Ann Meyer ,Literature department,4.5,3.0,explanation_clarity,negative
Ann Meyer ,Literature department,1.0,3.0,explanation_clarity,positive
Jay Martin ,Government department,1.0,4.0,subject_difficulty,negative
Jay Martin ,Government department,5.0,1.0,subject_difficulty,positive
Jay Martin ,Government department,3.0,4.0,explanation_clarity,positive
Jay Martin ,Government department,3.0,4.0,study_material,positive
Jay Martin ,Government department,3.0,4.0,practical_sessions,positive
Jay Martin ,Government department,3.0,4.0,subject_difficulty,positive
Jay Martin ,Government department,4.5,3.0,practical_sessions,positive
Jay Martin ,Government department,4.5,3.0,subject_difficulty,positive
Jay Martin ,Government department,4.0,3.0,explanation_clarity,positive
Jay Martin ,Government department,4.0,3.0,study_material,positive
Jay Martin ,Government department,4.0,3.0,practical_sessions,positive
Jay Martin ,Government department,4.0,3.0,explanation_clarity,neutral
Jay Martin ,Government department,4.0,3.0,doubt_solving,neutral
Jay Martin ,Government department,4.0,3.0,study_material,neutral
Jay Martin ,Government department,3.0,3.0,study_material,positive
Jay Martin ,Government department,3.0,3.0,practical_sessions,positive
Jay Martin ,Government department,3.0,3.0,subject_difficulty,positive
Jay Martin ,Government department,3.5,1.0,explanation_clarity,positive
Jay Martin ,Government department,3.5,1.0,study_material,positive
Jay Martin ,Government department,3.5,1.0,subject_difficulty,positive
Jay Martin ,Government department,5.0,2.0,practical_sessions,positive
Jay Martin ,Government department,4.0,1.0,practical_sessions,positive
Jay Martin ,Government department,4.0,1.0,subject_difficulty,positive
Jay Martin ,Government department,3.0,1.0,practical_sessions,positive
Jay Martin ,Government department,3.0,1.0,subject_difficulty,positive
Jay Martin ,Government department,4.5,2.0,teaching_pace,positive
Jay Martin ,Government department,4.0,2.0,doubt_solving,positive
Jay Martin ,Government department,4.0,2.0,practical_sessions,positive
Jay Martin ,Government department,4.0,2.0,faculty_availability,positive
Jay Martin ,Government department,4.5,2.0,explanation_clarity,positive
Jay Martin ,Government department,4.5,2.0,doubt_solving,positive
Jay Martin ,Government department,4.5,2.0,study_material,positive
Jay Martin ,Government department,4.5,2.0,practical_sessions,positive
Jay Martin ,Government department,4.5,2.0,faculty_availability,positive
Jay Martin ,Government department,4.5,2.0,subject_difficulty,positive
Jay Martin ,Government department,3.0,3.0,subject_difficulty,positive
Jay Martin ,Government department,5.0,2.0,doubt_solving,positive
Jay Martin ,Government department,5.0,2.0,study_material,positive
Jay Martin ,Government department,5.0,2.0,faculty_availability,positive
Thomas Dershem ,Physics department,5.0,3.0,teaching_pace,positive
Thomas Dershem ,Physics department,5.0,3.0,study_material,positive
Thomas Dershem ,Physics department,5.0,3.0,practical_sessions,positive
Thomas Dershem ,Physics department,5.0,3.0,subject_difficulty,positive
Thomas Dershem ,Physics department,2.0,4.0,explanation_clarity,neutral
Thomas Dershem ,Physics department,2.0,4.0,doubt_solving,neutral
Thomas Dershem ,Physics department,2.0,4.0,practical_sessions,neutral
Thomas Dershem ,Physics department,2.0,4.0,subject_difficulty,neutral
Thomas Dershem ,Physics department,5.0,2.0,doubt_solving,positive
Thomas Dershem ,Physics department,5.0,2.0,practical_sessions,positive
Thomas Dershem ,Physics department,3.5,1.0,doubt_solving,positive
Thomas Dershem ,Physics department,3.5,1.0,practical_sessions,positive
Thomas Dershem ,Physics department,2.0,1.0,explanation_clarity,positive
Thomas Dershem ,Physics department,2.0,1.0,doubt_solving,positive
Thomas Dershem ,Physics department,2.0,1.0,practical_sessions,positive
Thomas Dershem ,Physics department,2.0,1.0,subject_difficulty,positive
Thomas Dershem ,Physics department,4.0,2.0,explanation_clarity,positive
Thomas Dershem ,Physics department,4.0,2.0,study_material,positive
Thomas Dershem ,Physics department,4.0,2.0,practical_sessions,positive
Thomas Dershem ,Physics department,4.0,2.0,subject_difficulty,positive
Thomas Dershem ,Physics department,1.0,5.0,practical_sessions,negative
Thomas Dershem ,Physics department,4.5,4.0,doubt_solving,positive
Thomas Dershem ,Physics department,4.5,4.0,practical_sessions,positive
Thomas Dershem ,Physics department,4.5,4.0,subject_difficulty,positive
Stephen Davis ,Philosophy department,5.0,2.0,study_material,positive
Stephen Davis ,Philosophy department,5.0,2.0,subject_difficulty,positive
Stephen Davis ,Philosophy department,4.5,3.0,explanation_clarity,positive
Stephen Davis ,Philosophy department,4.5,3.0,doubt_solving,positive
Stephen Davis ,Philosophy department,4.5,3.0,practical_sessions,positive
Stephen Davis ,Philosophy department,4.5,3.0,faculty_availability,positive
Stephen Davis ,Philosophy department,4.5,3.0,subject_difficulty,positive
Stephen Davis ,Philosophy department,4.5,2.0,explanation_clarity,positive
Stephen Davis ,Philosophy department,4.5,2.0,subject_difficulty,positive
Stephen Davis ,Philosophy department,4.5,4.0,explanation_clarity,negative
Stephen Davis ,Philosophy department,4.5,4.0,practical_sessions,negative
Stephen Davis ,Philosophy department,4.5,4.0,subject_difficulty,negative
Stephen Davis ,Philosophy department,5.0,3.0,explanation_clarity,positive
Stephen Davis ,Philosophy department,5.0,3.0,study_material,positive
Stephen Davis ,Philosophy department,5.0,3.0,subject_difficulty,positive
Stephen Davis ,Philosophy department,5.0,3.0,explanation_clarity,positive
Stephen Davis ,Philosophy department,5.0,3.0,doubt_solving,positive
Stephen Davis ,Philosophy department,5.0,3.0,study_material,positive
Stephen Davis ,Philosophy department,5.0,3.0,subject_difficulty,positive
Stephen Davis ,Philosophy department,4.5,2.0,explanation_clarity,positive
Stephen Davis ,Philosophy department,4.5,2.0,study_material,positive
Stephen Davis ,Philosophy department,3.0,5.0,explanation_clarity,negative
Stephen Davis ,Philosophy department,3.0,5.0,doubt_solving,negative
Stephen Davis ,Philosophy department,3.0,5.0,study_material,negative
Stephen Davis ,Philosophy department,3.0,5.0,subject_difficulty,negative
Stephen Davis ,Philosophy department,4.0,4.0,study_material,positive
Stephen Davis ,Philosophy department,4.0,4.0,practical_sessions,positive
Stephen Davis ,Philosophy department,4.0,4.0,subject_difficulty,positive
Stephen Davis ,Philosophy department,5.0,4.0,subject_difficulty,positive
Stephen Davis ,Philosophy department,1.5,5.0,study_material,negative
Stephen Davis ,Philosophy department,5.0,1.0,teaching_pace,positive
Stephen Davis ,Philosophy department,4.0,5.0,explanation_clarity,negative
Stephen Davis ,Philosophy department,4.0,5.0,subject_difficulty,negative
Stephen Davis ,Philosophy department,3.5,3.0,explanation_clarity,negative
Stephen Davis ,Philosophy department,4.0,4.0,faculty_availability,positive
Stephen Davis ,Philosophy department,4.5,2.0,explanation_clarity,positive
Shana Levin ,Psychology department,4.5,3.0,explanation_clarity,positive
Shana Levin ,Psychology department,4.5,3.0,practical_sessions,positive
Shana Levin ,Psychology department,4.5,3.0,subject_difficulty,positive
Shana Levin ,Psychology department,5.0,3.0,explanation_clarity,positive
Shana Levin ,Psychology department,5.0,3.0,study_material,positive
Shana Levin ,Psychology department,5.0,4.0,doubt_solving,positive
Shana Levin ,Psychology department,5.0,4.0,subject_difficulty,positive
Shana Levin ,Psychology department,5.0,2.0,explanation_clarity,positive
Shana Levin ,Psychology department,5.0,2.0,faculty_availability,positive
Shana Levin ,Psychology department,5.0,4.0,explanation_clarity,neutral
Shana Levin ,Psychology department,5.0,4.0,doubt_solving,neutral
Shana Levin ,Psychology department,5.0,4.0,study_material,neutral
Shana Levin ,Psychology department,5.0,4.0,practical_sessions,neutral
Shana Levin ,Psychology department,5.0,4.0,faculty_availability,neutral
Shana Levin ,Psychology department,5.0,4.0,subject_difficulty,neutral
Shana Levin ,Psychology department,5.0,4.0,explanation_clarity,positive
Shana Levin ,Psychology department,5.0,4.0,doubt_solving,positive
Shana Levin ,Psychology department,5.0,4.0,subject_difficulty,positive
Shana Levin ,Psychology department,2.5,4.0,explanation_clarity,negative
Shana Levin ,Psychology department,2.5,4.0,doubt_solving,negative
Shana Levin ,Psychology department,3.0,5.0,practical_sessions,neutral
Shana Levin ,Psychology department,3.0,5.0,subject_difficulty,neutral
Mario Martelli ,Mathematics department,1.0,4.0,subject_difficulty,neutral
Mario Martelli ,Mathematics department,1.0,4.0,subject_difficulty,neutral
Mario Martelli ,Mathematics department,1.5,5.0,explanation_clarity,negative
Mario Martelli ,Mathematics department,1.5,5.0,teaching_pace,negative
Mario Martelli ,Mathematics department,1.5,5.0,doubt_solving,negative
Mario Martelli ,Mathematics department,5.0,4.0,explanation_clarity,positive
Mario Martelli ,Mathematics department,5.0,4.0,doubt_solving,positive
Mario Martelli ,Mathematics department,5.0,4.0,study_material,positive
Mario Martelli ,Mathematics department,5.0,4.0,faculty_availability,positive
Mario Martelli ,Mathematics department,5.0,4.0,subject_difficulty,positive
Mario Martelli ,Mathematics department,5.0,3.0,doubt_solving,negative
Mario Martelli ,Mathematics department,2.5,3.0,explanation_clarity,negative
Mario Martelli ,Mathematics department,2.5,3.0,practical_sessions,negative
Mario Martelli ,Mathematics department,2.5,3.0,subject_difficulty,negative
Mario Martelli ,Mathematics department,3.5,5.0,explanation_clarity,negative
Mario Martelli ,Mathematics department,3.5,5.0,subject_difficulty,negative
Mario Martelli ,Mathematics department,4.5,4.0,explanation_clarity,positive
Mario Martelli ,Mathematics department,4.5,4.0,doubt_solving,positive
Mario Martelli ,Mathematics department,4.5,4.0,faculty_availability,positive
Mario Martelli ,Mathematics department,4.5,4.0,doubt_solving,negative
Mario Martelli ,Mathematics department,4.5,4.0,practical_sessions,negative
Mario Martelli ,Mathematics department,4.5,3.0,doubt_solving,positive
Mario Martelli ,Mathematics department,4.5,3.0,practical_sessions,positive
Mario Martelli ,Mathematics department,4.5,3.0,faculty_availability,positive
Mario Martelli ,Mathematics department,4.5,3.0,subject_difficulty,positive
Mario Martelli ,Mathematics department,4.5,4.0,subject_difficulty,positive
Mario Martelli ,Mathematics department,5.0,3.0,subject_difficulty,positive
Mario Martelli ,Mathematics department,4.0,4.0,doubt_solving,neutral
Mario Martelli ,Mathematics department,4.0,4.0,subject_difficulty,neutral
Mario Martelli ,Mathematics department,1.5,5.0,explanation_clarity,negative
Mario Martelli ,Mathematics department,1.5,5.0,subject_difficulty,negative
Mario Martelli ,Mathematics department,4.5,5.0,doubt_solving,negative
Mario Martelli ,Mathematics department,4.5,5.0,subject_difficulty,negative
Mario Martelli ,Mathematics department,3.5,5.0,explanation_clarity,positive
Mario Martelli ,Mathematics department,2.0,5.0,explanation_clarity,negative
Mario Martelli ,Mathematics department,2.0,5.0,practical_sessions,negative
Mario Martelli ,Mathematics department,2.0,5.0,subject_difficulty,negative
Mario Martelli ,Mathematics department,3.0,4.0,study_material,positive
Mario Martelli ,Mathematics department,3.0,4.0,practical_sessions,positive
Mario Martelli ,Mathematics department,3.5,3.0,explanation_clarity,negative
Marjorie Charlop-Christy ,Psychology department,5.0,2.0,practical_sessions,negative
Marjorie Charlop-Christy ,Psychology department,5.0,2.0,subject_difficulty,negative
Marjorie Charlop-Christy ,Psychology department,5.0,2.0,practical_sessions,positive
Marjorie Charlop-Christy ,Psychology department,5.0,2.0,subject_difficulty,positive
Marjorie Charlop-Christy ,Psychology department,4.0,1.0,subject_difficulty,positive
Marjorie Charlop-Christy ,Psychology department,3.5,2.0,explanation_clarity,negative
Marjorie Charlop-Christy ,Psychology department,3.5,2.0,practical_sessions,negative
Marjorie Charlop-Christy ,Psychology department,3.5,2.0,practical_sessions,positive
Marjorie Charlop-Christy ,Psychology department,1.5,2.0,explanation_clarity,negative
Marjorie Charlop-Christy ,Psychology department,1.5,2.0,practical_sessions,negative
Marjorie Charlop-Christy ,Psychology department,1.5,2.0,subject_difficulty,negative
Marjorie Charlop-Christy ,Psychology department,1.5,2.0,study_material,negative
Marjorie Charlop-Christy ,Psychology department,1.5,2.0,practical_sessions,negative
Marjorie Charlop-Christy ,Psychology department,1.5,2.0,subject_difficulty,negative
Marjorie Charlop-Christy ,Psychology department,2.0,1.0,study_material,negative
Marjorie Charlop-Christy ,Psychology department,2.0,1.0,faculty_availability,negative
Marjorie Charlop-Christy ,Psychology department,2.0,1.0,subject_difficulty,negative
Marjorie Charlop-Christy ,Psychology department,3.0,2.0,doubt_solving,positive
Marjorie Charlop-Christy ,Psychology department,3.0,2.0,faculty_availability,positive
Marjorie Charlop-Christy ,Psychology department,3.0,2.0,subject_difficulty,positive
Marjorie Charlop-Christy ,Psychology department,2.0,1.0,explanation_clarity,positive
Marjorie Charlop-Christy ,Psychology department,2.0,1.0,subject_difficulty,positive
Marjorie Charlop-Christy ,Psychology department,4.0,1.0,practical_sessions,negative
Marjorie Charlop-Christy ,Psychology department,4.0,1.0,subject_difficulty,negative
Charles Lofgren ,Political Science department,5.0,3.0,explanation_clarity,positive
Charles Lofgren ,Political Science department,5.0,3.0,study_material,positive
Charles Lofgren ,Political Science department,4.5,4.0,doubt_solving,positive
Charles Lofgren ,Political Science department,4.5,4.0,study_material,positive
Charles Lofgren ,Political Science department,4.5,4.0,faculty_availability,positive
Charles Lofgren ,Political Science department,4.5,4.0,subject_difficulty,positive
Charles Lofgren ,Political Science department,3.0,4.0,practical_sessions,negative
Charles Lofgren ,Political Science department,3.0,4.0,subject_difficulty,negative
Charles Lofgren ,Political Science department,2.5,5.0,explanation_clarity,negative
Charles Lofgren ,Political Science department,2.5,5.0,doubt_solving,negative
Charles Lofgren ,Political Science department,2.5,5.0,subject_difficulty,negative
Charles Lofgren ,Political Science department,4.5,4.0,explanation_clarity,negative
Charles Lofgren ,Political Science department,4.5,4.0,doubt_solving,negative
Charles Lofgren ,Political Science department,4.5,4.0,study_material,negative
Charles Lofgren ,Political Science department,1.5,5.0,explanation_clarity,negative
Charles Lofgren ,Political Science department,1.5,5.0,doubt_solving,negative
Charles Lofgren ,Political Science department,1.5,5.0,study_material,negative
Charles Lofgren ,Political Science department,1.5,5.0,subject_difficulty,negative
Charles Lofgren ,Political Science department,2.0,4.0,study_material,positive
Charles Lofgren ,Political Science department,1.5,5.0,study_material,negative
Charles Lofgren ,Political Science department,4.0,5.0,explanation_clarity,negative
Charles Lofgren ,Political Science department,4.0,5.0,study_material,negative
Charles Lofgren ,Political Science department,4.0,5.0,practical_sessions,negative
Charles Lofgren ,Political Science department,4.0,2.0,doubt_solving,positive
Charles Lofgren ,Political Science department,3.5,4.0,explanation_clarity,negative
Charles Lofgren ,Political Science department,3.5,4.0,teaching_pace,negative
Charles Lofgren ,Political Science department,3.5,4.0,doubt_solving,negative
Charles Lofgren ,Political Science department,3.5,4.0,study_material,negative
Charles Lofgren ,Political Science department,3.5,4.0,subject_difficulty,negative
Charles Lofgren ,Political Science department,2.5,5.0,subject_difficulty,positive
Charles Lofgren ,Political Science department,5.0,5.0,doubt_solving,positive
Charles Lofgren ,Political Science department,5.0,5.0,subject_difficulty,positive
Charles Lofgren ,Political Science department,4.0,4.0,doubt_solving,negative
Charles Lofgren ,Political Science department,4.0,4.0,study_material,negative
Charles Lofgren ,Political Science department,1.5,4.0,explanation_clarity,negative
Charles Lofgren ,Political Science department,1.5,4.0,faculty_availability,negative
Kersey Black ,Chemistry department,5.0,4.0,study_material,positive
Kersey Black ,Chemistry department,5.0,4.0,practical_sessions,positive
Kersey Black ,Chemistry department,5.0,4.0,subject_difficulty,positive
Kersey Black ,Chemistry department,1.0,5.0,explanation_clarity,negative
Kersey Black ,Chemistry department,1.0,5.0,study_material,negative
Kersey Black ,Chemistry department,1.0,5.0,practical_sessions,negative
Kersey Black ,Chemistry department,1.0,5.0,explanation_clarity,negative
Kersey Black ,Chemistry department,1.0,5.0,doubt_solving,negative
Kersey Black ,Chemistry department,1.0,5.0,faculty_availability,negative
Kersey Black ,Chemistry department,2.5,5.0,doubt_solving,negative
Kersey Black ,Chemistry department,5.0,4.0,practical_sessions,negative
Kersey Black ,Chemistry department,5.0,4.0,subject_difficulty,negative
Kersey Black ,Chemistry department,4.0,3.0,practical_sessions,positive
Kersey Black ,Chemistry department,4.0,3.0,subject_difficulty,positive
Kersey Black ,Chemistry department,2.0,4.0,doubt_solving,negative
Kersey Black ,Chemistry department,2.0,4.0,faculty_availability,negative
Kersey Black ,Chemistry department,3.5,2.0,explanation_clarity,positive
Kersey Black ,Chemistry department,3.5,2.0,study_material,positive
Kersey Black ,Chemistry department,3.5,2.0,practical_sessions,positive
Kersey Black ,Chemistry department,4.5,2.0,explanation_clarity,neutral
Kersey Black ,Chemistry department,4.5,2.0,practical_sessions,neutral
Kersey Black ,Chemistry department,2.5,4.0,doubt_solving,negative
Kersey Black ,Chemistry department,3.0,4.0,explanation_clarity,negative
Heather Antecol ,Economics department,5.0,3.0,doubt_solving,positive
Heather Antecol ,Economics department,2.0,3.0,explanation_clarity,negative
Heather Antecol ,Economics department,1.0,3.0,explanation_clarity,negative
Heather Antecol ,Economics department,1.0,3.0,study_material,negative
Heather Antecol ,Economics department,1.0,3.0,practical_sessions,negative
Heather Antecol ,Economics department,4.5,3.0,practical_sessions,positive
Heather Antecol ,Economics department,3.5,3.0,study_material,positive
Heather Antecol ,Economics department,3.5,3.0,practical_sessions,positive
Heather Antecol ,Economics department,2.5,3.0,explanation_clarity,negative
Heather Antecol ,Economics department,2.5,3.0,teaching_pace,negative
Heather Antecol ,Economics department,2.0,3.0,explanation_clarity,negative
Heather Antecol ,Economics department,2.0,3.0,teaching_pace,negative
Heather Antecol ,Economics department,2.5,1.0,explanation_clarity,negative
Heather Antecol ,Economics department,2.5,1.0,subject_difficulty,negative
Heather Antecol ,Economics department,4.5,2.0,doubt_solving,positive
Heather Antecol ,Economics department,4.5,2.0,study_material,positive
Edward Haley ,Government department,1.0,5.0,explanation_clarity,negative
Edward Haley ,Government department,1.5,5.0,study_material,negative
Edward Haley ,Government department,1.5,5.0,faculty_availability,negative
Edward Haley ,Government department,1.5,5.0,subject_difficulty,negative
Edward Haley ,Government department,4.0,5.0,explanation_clarity,positive
Edward Haley ,Government department,4.0,5.0,doubt_solving,positive
Edward Haley ,Government department,4.0,5.0,study_material,positive
Edward Haley ,Government department,4.0,5.0,faculty_availability,positive
Edward Haley ,Government department,3.5,4.0,doubt_solving,positive
Edward Haley ,Government department,3.5,4.0,faculty_availability,positive
Edward Haley ,Government department,3.0,5.0,study_material,positive
Edward Haley ,Government department,3.0,5.0,subject_difficulty,positive
Edward Haley ,Government department,4.5,5.0,explanation_clarity,positive
Edward Haley ,Government department,4.5,5.0,doubt_solving,positive
Edward Haley ,Government department,2.5,5.0,doubt_solving,negative
Edward Haley ,Government department,2.5,5.0,study_material,negative
Edward Haley ,Government department,2.5,5.0,subject_difficulty,negative
Edward Haley ,Government department,1.5,5.0,explanation_clarity,negative
Edward Haley ,Government department,1.5,5.0,doubt_solving,negative
Edward Haley ,Government department,1.5,5.0,faculty_availability,negative
Edward Haley ,Government department,4.0,4.0,doubt_solving,positive
Edward Haley ,Government department,4.0,4.0,study_material,positive
Edward Haley ,Government department,4.0,4.0,faculty_availability,positive
Edward Haley ,Government department,2.0,4.0,explanation_clarity,negative
Edward Haley ,Government department,2.0,4.0,doubt_solving,negative
Edward Haley ,Government department,3.0,3.0,study_material,positive
Edward Haley ,Government department,4.0,4.0,subject_difficulty,positive
Edward Haley ,Government department,3.5,3.0,explanation_clarity,negative
Edward Haley ,Government department,3.5,3.0,doubt_solving,negative
Edward Haley ,Government department,2.5,3.0,explanation_clarity,negative
Edward Haley ,Government department,2.5,3.0,study_material,negative
Edward Haley ,Government department,2.5,3.0,practical_sessions,negative
Edward Haley ,Government department,5.0,4.0,subject_difficulty,positive
Edward Haley ,Government department,5.0,5.0,subject_difficulty,positive
Edward Haley ,Government department,3.5,4.0,explanation_clarity,negative
Edward Haley ,Government department,3.5,4.0,study_material,negative
Edward Haley ,Government department,3.5,4.0,subject_difficulty,negative
Edward Haley ,Government department,5.0,4.0,subject_difficulty,positive
Edward Haley ,Government department,1.5,5.0,study_material,positive
Gerald Bradley ,Mathematics department,1.0,3.0,explanation_clarity,negative
Gerald Bradley ,Mathematics department,1.0,3.0,doubt_solving,negative
Gerald Bradley ,Mathematics department,1.0,3.0,subject_difficulty,negative
Gerald Bradley ,Mathematics department,1.0,5.0,explanation_clarity,negative
Gerald Bradley ,Mathematics department,1.0,5.0,doubt_solving,negative
Gerald Bradley ,Mathematics department,1.0,5.0,practical_sessions,negative
Gerald Bradley ,Mathematics department,1.0,5.0,faculty_availability,negative
Gerald Bradley ,Mathematics department,3.0,2.0,doubt_solving,positive
Gerald Bradley ,Mathematics department,3.0,2.0,practical_sessions,positive
Gerald Bradley ,Mathematics department,3.0,2.0,subject_difficulty,positive
Gerald Bradley ,Mathematics department,1.5,4.0,explanation_clarity,positive
Gerald Bradley ,Mathematics department,1.5,4.0,teaching_pace,positive
Gerald Bradley ,Mathematics department,1.5,4.0,doubt_solving,positive
Gerald Bradley ,Mathematics department,1.5,4.0,practical_sessions,positive
Gerald Bradley ,Mathematics department,1.5,4.0,subject_difficulty,positive
Gerald Bradley ,Mathematics department,3.5,4.0,explanation_clarity,neutral
Gerald Bradley ,Mathematics department,3.5,4.0,study_material,neutral
Gerald Bradley ,Mathematics department,3.5,4.0,practical_sessions,neutral
Gerald Bradley ,Mathematics department,3.5,4.0,subject_difficulty,neutral
Gerald Bradley ,Mathematics department,3.5,1.0,explanation_clarity,negative
Gerald Bradley ,Mathematics department,3.5,1.0,study_material,negative
Gerald Bradley ,Mathematics department,3.5,1.0,practical_sessions,negative
Gerald Bradley ,Mathematics department,3.5,3.0,doubt_solving,negative
Gerald Bradley ,Mathematics department,3.5,3.0,practical_sessions,negative
Gerald Bradley ,Mathematics department,3.5,3.0,subject_difficulty,negative
Gerald Bradley ,Mathematics department,5.0,2.0,practical_sessions,positive
Gerald Bradley ,Mathematics department,5.0,2.0,subject_difficulty,positive
Gerald Bradley ,Mathematics department,3.5,1.0,doubt_solving,negative
Gerald Bradley ,Mathematics department,3.5,1.0,faculty_availability,negative
Gerald Bradley ,Mathematics department,4.5,1.0,explanation_clarity,positive
Gerald Bradley ,Mathematics department,4.5,1.0,doubt_solving,positive
Gerald Bradley ,Mathematics department,4.5,1.0,study_material,positive
Gerald Bradley ,Mathematics department,4.5,1.0,practical_sessions,positive
Gerald Bradley ,Mathematics department,4.5,1.0,faculty_availability,positive
Gerald Bradley ,Mathematics department,4.5,1.0,subject_difficulty,positive
Gerald Bradley ,Mathematics department,5.0,1.0,doubt_solving,positive
Gerald Bradley ,Mathematics department,5.0,1.0,study_material,positive
Gerald Bradley ,Mathematics department,5.0,1.0,subject_difficulty,positive
Gerald Bradley ,Mathematics department,3.0,1.0,explanation_clarity,negative
Gerald Bradley ,Mathematics department,3.0,1.0,teaching_pace,negative
Gerald Bradley ,Mathematics department,3.0,1.0,study_material,negative
Gerald Bradley ,Mathematics department,3.0,1.0,practical_sessions,negative
Gerald Bradley ,Mathematics department,3.0,1.0,subject_difficulty,negative
Gerald Bradley ,Mathematics department,4.0,1.0,doubt_solving,negative
Gerald Bradley ,Mathematics department,4.0,1.0,study_material,negative
Gerald Bradley ,Mathematics department,4.0,1.0,practical_sessions,negative
Gerald Bradley ,Mathematics department,4.0,1.0,faculty_availability,negative
Gerald Bradley ,Mathematics department,4.0,1.0,subject_difficulty,negative
Gerald Bradley ,Mathematics department,4.0,1.0,doubt_solving,positive
Gerald Bradley ,Mathematics department,4.0,1.0,study_material,positive
Gerald Bradley ,Mathematics department,4.0,1.0,practical_sessions,positive
Gerald Bradley ,Mathematics department,4.0,1.0,subject_difficulty,positive
Gerald Bradley ,Mathematics department,3.5,1.0,study_material,positive
Gerald Bradley ,Mathematics department,3.5,1.0,practical_sessions,positive
Gerald Bradley ,Mathematics department,3.5,1.0,subject_difficulty,positive
Gerald Bradley ,Mathematics department,3.0,3.0,explanation_clarity,negative
Gerald Bradley ,Mathematics department,3.0,3.0,practical_sessions,negative
Gerald Bradley ,Mathematics department,3.0,3.0,subject_difficulty,negative
Gerald Bradley ,Mathematics department,2.0,3.0,practical_sessions,negative
Gerald Bradley ,Mathematics department,2.0,3.0,subject_difficulty,negative
Gerald Bradley ,Mathematics department,1.0,4.0,study_material,negative
Gerald Bradley ,Mathematics department,1.0,4.0,practical_sessions,negative
Gerald Bradley ,Mathematics department,4.5,1.0,study_material,positive
Gerald Bradley ,Mathematics department,4.5,1.0,practical_sessions,positive
Gerald Bradley ,Mathematics department,2.5,4.0,study_material,negative
Gerald Bradley ,Mathematics department,4.0,2.0,study_material,positive
Gerald Bradley ,Mathematics department,4.0,2.0,practical_sessions,positive
Gerald Bradley ,Mathematics department,3.0,4.0,explanation_clarity,negative
Gerald Bradley ,Mathematics department,3.0,4.0,doubt_solving,negative
Gerald Bradley ,Mathematics department,3.0,4.0,study_material,negative
Gerald Bradley ,Mathematics department,3.0,4.0,practical_sessions,negative
Gerald Bradley ,Mathematics department,2.5,3.0,doubt_solving,negative
Gerald Bradley ,Mathematics department,2.5,3.0,study_material,negative
Gerald Bradley ,Mathematics department,2.5,3.0,practical_sessions,negative
Gerald Bradley ,Mathematics department,3.0,1.0,study_material,neutral
Gerald Bradley ,Mathematics department,5.0,3.0,faculty_availability,positive
Gerald Bradley ,Mathematics department,3.5,2.0,teaching_pace,negative
Gerald Bradley ,Mathematics department,3.5,2.0,doubt_solving,negative
Gerald Bradley ,Mathematics department,3.5,2.0,practical_sessions,negative
Gerald Bradley ,Mathematics department,3.5,2.0,subject_difficulty,negative
Gerald Bradley ,Mathematics department,3.0,2.0,explanation_clarity,positive
Gerald Bradley ,Mathematics department,3.0,2.0,practical_sessions,positive
Gerald Bradley ,Mathematics department,3.0,2.0,subject_difficulty,positive
Gerald Bradley ,Mathematics department,4.0,3.0,explanation_clarity,positive
Gerald Bradley ,Mathematics department,4.0,3.0,doubt_solving,positive
Gerald Bradley ,Mathematics department,4.0,3.0,practical_sessions,positive
Gerald Bradley ,Mathematics department,4.0,3.0,subject_difficulty,positive
Gerald Bradley ,Mathematics department,2.5,3.0,teaching_pace,negative
Gerald Bradley ,Mathematics department,2.5,3.0,doubt_solving,negative
Gerald Bradley ,Mathematics department,5.0,3.0,explanation_clarity,positive
Gerald Bradley ,Mathematics department,5.0,3.0,doubt_solving,positive
Gerald Bradley ,Mathematics department,5.0,3.0,practical_sessions,positive
Gerald Bradley ,Mathematics department,5.0,3.0,faculty_availability,positive
Gerald Bradley ,Mathematics department,1.0,5.0,explanation_clarity,negative
Gerald Bradley ,Mathematics department,1.0,5.0,study_material,negative
Gerald Bradley ,Mathematics department,5.0,3.0,doubt_solving,positive
Gerald Bradley ,Mathematics department,3.5,1.0,doubt_solving,negative
Gerald Bradley ,Mathematics department,3.5,1.0,practical_sessions,negative
Gerald Bradley ,Mathematics department,3.5,1.0,subject_difficulty,negative
Gerald Bradley ,Mathematics department,3.5,3.0,doubt_solving,negative
Gerald Bradley ,Mathematics department,3.5,3.0,practical_sessions,negative
Gerald Bradley ,Mathematics department,3.0,2.0,doubt_solving,negative
Gerald Bradley ,Mathematics department,3.0,2.0,faculty_availability,negative
Gerald Bradley ,Mathematics department,3.0,2.0,subject_difficulty,negative
Gerald Bradley ,Mathematics department,4.0,3.0,practical_sessions,positive
Gerald Bradley ,Mathematics department,3.0,3.0,study_material,positive
Gerald Bradley ,Mathematics department,3.0,3.0,practical_sessions,positive
Gerald Bradley ,Mathematics department,3.0,3.0,subject_difficulty,positive
Gerald Bradley ,Mathematics department,2.5,3.0,practical_sessions,negative
Gerald Bradley ,Mathematics department,1.5,3.0,doubt_solving,negative
Gerald Bradley ,Mathematics department,1.5,3.0,study_material,negative
Gerald Bradley ,Mathematics department,1.5,3.0,practical_sessions,negative
Gerald Bradley ,Mathematics department,1.5,3.0,subject_difficulty,negative
Gerald Bradley ,Mathematics department,2.5,3.0,doubt_solving,negative
Gerald Bradley ,Mathematics department,2.5,3.0,study_material,negative
Gerald Bradley ,Mathematics department,2.5,3.0,practical_sessions,negative
Gerald Bradley ,Mathematics department,2.5,3.0,subject_difficulty,negative
Gerald Bradley ,Mathematics department,4.0,3.0,explanation_clarity,positive
Gerald Bradley ,Mathematics department,4.0,3.0,study_material,positive
Gerald Bradley ,Mathematics department,4.0,3.0,practical_sessions,positive
Gerald Bradley ,Mathematics department,4.0,3.0,subject_difficulty,positive
Gerald Bradley ,Mathematics department,4.5,2.0,explanation_clarity,negative
Gerald Bradley ,Mathematics department,4.5,2.0,practical_sessions,negative
Gerald Bradley ,Mathematics department,1.0,4.0,explanation_clarity,negative
Gerald Bradley ,Mathematics department,1.0,4.0,doubt_solving,negative
Gerald Bradley ,Mathematics department,1.0,4.0,study_material,negative
Marc Weidenmier ,Economics department,2.0,2.0,explanation_clarity,negative
Marc Weidenmier ,Economics department,2.0,2.0,doubt_solving,negative
Marc Weidenmier ,Economics department,2.0,2.0,practical_sessions,negative
Marc Weidenmier ,Economics department,2.0,2.0,faculty_availability,negative
Marc Weidenmier ,Economics department,2.0,2.0,subject_difficulty,negative
Marc Weidenmier ,Economics department,4.5,1.0,doubt_solving,positive
Marc Weidenmier ,Economics department,4.5,1.0,study_material,positive
Marc Weidenmier ,Economics department,4.5,1.0,practical_sessions,positive
Marc Weidenmier ,Economics department,2.5,5.0,doubt_solving,negative
Marc Weidenmier ,Economics department,2.5,5.0,practical_sessions,negative
Marc Weidenmier ,Economics department,2.5,5.0,subject_difficulty,negative
Marc Weidenmier ,Economics department,2.5,5.0,doubt_solving,negative
Marc Weidenmier ,Economics department,2.5,5.0,study_material,negative
Marc Weidenmier ,Economics department,2.5,5.0,practical_sessions,negative
Marc Weidenmier ,Economics department,2.5,5.0,subject_difficulty,negative
Marc Weidenmier ,Economics department,4.5,5.0,doubt_solving,negative
Marc Weidenmier ,Economics department,4.5,5.0,study_material,negative
Marc Weidenmier ,Economics department,4.5,5.0,practical_sessions,negative
Marc Weidenmier ,Economics department,4.5,5.0,subject_difficulty,negative
Marc Weidenmier ,Economics department,4.5,2.0,doubt_solving,positive
Marc Weidenmier ,Economics department,4.5,2.0,study_material,positive
Marc Weidenmier ,Economics department,4.5,2.0,practical_sessions,positive
Marc Weidenmier ,Economics department,4.5,2.0,subject_difficulty,positive
Marc Weidenmier ,Economics department,5.0,3.0,explanation_clarity,positive
Marc Weidenmier ,Economics department,5.0,3.0,teaching_pace,positive
Marc Weidenmier ,Economics department,5.0,3.0,doubt_solving,positive
Marc Weidenmier ,Economics department,5.0,3.0,explanation_clarity,positive
Marc Weidenmier ,Economics department,1.5,4.0,doubt_solving,negative
Marc Weidenmier ,Economics department,1.5,4.0,practical_sessions,negative
Marc Weidenmier ,Economics department,1.5,4.0,subject_difficulty,negative
Marc Weidenmier ,Economics department,4.5,4.0,practical_sessions,positive
Marc Weidenmier ,Economics department,4.5,4.0,subject_difficulty,positive
Marc Weidenmier ,Economics department,3.0,4.0,teaching_pace,positive
Marc Weidenmier ,Economics department,3.0,4.0,practical_sessions,positive
Marc Weidenmier ,Economics department,3.0,4.0,subject_difficulty,positive
Marc Weidenmier ,Economics department,4.5,3.0,explanation_clarity,positive
Marc Weidenmier ,Economics department,4.5,3.0,doubt_solving,positive
Marc Weidenmier ,Economics department,1.0,3.0,practical_sessions,negative
Marc Weidenmier ,Economics department,3.5,2.0,explanation_clarity,positive
Marc Weidenmier ,Economics department,3.5,2.0,practical_sessions,positive
Marc Weidenmier ,Economics department,3.5,2.0,subject_difficulty,positive
Reed Gratz ,History department,5.0,4.0,faculty_availability,positive
Reed Gratz ,History department,5.0,4.0,subject_difficulty,positive
Reed Gratz ,History department,5.0,2.0,doubt_solving,positive
Reed Gratz ,History department,3.0,4.0,practical_sessions,negative
Reed Gratz ,History department,3.0,4.0,subject_difficulty,negative
Reed Gratz ,History department,3.0,1.0,subject_difficulty,negative
Janet Smith ,Economics department,4.0,3.0,explanation_clarity,neutral
Janet Smith ,Economics department,4.0,3.0,study_material,neutral
Janet Smith ,Economics department,4.0,3.0,practical_sessions,neutral
Janet Smith ,Economics department,4.0,3.0,subject_difficulty,neutral
Janet Smith ,Economics department,5.0,2.0,explanation_clarity,positive
Janet Smith ,Economics department,5.0,2.0,study_material,positive
Janet Smith ,Economics department,5.0,2.0,practical_sessions,positive
Janet Smith ,Economics department,5.0,2.0,explanation_clarity,positive
Janet Smith ,Economics department,5.0,2.0,doubt_solving,positive
Audrey Bilger ,Literature department,5.0,4.0,doubt_solving,positive
Audrey Bilger ,Literature department,5.0,4.0,study_material,positive
Audrey Bilger ,Literature department,5.0,4.0,practical_sessions,positive
Audrey Bilger ,Literature department,5.0,4.0,doubt_solving,positive
Audrey Bilger ,Literature department,5.0,4.0,practical_sessions,positive
Audrey Bilger ,Literature department,5.0,3.0,doubt_solving,positive
Audrey Bilger ,Literature department,5.0,3.0,study_material,positive
Audrey Bilger ,Literature department,5.0,4.0,doubt_solving,positive
Audrey Bilger ,Literature department,4.0,4.0,study_material,positive
Audrey Bilger ,Literature department,5.0,3.0,doubt_solving,positive
Audrey Bilger ,Literature department,5.0,3.0,study_material,positive
Audrey Bilger ,Literature department,5.0,3.0,faculty_availability,positive
Audrey Bilger ,Literature department,5.0,4.0,subject_difficulty,positive
Audrey Bilger ,Literature department,1.5,3.0,subject_difficulty,negative
Audrey Bilger ,Literature department,5.0,4.0,doubt_solving,positive
Audrey Bilger ,Literature department,5.0,4.0,faculty_availability,positive
Audrey Bilger ,Literature department,5.0,4.0,subject_difficulty,positive
Audrey Bilger ,Literature department,5.0,3.0,doubt_solving,positive
Audrey Bilger ,Literature department,5.0,3.0,faculty_availability,positive
Audrey Bilger ,Literature department,5.0,4.0,study_material,positive
Audrey Bilger ,Literature department,4.5,3.0,doubt_solving,positive
Audrey Bilger ,Literature department,4.5,3.0,study_material,positive
Audrey Bilger ,Literature department,5.0,3.0,doubt_solving,positive
Audrey Bilger ,Literature department,5.0,3.0,doubt_solving,positive
James Pinter-Lucke ,Mathematics department,1.5,4.0,explanation_clarity,negative
James Pinter-Lucke ,Mathematics department,1.5,4.0,practical_sessions,negative
James Pinter-Lucke ,Mathematics department,2.5,1.0,subject_difficulty,positive
James Pinter-Lucke ,Mathematics department,1.5,1.0,practical_sessions,negative
James Pinter-Lucke ,Mathematics department,1.5,1.0,subject_difficulty,negative
James Pinter-Lucke ,Mathematics department,1.5,4.0,explanation_clarity,negative
James Pinter-Lucke ,Mathematics department,1.5,4.0,doubt_solving,negative
James Pinter-Lucke ,Mathematics department,1.5,4.0,study_material,negative
James Pinter-Lucke ,Mathematics department,1.5,4.0,practical_sessions,negative
James Pinter-Lucke ,Mathematics department,1.5,4.0,faculty_availability,negative
James Pinter-Lucke ,Mathematics department,1.0,3.0,explanation_clarity,neutral
James Pinter-Lucke ,Mathematics department,2.5,5.0,study_material,negative
James Pinter-Lucke ,Mathematics department,2.5,5.0,practical_sessions,negative
James Pinter-Lucke ,Mathematics department,2.5,5.0,subject_difficulty,negative
James Pinter-Lucke ,Mathematics department,2.0,4.0,doubt_solving,negative
James Pinter-Lucke ,Mathematics department,2.0,4.0,practical_sessions,negative
James Pinter-Lucke ,Mathematics department,2.0,4.0,faculty_availability,negative
James Pinter-Lucke ,Mathematics department,2.0,4.0,subject_difficulty,negative
James Pinter-Lucke ,Mathematics department,2.0,3.0,explanation_clarity,neutral
James Pinter-Lucke ,Mathematics department,2.0,3.0,doubt_solving,neutral
James Pinter-Lucke ,Mathematics department,2.0,3.0,practical_sessions,neutral
James Pinter-Lucke ,Mathematics department,2.0,3.0,subject_difficulty,neutral
James Pinter-Lucke ,Mathematics department,1.0,5.0,explanation_clarity,negative
James Pinter-Lucke ,Mathematics department,1.0,5.0,study_material,negative
James Pinter-Lucke ,Mathematics department,1.0,5.0,subject_difficulty,negative
James Pinter-Lucke ,Mathematics department,2.0,5.0,explanation_clarity,negative
James Pinter-Lucke ,Mathematics department,2.0,5.0,study_material,negative
James Pinter-Lucke ,Mathematics department,2.0,5.0,subject_difficulty,negative
James Pinter-Lucke ,Mathematics department,2.0,4.0,explanation_clarity,negative
James Pinter-Lucke ,Mathematics department,2.0,4.0,practical_sessions,negative
James Pinter-Lucke ,Mathematics department,2.5,2.0,explanation_clarity,neutral
James Pinter-Lucke ,Mathematics department,2.5,2.0,practical_sessions,neutral
James Pinter-Lucke ,Mathematics department,4.0,2.0,explanation_clarity,positive
James Pinter-Lucke ,Mathematics department,4.0,2.0,subject_difficulty,positive
James Pinter-Lucke ,Mathematics department,2.0,4.0,doubt_solving,negative
James Pinter-Lucke ,Mathematics department,2.0,4.0,practical_sessions,negative
James Pinter-Lucke ,Mathematics department,2.0,4.0,faculty_availability,negative
James Pinter-Lucke ,Mathematics department,1.0,5.0,practical_sessions,negative
Mary Hatcher-Skeers ,Chemistry department,4.0,3.0,explanation_clarity,neutral
Mary Hatcher-Skeers ,Chemistry department,4.0,3.0,teaching_pace,neutral
Mary Hatcher-Skeers ,Chemistry department,4.0,3.0,doubt_solving,neutral
Mary Hatcher-Skeers ,Chemistry department,4.0,3.0,faculty_availability,neutral
Mary Hatcher-Skeers ,Chemistry department,5.0,5.0,explanation_clarity,positive
Mary Hatcher-Skeers ,Chemistry department,5.0,5.0,teaching_pace,positive
Mary Hatcher-Skeers ,Chemistry department,5.0,5.0,study_material,positive
Mary Hatcher-Skeers ,Chemistry department,5.0,5.0,practical_sessions,positive
Mary Hatcher-Skeers ,Chemistry department,5.0,5.0,subject_difficulty,positive
Mary Hatcher-Skeers ,Chemistry department,5.0,5.0,explanation_clarity,positive
Mary Hatcher-Skeers ,Chemistry department,5.0,5.0,teaching_pace,positive
Mary Hatcher-Skeers ,Chemistry department,5.0,5.0,doubt_solving,positive
Mary Hatcher-Skeers ,Chemistry department,5.0,5.0,study_material,positive
Mary Hatcher-Skeers ,Chemistry department,5.0,4.0,explanation_clarity,positive
Mary Hatcher-Skeers ,Chemistry department,5.0,4.0,practical_sessions,positive
Mary Hatcher-Skeers ,Chemistry department,5.0,4.0,subject_difficulty,positive
Mary Hatcher-Skeers ,Chemistry department,4.0,5.0,teaching_pace,positive
Mary Hatcher-Skeers ,Chemistry department,4.0,5.0,practical_sessions,positive
Mary Hatcher-Skeers ,Chemistry department,4.0,5.0,subject_difficulty,negative
Mary Hatcher-Skeers ,Chemistry department,4.5,3.0,subject_difficulty,negative
Mary Hatcher-Skeers ,Chemistry department,4.5,4.0,explanation_clarity,positive
Mary Hatcher-Skeers ,Chemistry department,3.0,4.0,practical_sessions,positive
Mary Hatcher-Skeers ,Chemistry department,3.0,4.0,subject_difficulty,positive
Mary Hatcher-Skeers ,Chemistry department,3.5,4.0,study_material,positive
Mary Hatcher-Skeers ,Chemistry department,3.5,4.0,practical_sessions,positive
Mary Hatcher-Skeers ,Chemistry department,3.5,4.0,subject_difficulty,positive
Arthur Rosenbaum ,History department,5.0,3.0,doubt_solving,positive
Arthur Rosenbaum ,History department,5.0,3.0,study_material,positive
Arthur Rosenbaum ,History department,5.0,3.0,practical_sessions,positive
Arthur Rosenbaum ,History department,2.0,4.0,explanation_clarity,negative
Arthur Rosenbaum ,History department,2.0,4.0,study_material,negative
Arthur Rosenbaum ,History department,2.5,2.0,practical_sessions,negative
Arthur Rosenbaum ,History department,1.0,2.0,explanation_clarity,negative
Arthur Rosenbaum ,History department,1.0,2.0,doubt_solving,negative
Arthur Rosenbaum ,History department,1.0,2.0,study_material,negative
Arthur Rosenbaum ,History department,4.5,3.0,explanation_clarity,positive
Arthur Rosenbaum ,History department,4.5,3.0,study_material,positive
Arthur Rosenbaum ,History department,4.5,3.0,subject_difficulty,positive
Arthur Rosenbaum ,History department,4.0,2.0,explanation_clarity,positive
Arthur Rosenbaum ,History department,4.0,2.0,doubt_solving,positive
Arthur Rosenbaum ,History department,4.0,2.0,study_material,positive
Arthur Rosenbaum ,History department,4.0,3.0,study_material,positive
Arthur Rosenbaum ,History department,4.0,3.0,subject_difficulty,positive
Arthur Rosenbaum ,History department,3.5,4.0,study_material,negative
Arthur Rosenbaum ,History department,3.0,3.0,explanation_clarity,positive
Arthur Rosenbaum ,History department,3.0,3.0,study_material,neutral
Arthur Rosenbaum ,History department,3.0,3.0,subject_difficulty,neutral
Arthur Rosenbaum ,History department,1.0,3.0,doubt_solving,negative
Arthur Rosenbaum ,History department,1.0,3.0,faculty_availability,negative
Arthur Rosenbaum ,History department,4.5,2.0,study_material,positive
Arthur Rosenbaum ,History department,5.0,4.0,subject_difficulty,positive
Arthur Rosenbaum ,History department,5.0,2.0,doubt_solving,positive
Arthur Rosenbaum ,History department,5.0,2.0,study_material,positive
Arthur Rosenbaum ,History department,4.5,2.0,subject_difficulty,positive
Arthur Rosenbaum ,History department,3.5,3.0,doubt_solving,positive
Donald McFarlane ,Biology department,5.0,2.0,practical_sessions,positive
Donald McFarlane ,Biology department,5.0,2.0,subject_difficulty,positive
Donald McFarlane ,Biology department,5.0,2.0,explanation_clarity,positive
Donald McFarlane ,Biology department,5.0,2.0,practical_sessions,positive
Donald McFarlane ,Biology department,4.5,2.0,explanation_clarity,positive
Donald McFarlane ,Biology department,4.5,2.0,study_material,positive
Donald McFarlane ,Biology department,4.5,2.0,practical_sessions,positive
Donald McFarlane ,Biology department,5.0,1.0,subject_difficulty,positive
Robin Justice ,Biology department,5.0,4.0,explanation_clarity,positive
Robin Justice ,Biology department,5.0,4.0,doubt_solving,positive
Robin Justice ,Biology department,5.0,3.0,doubt_solving,positive
Robin Justice ,Biology department,5.0,3.0,practical_sessions,positive
Robin Justice ,Biology department,3.5,2.0,explanation_clarity,positive
Robin Justice ,Biology department,3.5,2.0,practical_sessions,positive
Robin Justice ,Biology department,1.0,3.0,explanation_clarity,negative
Robin Justice ,Biology department,2.5,4.0,explanation_clarity,negative
Robin Justice ,Biology department,5.0,3.0,doubt_solving,positive
Robin Justice ,Biology department,5.0,3.0,study_material,positive
Robin Justice ,Biology department,5.0,3.0,practical_sessions,positive
Robin Justice ,Biology department,5.0,4.0,doubt_solving,positive
Jefferson Huang ,Philosophy department,5.0,2.0,study_material,positive
Jefferson Huang ,Philosophy department,5.0,2.0,subject_difficulty,positive
Jefferson Huang ,Philosophy department,5.0,1.0,explanation_clarity,positive
Jefferson Huang ,Philosophy department,5.0,1.0,subject_difficulty,positive
Jefferson Huang ,Philosophy department,4.5,2.0,study_material,positive
Jefferson Huang ,Philosophy department,4.5,2.0,practical_sessions,positive
Jefferson Huang ,Philosophy department,4.5,2.0,subject_difficulty,positive
Jefferson Huang ,Philosophy department,5.0,1.0,teaching_pace,positive
Jefferson Huang ,Philosophy department,5.0,1.0,practical_sessions,positive
Jefferson Huang ,Philosophy department,5.0,1.0,subject_difficulty,positive
Jefferson Huang ,Philosophy department,4.0,1.0,practical_sessions,positive
Jefferson Huang ,Philosophy department,4.0,1.0,subject_difficulty,positive
Joshua Rosett ,Economics department,3.0,4.0,study_material,negative
Joshua Rosett ,Economics department,3.0,4.0,practical_sessions,negative
Joshua Rosett ,Economics department,3.0,4.0,subject_difficulty,negative
Joshua Rosett ,Economics department,4.0,4.0,explanation_clarity,positive
Joshua Rosett ,Economics department,4.0,4.0,practical_sessions,positive
Joshua Rosett ,Economics department,3.5,4.0,explanation_clarity,negative
Joshua Rosett ,Economics department,3.5,4.0,study_material,negative
Joshua Rosett ,Economics department,3.5,4.0,practical_sessions,negative
Joshua Rosett ,Economics department,3.5,4.0,subject_difficulty,negative
Joshua Rosett ,Economics department,3.0,4.0,explanation_clarity,negative
Joshua Rosett ,Economics department,3.0,4.0,practical_sessions,negative
Joshua Rosett ,Economics department,2.5,3.0,study_material,negative
Joshua Rosett ,Economics department,2.5,3.0,practical_sessions,negative
Joshua Rosett ,Economics department,5.0,4.0,doubt_solving,positive
Joshua Rosett ,Economics department,3.5,3.0,explanation_clarity,negative
Joshua Rosett ,Economics department,3.5,3.0,doubt_solving,negative
Joshua Rosett ,Economics department,3.5,3.0,study_material,negative
Joshua Rosett ,Economics department,3.5,3.0,practical_sessions,negative
Joshua Rosett ,Economics department,4.5,4.0,practical_sessions,positive
Joshua Rosett ,Economics department,4.5,4.0,subject_difficulty,positive
Joshua Rosett ,Economics department,2.5,4.0,doubt_solving,negative
Joshua Rosett ,Economics department,2.5,4.0,study_material,negative
Joshua Rosett ,Economics department,2.5,4.0,practical_sessions,negative
Joshua Rosett ,Economics department,1.0,4.0,doubt_solving,neutral
Joshua Rosett ,Economics department,1.0,4.0,study_material,negative
Joshua Rosett ,Economics department,1.0,4.0,subject_difficulty,negative
Joshua Rosett ,Economics department,1.5,4.0,explanation_clarity,negative
Cheryl Peterson ,Mathematics department,4.5,4.0,doubt_solving,positive
Cheryl Peterson ,Mathematics department,4.5,4.0,study_material,positive
Cheryl Peterson ,Mathematics department,4.5,4.0,faculty_availability,positive
Cheryl Peterson ,Mathematics department,1.0,5.0,explanation_clarity,negative
Cheryl Peterson ,Mathematics department,1.0,5.0,practical_sessions,negative
Cheryl Peterson ,Mathematics department,1.0,5.0,subject_difficulty,negative
Cheryl Peterson ,Mathematics department,1.0,3.0,practical_sessions,negative
Cheryl Peterson ,Mathematics department,4.0,3.0,study_material,positive
Cheryl Peterson ,Mathematics department,4.0,3.0,practical_sessions,positive
Cheryl Peterson ,Mathematics department,4.0,3.0,subject_difficulty,positive
Cheryl Peterson ,Mathematics department,1.0,3.0,practical_sessions,negative
Cheryl Peterson ,Mathematics department,1.0,3.0,subject_difficulty,negative
Cheryl Peterson ,Mathematics department,2.0,3.0,subject_difficulty,neutral
Cheryl Peterson ,Mathematics department,1.5,3.0,explanation_clarity,negative
Cheryl Peterson ,Mathematics department,1.5,3.0,practical_sessions,negative
Cheryl Peterson ,Mathematics department,1.5,3.0,subject_difficulty,negative
Cheryl Peterson ,Mathematics department,2.0,3.0,explanation_clarity,negative
Cheryl Peterson ,Mathematics department,2.0,3.0,doubt_solving,negative
Cheryl Peterson ,Mathematics department,2.0,3.0,study_material,negative
Cheryl Peterson ,Mathematics department,2.0,3.0,practical_sessions,negative
Cheryl Peterson ,Mathematics department,2.0,3.0,subject_difficulty,negative
Cheryl Peterson ,Mathematics department,4.0,1.0,doubt_solving,positive
Cheryl Peterson ,Mathematics department,4.0,1.0,practical_sessions,positive
Cheryl Peterson ,Mathematics department,4.0,1.0,faculty_availability,positive
Cheryl Peterson ,Mathematics department,4.0,1.0,subject_difficulty,positive
Cheryl Peterson ,Mathematics department,3.0,2.0,study_material,negative
Cheryl Peterson ,Mathematics department,3.0,2.0,subject_difficulty,negative
Cheryl Peterson ,Mathematics department,2.0,2.0,practical_sessions,negative
Cheryl Peterson ,Mathematics department,2.0,2.0,subject_difficulty,negative
Cheryl Peterson ,Mathematics department,5.0,2.0,doubt_solving,positive
Cheryl Peterson ,Mathematics department,5.0,2.0,practical_sessions,positive
Cheryl Peterson ,Mathematics department,5.0,2.0,faculty_availability,positive
Cheryl Peterson ,Mathematics department,5.0,2.0,subject_difficulty,positive
Cheryl Peterson ,Mathematics department,1.0,4.0,doubt_solving,negative
Cheryl Peterson ,Mathematics department,1.0,4.0,practical_sessions,negative
Cheryl Peterson ,Mathematics department,1.5,2.0,explanation_clarity,negative
Cheryl Peterson ,Mathematics department,1.5,2.0,doubt_solving,negative
Cheryl Peterson ,Mathematics department,1.5,2.0,faculty_availability,negative
Cheryl Peterson ,Mathematics department,3.0,2.0,explanation_clarity,positive
Cheryl Peterson ,Mathematics department,3.0,2.0,doubt_solving,positive
Cheryl Peterson ,Mathematics department,3.0,2.0,practical_sessions,positive
Cheryl Peterson ,Mathematics department,3.0,2.0,faculty_availability,positive
Cheryl Peterson ,Mathematics department,3.0,2.0,subject_difficulty,positive
Cheryl Peterson ,Mathematics department,3.0,3.0,subject_difficulty,positive
Cheryl Peterson ,Mathematics department,2.0,2.0,explanation_clarity,negative
Cheryl Peterson ,Mathematics department,2.0,2.0,subject_difficulty,negative
Cheryl Peterson ,Mathematics department,3.0,3.0,doubt_solving,negative
Cheryl Peterson ,Mathematics department,4.5,2.0,doubt_solving,positive
Cheryl Peterson ,Mathematics department,4.5,2.0,study_material,positive
Cheryl Peterson ,Mathematics department,4.5,2.0,practical_sessions,positive
Cheryl Peterson ,Mathematics department,5.0,2.0,explanation_clarity,positive
Cheryl Peterson ,Mathematics department,5.0,2.0,doubt_solving,positive
Cheryl Peterson ,Mathematics department,5.0,2.0,study_material,positive
Cheryl Peterson ,Mathematics department,5.0,2.0,faculty_availability,positive
Cheryl Peterson ,Mathematics department,1.5,5.0,explanation_clarity,negative
Cheryl Peterson ,Mathematics department,1.5,5.0,study_material,negative
Marion Preest ,Biology department,1.0,5.0,practical_sessions,negative
Marion Preest ,Biology department,5.0,3.0,explanation_clarity,positive
Marion Preest ,Biology department,5.0,3.0,practical_sessions,positive
Marion Preest ,Biology department,5.0,3.0,faculty_availability,positive
Marion Preest ,Biology department,3.5,4.0,doubt_solving,neutral
Marion Preest ,Biology department,3.5,4.0,study_material,neutral
Marion Preest ,Biology department,3.5,4.0,practical_sessions,neutral
Marion Preest ,Biology department,3.5,4.0,faculty_availability,neutral
Marion Preest ,Biology department,3.5,4.0,subject_difficulty,neutral
Marion Preest ,Biology department,4.0,3.0,explanation_clarity,positive
Marion Preest ,Biology department,4.0,3.0,practical_sessions,positive
Marion Preest ,Biology department,4.0,3.0,subject_difficulty,positive
Marion Preest ,Biology department,4.5,4.0,study_material,positive
Marion Preest ,Biology department,4.5,4.0,practical_sessions,positive
Marion Preest ,Biology department,3.5,3.0,explanation_clarity,positive
Marion Preest ,Biology department,3.5,3.0,doubt_solving,positive
Marion Preest ,Biology department,3.5,3.0,study_material,positive
Marion Preest ,Biology department,3.5,3.0,practical_sessions,positive
Marion Preest ,Biology department,3.5,3.0,subject_difficulty,positive
Marion Preest ,Biology department,3.5,3.0,explanation_clarity,neutral
Marion Preest ,Biology department,3.5,3.0,practical_sessions,neutral
Marion Preest ,Biology department,3.5,3.0,subject_difficulty,neutral
Gretchen Edwalds-Gilbert ,Biology department,5.0,2.0,explanation_clarity,positive
Gretchen Edwalds-Gilbert ,Biology department,1.5,5.0,explanation_clarity,negative
Gretchen Edwalds-Gilbert ,Biology department,1.5,5.0,study_material,negative
Gretchen Edwalds-Gilbert ,Biology department,1.5,5.0,subject_difficulty,negative
Gretchen Edwalds-Gilbert ,Biology department,3.0,5.0,study_material,negative
Gretchen Edwalds-Gilbert ,Biology department,3.0,5.0,practical_sessions,negative
Gretchen Edwalds-Gilbert ,Biology department,3.0,5.0,subject_difficulty,negative
Gretchen Edwalds-Gilbert ,Biology department,3.0,4.0,explanation_clarity,negative
Gretchen Edwalds-Gilbert ,Biology department,3.0,4.0,study_material,negative
Gretchen Edwalds-Gilbert ,Biology department,3.0,4.0,practical_sessions,negative
Gretchen Edwalds-Gilbert ,Biology department,3.0,4.0,subject_difficulty,negative
Gretchen Edwalds-Gilbert ,Biology department,3.5,3.0,explanation_clarity,neutral
Gretchen Edwalds-Gilbert ,Biology department,3.5,3.0,practical_sessions,neutral
Gretchen Edwalds-Gilbert ,Biology department,2.0,3.0,explanation_clarity,negative
Gretchen Edwalds-Gilbert ,Biology department,2.0,3.0,study_material,negative
Gretchen Edwalds-Gilbert ,Biology department,2.0,3.0,practical_sessions,negative
Gretchen Edwalds-Gilbert ,Biology department,2.0,3.0,subject_difficulty,negative
Gretchen Edwalds-Gilbert ,Biology department,3.5,2.0,explanation_clarity,positive
Gretchen Edwalds-Gilbert ,Biology department,3.5,2.0,doubt_solving,positive
Gretchen Edwalds-Gilbert ,Biology department,3.5,2.0,faculty_availability,neutral
Gretchen Edwalds-Gilbert ,Biology department,2.0,4.0,practical_sessions,negative
Gretchen Edwalds-Gilbert ,Biology department,2.0,4.0,doubt_solving,negative
Gretchen Edwalds-Gilbert ,Biology department,2.0,4.0,study_material,negative
Gretchen Edwalds-Gilbert ,Biology department,3.0,3.0,explanation_clarity,negative
Gretchen Edwalds-Gilbert ,Biology department,3.0,3.0,doubt_solving,negative
Gretchen Edwalds-Gilbert ,Biology department,3.0,3.0,practical_sessions,negative
Elizabeth Spalding ,Government department,4.0,4.0,doubt_solving,positive
Elizabeth Spalding ,Government department,3.5,4.0,doubt_solving,positive
Elizabeth Spalding ,Government department,3.5,4.0,subject_difficulty,positive
Elizabeth Spalding ,Government department,4.5,4.0,teaching_pace,positive
Elizabeth Spalding ,Government department,5.0,3.0,subject_difficulty,negative
Elizabeth Spalding ,Government department,2.0,5.0,doubt_solving,negative
Elizabeth Spalding ,Government department,4.0,4.0,study_material,positive
Elizabeth Spalding ,Government department,1.0,5.0,study_material,negative
Elizabeth Spalding ,Government department,1.0,5.0,doubt_solving,negative
Irene Tang ,Biology department,2.5,3.0,doubt_solving,negative
Irene Tang ,Biology department,2.5,3.0,study_material,negative
Irene Tang ,Biology department,2.5,3.0,faculty_availability,negative
Irene Tang ,Biology department,2.5,3.0,subject_difficulty,negative
Irene Tang ,Biology department,4.5,2.0,study_material,positive
Irene Tang ,Biology department,4.5,2.0,subject_difficulty,positive
Irene Tang ,Biology department,1.5,4.0,explanation_clarity,negative
Irene Tang ,Biology department,1.5,4.0,study_material,negative
Irene Tang ,Biology department,1.5,4.0,practical_sessions,negative
Irene Tang ,Biology department,2.0,1.0,explanation_clarity,negative
Irene Tang ,Biology department,2.0,3.0,explanation_clarity,negative
Irene Tang ,Biology department,2.0,3.0,study_material,negative
Irene Tang ,Biology department,2.0,3.0,practical_sessions,negative
Irene Tang ,Biology department,5.0,3.0,explanation_clarity,positive
Irene Tang ,Biology department,5.0,3.0,doubt_solving,positive
Irene Tang ,Biology department,5.0,3.0,study_material,positive
Irene Tang ,Biology department,5.0,3.0,subject_difficulty,positive
Irene Tang ,Biology department,1.0,4.0,explanation_clarity,negative
Irene Tang ,Biology department,1.0,4.0,doubt_solving,negative
Irene Tang ,Biology department,1.0,4.0,subject_difficulty,negative
Irene Tang ,Biology department,2.5,2.0,explanation_clarity,negative
Irene Tang ,Biology department,2.5,2.0,practical_sessions,negative
Irene Tang ,Biology department,2.5,2.0,subject_difficulty,negative
Irene Tang ,Biology department,1.5,3.0,explanation_clarity,negative
Irene Tang ,Biology department,1.5,3.0,practical_sessions,negative
Irene Tang ,Biology department,5.0,1.0,subject_difficulty,positive
Irene Tang ,Biology department,1.5,4.0,study_material,negative
Irene Tang ,Biology department,1.0,3.0,explanation_clarity,negative
Adam Bradley ,Literature department,3.0,2.0,explanation_clarity,negative
Adam Bradley ,Literature department,3.0,2.0,doubt_solving,negative
Adam Bradley ,Literature department,5.0,5.0,subject_difficulty,positive
Adam Bradley ,Literature department,4.0,5.0,doubt_solving,positive
Adam Bradley ,Literature department,4.0,5.0,faculty_availability,positive
Adam Bradley ,Literature department,4.0,5.0,subject_difficulty,positive
Adam Bradley ,Literature department,4.5,2.0,doubt_solving,positive
Adam Bradley ,Literature department,4.5,2.0,faculty_availability,positive
Adam Bradley ,Literature department,4.5,2.0,subject_difficulty,positive
Adam Bradley ,Literature department,5.0,5.0,doubt_solving,positive
Adam Bradley ,Literature department,5.0,5.0,subject_difficulty,positive
Adam Bradley ,Literature department,3.0,3.0,study_material,negative
Adam Bradley ,Literature department,3.0,3.0,subject_difficulty,negative
Adam Bradley ,Literature department,4.0,3.0,explanation_clarity,positive
Adam Bradley ,Literature department,4.0,3.0,study_material,positive
Adam Bradley ,Literature department,4.0,3.0,subject_difficulty,positive
Adam Bradley ,Literature department,5.0,4.0,doubt_solving,positive
Adam Bradley ,Literature department,5.0,4.0,study_material,positive
Adam Bradley ,Literature department,5.0,4.0,subject_difficulty,positive
Adam Bradley ,Literature department,5.0,4.0,explanation_clarity,positive
Adam Bradley ,Literature department,5.0,4.0,doubt_solving,positive
Adam Bradley ,Literature department,4.5,2.0,subject_difficulty,negative
Adam Bradley ,Literature department,3.0,3.0,explanation_clarity,negative
Adam Bradley ,Literature department,3.0,3.0,subject_difficulty,negative
John Haskell ,Government department,4.0,3.0,explanation_clarity,neutral
John Haskell ,Government department,4.0,3.0,doubt_solving,neutral
John Haskell ,Government department,3.5,4.0,study_material,positive
John Haskell ,Government department,3.5,4.0,practical_sessions,positive
John Haskell ,Government department,3.5,4.0,faculty_availability,positive
John Haskell ,Government department,4.5,3.0,study_material,negative
John Haskell ,Government department,4.0,3.0,study_material,positive
John Haskell ,Government department,4.0,4.0,subject_difficulty,positive
John Haskell ,Government department,1.0,4.0,doubt_solving,negative
John Haskell ,Government department,4.5,4.0,doubt_solving,positive
John Haskell ,Government department,4.5,4.0,subject_difficulty,positive
John Haskell ,Government department,4.0,4.0,subject_difficulty,negative
John Haskell ,Government department,1.0,5.0,study_material,negative
John Haskell ,Government department,1.0,5.0,practical_sessions,negative
John Haskell ,Government department,1.0,4.0,explanation_clarity,negative
John Haskell ,Government department,4.0,3.0,subject_difficulty,positive
David Yoo ,History department,4.5,2.0,practical_sessions,positive
David Yoo ,History department,4.5,2.0,faculty_availability,positive
David Yoo ,History department,4.5,2.0,subject_difficulty,positive
David Yoo ,History department,4.5,3.0,study_material,positive
David Yoo ,History department,4.5,3.0,subject_difficulty,positive
David Yoo ,History department,5.0,2.0,doubt_solving,positive
David Yoo ,History department,5.0,2.0,study_material,positive
David Yoo ,History department,5.0,2.0,practical_sessions,positive
David Yoo ,History department,5.0,2.0,faculty_availability,positive
Mark Costanzo ,Psychology department,5.0,2.0,doubt_solving,positive
Mark Costanzo ,Psychology department,4.0,2.0,practical_sessions,positive
Jay Conger ,Psychology department,4.5,3.0,faculty_availability,positive
Jay Conger ,Psychology department,4.5,3.0,subject_difficulty,positive
Jay Conger ,Psychology department,3.0,4.0,explanation_clarity,negative
Jay Conger ,Psychology department,3.0,4.0,study_material,negative
Jay Conger ,Psychology department,3.0,4.0,practical_sessions,negative
Jay Conger ,Psychology department,3.0,4.0,subject_difficulty,negative
Jay Conger ,Psychology department,5.0,3.0,explanation_clarity,positive
Jay Conger ,Psychology department,5.0,3.0,study_material,positive
Jay Conger ,Psychology department,5.0,2.0,subject_difficulty,positive
Jay Conger ,Psychology department,5.0,3.0,subject_difficulty,positive
Robert Kirkland ,History department,5.0,3.0,study_material,positive
Robert Kirkland ,History department,5.0,3.0,subject_difficulty,positive
Robert Kirkland ,History department,4.5,2.0,subject_difficulty,neutral
Robert Kirkland ,History department,5.0,2.0,subject_difficulty,positive
Diane Halpern ,Psychology department,3.0,3.0,practical_sessions,positive
Diane Halpern ,Psychology department,3.0,3.0,subject_difficulty,positive
Diane Halpern ,Psychology department,4.0,2.0,explanation_clarity,negative
Diane Halpern ,Psychology department,4.0,2.0,study_material,negative
Diane Halpern ,Psychology department,4.0,2.0,practical_sessions,negative
Diane Halpern ,Psychology department,4.0,2.0,subject_difficulty,negative
Diane Halpern ,Psychology department,5.0,4.0,explanation_clarity,positive
Diane Halpern ,Psychology department,5.0,4.0,study_material,positive
Diane Halpern ,Psychology department,5.0,4.0,practical_sessions,positive
Diane Halpern ,Psychology department,5.0,4.0,subject_difficulty,positive
Diane Halpern ,Psychology department,5.0,2.0,teaching_pace,positive
Diane Halpern ,Psychology department,5.0,2.0,doubt_solving,positive
Diane Halpern ,Psychology department,5.0,2.0,faculty_availability,positive
Diane Halpern ,Psychology department,5.0,2.0,subject_difficulty,positive
Diane Halpern ,Psychology department,5.0,1.0,explanation_clarity,positive
Diane Halpern ,Psychology department,5.0,1.0,practical_sessions,positive
Diane Halpern ,Psychology department,5.0,1.0,subject_difficulty,positive
Lisa Meulbroek ,Economics department,5.0,5.0,explanation_clarity,positive
Lisa Meulbroek ,Economics department,5.0,3.0,doubt_solving,positive
Lisa Meulbroek ,Economics department,4.5,5.0,subject_difficulty,positive
Lisa Meulbroek ,Economics department,1.0,4.0,doubt_solving,negative
Lisa Meulbroek ,Economics department,3.5,5.0,subject_difficulty,positive
Lisa Meulbroek ,Economics department,4.5,4.0,practical_sessions,positive
Lisa Meulbroek ,Economics department,4.5,4.0,subject_difficulty,positive
Lisa Meulbroek ,Economics department,3.0,4.0,study_material,positive
Lisa Meulbroek ,Economics department,3.0,4.0,subject_difficulty,positive
Michael Uhlmann ,Government department,3.0,2.0,study_material,positive
Michael Uhlmann ,Government department,4.5,2.0,explanation_clarity,positive
Michael Uhlmann ,Government department,4.5,2.0,doubt_solving,positive
Michael Uhlmann ,Government department,4.5,2.0,practical_sessions,positive
Michael Uhlmann ,Government department,4.5,2.0,faculty_availability,positive
Michael Uhlmann ,Government department,4.5,2.0,subject_difficulty,positive
Michael Uhlmann ,Government department,2.5,3.0,subject_difficulty,negative
Michael Uhlmann ,Government department,3.5,2.0,explanation_clarity,positive
Michael Uhlmann ,Government department,3.5,2.0,subject_difficulty,positive
Michael Uhlmann ,Government department,2.5,4.0,explanation_clarity,negative
Michael Uhlmann ,Government department,2.5,4.0,doubt_solving,negative
Michael Uhlmann ,Government department,2.5,4.0,practical_sessions,negative
Michael Uhlmann ,Government department,2.5,4.0,faculty_availability,negative
Michael Uhlmann ,Government department,2.5,4.0,subject_difficulty,negative
Michael Uhlmann ,Government department,4.5,2.0,explanation_clarity,positive
Michael Uhlmann ,Government department,4.5,2.0,doubt_solving,positive
Michael Uhlmann ,Government department,4.5,2.0,study_material,positive
Michael Uhlmann ,Government department,4.5,2.0,practical_sessions,positive
Michael Uhlmann ,Government department,2.0,3.0,explanation_clarity,negative
Michael Uhlmann ,Government department,2.0,3.0,practical_sessions,negative
Michael Uhlmann ,Government department,4.5,3.0,explanation_clarity,positive
Michael Uhlmann ,Government department,4.5,3.0,doubt_solving,positive
Michael Uhlmann ,Government department,4.5,3.0,study_material,positive
Michael Uhlmann ,Government department,4.5,3.0,practical_sessions,positive
Michael Uhlmann ,Government department,4.0,2.0,explanation_clarity,positive
Michael Uhlmann ,Government department,4.0,2.0,doubt_solving,positive
Michael Uhlmann ,Government department,4.0,2.0,subject_difficulty,positive
Fazia Aitel ,Modern Languages department,4.0,4.0,doubt_solving,positive
Fazia Aitel ,Modern Languages department,4.0,4.0,study_material,positive
Fazia Aitel ,Modern Languages department,4.0,4.0,subject_difficulty,positive
Fazia Aitel ,Modern Languages department,2.0,5.0,doubt_solving,negative
Fazia Aitel ,Modern Languages department,2.0,5.0,faculty_availability,negative
Fazia Aitel ,Modern Languages department,2.0,5.0,subject_difficulty,negative
Fazia Aitel ,Modern Languages department,2.0,5.0,doubt_solving,negative
Fazia Aitel ,Modern Languages department,2.0,5.0,faculty_availability,negative
Fazia Aitel ,Modern Languages department,2.0,5.0,subject_difficulty,negative
Fazia Aitel ,Modern Languages department,1.0,5.0,doubt_solving,negative
Fazia Aitel ,Modern Languages department,1.0,5.0,study_material,negative
Fazia Aitel ,Modern Languages department,5.0,2.0,explanation_clarity,positive
Fazia Aitel ,Modern Languages department,5.0,2.0,explanation_clarity,positive
Fazia Aitel ,Modern Languages department,2.0,3.0,explanation_clarity,negative
Fazia Aitel ,Modern Languages department,2.0,3.0,study_material,negative
Fazia Aitel ,Modern Languages department,2.0,3.0,practical_sessions,negative
Fazia Aitel ,Modern Languages department,3.5,4.0,explanation_clarity,negative
Fazia Aitel ,Modern Languages department,3.5,4.0,study_material,negative
Fazia Aitel ,Modern Languages department,3.5,4.0,subject_difficulty,negative
Fazia Aitel ,Modern Languages department,5.0,2.0,doubt_solving,positive
Fazia Aitel ,Modern Languages department,5.0,2.0,study_material,positive
Fazia Aitel ,Modern Languages department,5.0,2.0,faculty_availability,positive
Fazia Aitel ,Modern Languages department,5.0,2.0,subject_difficulty,positive
Fazia Aitel ,Modern Languages department,3.5,4.0,explanation_clarity,positive
Fazia Aitel ,Modern Languages department,3.5,4.0,teaching_pace,positive
Fazia Aitel ,Modern Languages department,3.5,4.0,study_material,positive
Fazia Aitel ,Modern Languages department,3.5,4.0,practical_sessions,positive
Fazia Aitel ,Modern Languages department,3.5,4.0,subject_difficulty,positive
Fazia Aitel ,Modern Languages department,5.0,3.0,doubt_solving,positive
Fazia Aitel ,Modern Languages department,4.5,2.0,explanation_clarity,positive
Fazia Aitel ,Modern Languages department,4.5,2.0,teaching_pace,positive
Fazia Aitel ,Modern Languages department,4.5,2.0,doubt_solving,positive
Fazia Aitel ,Modern Languages department,4.0,2.0,doubt_solving,positive
Fazia Aitel ,Modern Languages department,4.0,2.0,practical_sessions,positive
Fazia Aitel ,Modern Languages department,5.0,1.0,subject_difficulty,positive
Fazia Aitel ,Modern Languages department,5.0,1.0,subject_difficulty,positive
Fazia Aitel ,Modern Languages department,3.0,2.0,study_material,negative
Fazia Aitel ,Modern Languages department,3.5,4.0,doubt_solving,neutral
Fazia Aitel ,Modern Languages department,3.5,4.0,faculty_availability,neutral
Fazia Aitel ,Modern Languages department,3.5,4.0,subject_difficulty,neutral
Fazia Aitel ,Modern Languages department,5.0,2.0,subject_difficulty,positive
Fazia Aitel ,Modern Languages department,4.0,3.0,explanation_clarity,positive
Fazia Aitel ,Modern Languages department,4.0,3.0,teaching_pace,positive
Fazia Aitel ,Modern Languages department,4.0,3.0,doubt_solving,positive
Fazia Aitel ,Modern Languages department,4.0,3.0,subject_difficulty,positive
Gabriel Cook ,Psychology department,4.0,4.0,practical_sessions,positive
Gabriel Cook ,Psychology department,5.0,3.0,study_material,positive
Gabriel Cook ,Psychology department,5.0,3.0,practical_sessions,positive
Gabriel Cook ,Psychology department,1.0,2.0,study_material,negative
Gabriel Cook ,Psychology department,1.0,2.0,practical_sessions,negative
Gabriel Cook ,Psychology department,1.0,2.0,subject_difficulty,negative
Gabriel Cook ,Psychology department,1.0,4.0,explanation_clarity,negative
Gabriel Cook ,Psychology department,2.0,3.0,explanation_clarity,negative
Gabriel Cook ,Psychology department,2.0,3.0,doubt_solving,negative
Gabriel Cook ,Psychology department,2.0,3.0,practical_sessions,negative
Gabriel Cook ,Psychology department,2.0,3.0,faculty_availability,negative
Gabriel Cook ,Psychology department,2.0,3.0,subject_difficulty,negative
Gabriel Cook ,Psychology department,1.0,4.0,explanation_clarity,negative
Gabriel Cook ,Psychology department,1.0,4.0,doubt_solving,negative
Gabriel Cook ,Psychology department,1.0,4.0,practical_sessions,negative
Gabriel Cook ,Psychology department,3.0,3.0,explanation_clarity,negative
Gabriel Cook ,Psychology department,3.0,3.0,doubt_solving,negative
Gabriel Cook ,Psychology department,3.0,3.0,study_material,negative
Gabriel Cook ,Psychology department,3.0,3.0,practical_sessions,negative
Gabriel Cook ,Psychology department,3.0,3.0,subject_difficulty,negative
Gabriel Cook ,Psychology department,1.0,3.0,explanation_clarity,negative
Gabriel Cook ,Psychology department,1.0,3.0,study_material,negative
Gabriel Cook ,Psychology department,2.0,3.0,explanation_clarity,negative
Gabriel Cook ,Psychology department,2.0,3.0,doubt_solving,negative
Gabriel Cook ,Psychology department,2.0,3.0,study_material,negative
Gabriel Cook ,Psychology department,2.0,3.0,practical_sessions,negative
Gabriel Cook ,Psychology department,1.0,5.0,doubt_solving,negative
Gabriel Cook ,Psychology department,1.0,5.0,practical_sessions,negative
Gabriel Cook ,Psychology department,1.0,5.0,subject_difficulty,negative
Gabriel Cook ,Psychology department,5.0,1.0,doubt_solving,positive
Gabriel Cook ,Psychology department,5.0,1.0,study_material,positive
Gabriel Cook ,Psychology department,5.0,1.0,practical_sessions,positive
Gabriel Cook ,Psychology department,4.5,1.0,doubt_solving,positive
Gabriel Cook ,Psychology department,4.5,1.0,study_material,positive
Gabriel Cook ,Psychology department,4.5,1.0,practical_sessions,positive
Gabriel Cook ,Psychology department,4.5,1.0,explanation_clarity,positive
Gabriel Cook ,Psychology department,4.5,1.0,teaching_pace,positive
Gabriel Cook ,Psychology department,4.5,1.0,study_material,positive
Gabriel Cook ,Psychology department,4.5,1.0,practical_sessions,positive
Gabriel Cook ,Psychology department,4.5,1.0,subject_difficulty,positive
Gabriel Cook ,Psychology department,2.0,4.0,explanation_clarity,negative
Gabriel Cook ,Psychology department,2.0,4.0,doubt_solving,negative
Gabriel Cook ,Psychology department,3.5,4.0,doubt_solving,negative
Gabriel Cook ,Psychology department,3.5,4.0,study_material,negative
Gabriel Cook ,Psychology department,3.5,4.0,practical_sessions,negative
Gabriel Cook ,Psychology department,3.5,4.0,faculty_availability,negative
Gabriel Cook ,Psychology department,3.5,4.0,subject_difficulty,negative
Gabriel Cook ,Psychology department,2.0,3.0,doubt_solving,neutral
Gabriel Cook ,Psychology department,2.0,3.0,study_material,neutral
Gabriel Cook ,Psychology department,2.0,3.0,practical_sessions,neutral
Gabriel Cook ,Psychology department,2.0,3.0,subject_difficulty,neutral
Gabriel Cook ,Psychology department,2.5,3.0,practical_sessions,positive
Gabriel Cook ,Psychology department,2.5,3.0,subject_difficulty,positive
Gabriel Cook ,Psychology department,1.0,4.0,explanation_clarity,negative
Gabriel Cook ,Psychology department,1.0,4.0,study_material,negative
Gabriel Cook ,Psychology department,1.0,4.0,practical_sessions,negative
Gabriel Cook ,Psychology department,1.0,4.0,subject_difficulty,negative
Gabriel Cook ,Psychology department,1.5,4.0,practical_sessions,negative
Gabriel Cook ,Psychology department,3.0,3.0,study_material,neutral
Gabriel Cook ,Psychology department,3.0,3.0,practical_sessions,neutral
Kjell Lejon ,Government department,4.5,5.0,doubt_solving,positive
Kjell Lejon ,Government department,4.5,5.0,faculty_availability,positive
Kjell Lejon ,Government department,2.5,4.0,study_material,negative
Kjell Lejon ,Government department,4.5,5.0,explanation_clarity,positive
Kjell Lejon ,Government department,4.5,4.0,doubt_solving,positive
Kjell Lejon ,Government department,4.0,1.0,doubt_solving,positive
Kjell Lejon ,Government department,4.0,1.0,faculty_availability,positive
Kjell Lejon ,Government department,2.0,2.0,explanation_clarity,negative
Kjell Lejon ,Government department,2.0,2.0,subject_difficulty,negative
Kjell Lejon ,Government department,2.0,1.0,study_material,positive
Kjell Lejon ,Government department,2.0,1.0,subject_difficulty,positive
Kjell Lejon ,Government department,1.5,2.0,study_material,negative
Kjell Lejon ,Government department,1.5,2.0,practical_sessions,negative
Kjell Lejon ,Government department,1.5,2.0,subject_difficulty,negative
Kjell Lejon ,Government department,1.5,3.0,practical_sessions,negative
Kjell Lejon ,Government department,2.5,2.0,explanation_clarity,positive
Kjell Lejon ,Government department,2.5,2.0,study_material,positive
Kjell Lejon ,Government department,2.0,3.0,study_material,negative
Kjell Lejon ,Government department,2.0,3.0,practical_sessions,negative
Eric Puchner ,English department,5.0,3.0,subject_difficulty,positive
Dan Guthrie ,Biology department,2.0,1.0,explanation_clarity,positive
Dan Guthrie ,Biology department,2.0,1.0,doubt_solving,positive
Dan Guthrie ,Biology department,2.0,1.0,practical_sessions,positive
Dan Guthrie ,Biology department,2.0,1.0,subject_difficulty,positive
Dan Guthrie ,Biology department,3.0,1.0,explanation_clarity,positive
Dan Guthrie ,Biology department,3.0,1.0,doubt_solving,positive
Dan Guthrie ,Biology department,3.0,1.0,practical_sessions,positive
Dan Guthrie ,Biology department,3.0,1.0,subject_difficulty,positive
Dan Guthrie ,Biology department,3.0,1.0,doubt_solving,positive
Dan Guthrie ,Biology department,3.0,1.0,practical_sessions,positive
Dan Guthrie ,Biology department,4.5,1.0,doubt_solving,positive
Dan Guthrie ,Biology department,4.5,1.0,practical_sessions,positive
Dan Guthrie ,Biology department,4.5,1.0,faculty_availability,positive
Dan Guthrie ,Biology department,4.5,1.0,subject_difficulty,positive
Dan Guthrie ,Biology department,1.0,3.0,practical_sessions,negative
Dan Guthrie ,Biology department,5.0,1.0,doubt_solving,positive
Sven Arndt ,Economics department,1.0,5.0,explanation_clarity,negative
Sven Arndt ,Economics department,1.0,5.0,doubt_solving,negative
Sven Arndt ,Economics department,1.0,5.0,practical_sessions,negative
Sven Arndt ,Economics department,1.0,5.0,explanation_clarity,negative
Sven Arndt ,Economics department,1.0,5.0,practical_sessions,negative
Sven Arndt ,Economics department,1.0,5.0,subject_difficulty,negative
Sven Arndt ,Economics department,1.0,5.0,explanation_clarity,negative
Sven Arndt ,Economics department,1.0,5.0,doubt_solving,negative
Sven Arndt ,Economics department,1.0,5.0,study_material,negative
Sven Arndt ,Economics department,1.0,5.0,faculty_availability,negative
Sven Arndt ,Economics department,1.0,5.0,explanation_clarity,negative
Sven Arndt ,Economics department,1.0,5.0,doubt_solving,negative
Sven Arndt ,Economics department,1.0,5.0,subject_difficulty,negative
Sven Arndt ,Economics department,1.0,5.0,explanation_clarity,negative
Sven Arndt ,Economics department,1.0,5.0,doubt_solving,negative
Sven Arndt ,Economics department,1.0,5.0,study_material,negative
Sven Arndt ,Economics department,1.0,5.0,practical_sessions,negative
Sven Arndt ,Economics department,1.0,5.0,faculty_availability,negative
Sven Arndt ,Economics department,1.5,5.0,doubt_solving,negative
Sven Arndt ,Economics department,1.5,5.0,practical_sessions,negative
Sven Arndt ,Economics department,4.0,4.0,subject_difficulty,negative
Sven Arndt ,Economics department,1.5,4.0,explanation_clarity,negative
Sven Arndt ,Economics department,1.5,4.0,doubt_solving,negative
Sven Arndt ,Economics department,1.5,4.0,study_material,negative
Sven Arndt ,Economics department,1.5,4.0,faculty_availability,negative
Sven Arndt ,Economics department,4.5,5.0,explanation_clarity,positive
Sven Arndt ,Economics department,4.5,5.0,doubt_solving,positive
Sven Arndt ,Economics department,3.0,4.0,study_material,negative
Sven Arndt ,Economics department,3.0,4.0,subject_difficulty,negative
Sven Arndt ,Economics department,5.0,3.0,explanation_clarity,positive
Sven Arndt ,Economics department,5.0,3.0,doubt_solving,positive
Sven Arndt ,Economics department,5.0,3.0,study_material,positive
Sven Arndt ,Economics department,5.0,3.0,faculty_availability,positive
Sven Arndt ,Economics department,3.0,4.0,doubt_solving,negative
Sven Arndt ,Economics department,3.0,4.0,practical_sessions,negative
Sven Arndt ,Economics department,3.0,4.0,subject_difficulty,negative
Emily Wiley ,Biology department,5.0,4.0,practical_sessions,positive
Emily Wiley ,Biology department,5.0,4.0,subject_difficulty,positive
Emily Wiley ,Biology department,5.0,3.0,doubt_solving,positive
Emily Wiley ,Biology department,5.0,3.0,practical_sessions,positive
Emily Wiley ,Biology department,5.0,3.0,doubt_solving,positive
Emily Wiley ,Biology department,5.0,4.0,doubt_solving,positive
Emily Wiley ,Biology department,5.0,4.0,faculty_availability,positive
Emily Wiley ,Biology department,4.5,2.0,doubt_solving,positive
Emily Wiley ,Biology department,4.5,2.0,doubt_solving,positive
Emily Wiley ,Biology department,4.5,2.0,study_material,positive
Emily Wiley ,Biology department,4.5,2.0,practical_sessions,positive
Emily Wiley ,Biology department,4.5,2.0,subject_difficulty,positive
David Hamilton ,Physical Education department,5.0,1.0,explanation_clarity,positive
Maria Martinez ,Modern Languages department,4.5,4.0,explanation_clarity,positive
Maria Martinez ,Modern Languages department,4.5,4.0,doubt_solving,positive
Maria Martinez ,Modern Languages department,4.5,4.0,study_material,positive
Maria Martinez ,Modern Languages department,4.5,4.0,subject_difficulty,positive
Maria Martinez ,Modern Languages department,5.0,2.0,teaching_pace,positive
Maria Martinez ,Modern Languages department,5.0,2.0,practical_sessions,positive
Maria Martinez ,Modern Languages department,5.0,2.0,subject_difficulty,positive
Maria Martinez ,Modern Languages department,5.0,4.0,practical_sessions,positive
Maria Martinez ,Modern Languages department,4.5,3.0,practical_sessions,positive
Maria Martinez ,Modern Languages department,5.0,3.0,explanation_clarity,positive
Maria Martinez ,Modern Languages department,5.0,3.0,doubt_solving,positive
Maria Martinez ,Modern Languages department,5.0,3.0,doubt_solving,positive
Maria Martinez ,Modern Languages department,5.0,3.0,study_material,positive
Maria Martinez ,Modern Languages department,5.0,3.0,practical_sessions,positive
Maria Martinez ,Modern Languages department,5.0,3.0,subject_difficulty,positive
Maria Martinez ,Modern Languages department,3.5,1.0,practical_sessions,positive
Maria Martinez ,Modern Languages department,3.5,1.0,subject_difficulty,positive
Maria Martinez ,Modern Languages department,4.5,1.0,study_material,positive
Maria Martinez ,Modern Languages department,4.5,1.0,practical_sessions,positive
Maria Martinez ,Modern Languages department,4.5,1.0,faculty_availability,positive
Maria Martinez ,Modern Languages department,4.5,2.0,explanation_clarity,positive
Maria Martinez ,Modern Languages department,4.5,2.0,teaching_pace,positive
Maria Martinez ,Modern Languages department,4.5,2.0,study_material,positive
Maria Martinez ,Modern Languages department,4.5,2.0,faculty_availability,positive
Wei-Chin Hwang ,Psychology department,4.0,2.0,study_material,positive
Wei-Chin Hwang ,Psychology department,3.0,2.0,explanation_clarity,negative
Wei-Chin Hwang ,Psychology department,3.0,2.0,practical_sessions,negative
Wei-Chin Hwang ,Psychology department,1.0,2.0,practical_sessions,negative
Wei-Chin Hwang ,Psychology department,1.0,2.0,subject_difficulty,negative
Wei-Chin Hwang ,Psychology department,4.5,2.0,doubt_solving,positive
Wei-Chin Hwang ,Psychology department,4.0,3.0,study_material,positive
Wei-Chin Hwang ,Psychology department,4.0,3.0,practical_sessions,positive
Wei-Chin Hwang ,Psychology department,1.5,1.0,subject_difficulty,negative
Wei-Chin Hwang ,Psychology department,3.0,1.0,study_material,positive
Wei-Chin Hwang ,Psychology department,3.0,1.0,practical_sessions,positive
Wei-Chin Hwang ,Psychology department,3.0,1.0,subject_difficulty,positive
Wei-Chin Hwang ,Psychology department,4.0,2.0,explanation_clarity,negative
Wei-Chin Hwang ,Psychology department,4.0,2.0,study_material,negative
Graham Bird ,Economics department,1.0,5.0,explanation_clarity,negative
Graham Bird ,Economics department,1.0,5.0,doubt_solving,negative
Graham Bird ,Economics department,1.0,5.0,study_material,negative
Graham Bird ,Economics department,1.0,5.0,subject_difficulty,negative
Graham Bird ,Economics department,5.0,3.0,study_material,positive
Graham Bird ,Economics department,5.0,2.0,explanation_clarity,positive
Graham Bird ,Economics department,5.0,2.0,doubt_solving,positive
Graham Bird ,Economics department,5.0,2.0,practical_sessions,positive
Graham Bird ,Economics department,5.0,2.0,faculty_availability,positive
Graham Bird ,Economics department,5.0,2.0,subject_difficulty,positive
Graham Bird ,Economics department,3.5,2.0,study_material,negative
Graham Bird ,Economics department,1.5,4.0,explanation_clarity,negative
Graham Bird ,Economics department,1.5,4.0,doubt_solving,negative
Graham Bird ,Economics department,1.5,4.0,practical_sessions,negative
Graham Bird ,Economics department,1.5,4.0,faculty_availability,negative
Graham Bird ,Economics department,1.5,4.0,subject_difficulty,negative
Graham Bird ,Economics department,2.0,3.0,explanation_clarity,negative
Graham Bird ,Economics department,2.0,3.0,doubt_solving,negative
Graham Bird ,Economics department,2.5,3.0,teaching_pace,positive
Graham Bird ,Economics department,2.5,3.0,doubt_solving,positive
Graham Bird ,Economics department,2.5,3.0,subject_difficulty,negative
Graham Bird ,Economics department,4.5,4.0,explanation_clarity,positive
Graham Bird ,Economics department,4.5,4.0,doubt_solving,positive
Graham Bird ,Economics department,4.5,4.0,subject_difficulty,positive
Graham Bird ,Economics department,1.0,4.0,doubt_solving,negative
Graham Bird ,Economics department,1.0,4.0,practical_sessions,negative
Graham Bird ,Economics department,1.0,4.0,explanation_clarity,negative
Graham Bird ,Economics department,1.0,4.0,doubt_solving,negative
Graham Bird ,Economics department,1.5,3.0,explanation_clarity,negative
Graham Bird ,Economics department,1.5,3.0,doubt_solving,negative
Graham Bird ,Economics department,1.5,3.0,faculty_availability,negative
Graham Bird ,Economics department,4.0,3.0,doubt_solving,positive
Graham Bird ,Economics department,4.0,3.0,faculty_availability,positive
Graham Bird ,Economics department,3.0,4.0,explanation_clarity,negative
Graham Bird ,Economics department,3.0,4.0,study_material,negative
Graham Bird ,Economics department,3.0,4.0,subject_difficulty,negative
Graham Bird ,Economics department,2.0,5.0,explanation_clarity,negative
Graham Bird ,Economics department,2.0,5.0,study_material,negative
Graham Bird ,Economics department,4.5,3.0,explanation_clarity,negative
Graham Bird ,Economics department,4.5,3.0,doubt_solving,negative
Graham Bird ,Economics department,4.5,3.0,study_material,negative
Graham Bird ,Economics department,4.5,3.0,subject_difficulty,negative
Graham Bird ,Economics department,4.0,4.0,study_material,positive
Graham Bird ,Economics department,4.0,4.0,practical_sessions,positive
Graham Bird ,Economics department,4.0,4.0,subject_difficulty,positive
Graham Bird ,Economics department,4.0,3.0,explanation_clarity,positive
Graham Bird ,Economics department,4.0,3.0,doubt_solving,positive
Graham Bird ,Economics department,4.0,3.0,subject_difficulty,positive
Melissa Coleman ,Biology department,4.0,4.0,explanation_clarity,neutral
Melissa Coleman ,Biology department,4.0,4.0,teaching_pace,neutral
Melissa Coleman ,Biology department,4.0,4.0,study_material,neutral
Melissa Coleman ,Biology department,4.0,4.0,practical_sessions,neutral
Melissa Coleman ,Biology department,4.0,4.0,subject_difficulty,neutral
Melissa Coleman ,Biology department,4.0,4.0,practical_sessions,positive
Melissa Coleman ,Biology department,4.0,4.0,subject_difficulty,positive
Melissa Coleman ,Biology department,5.0,3.0,explanation_clarity,positive
Melissa Coleman ,Biology department,5.0,3.0,study_material,positive
Melissa Coleman ,Biology department,3.5,1.0,explanation_clarity,positive
Melissa Coleman ,Biology department,5.0,4.0,explanation_clarity,positive
Melissa Coleman ,Biology department,5.0,4.0,doubt_solving,positive
Melissa Coleman ,Biology department,5.0,4.0,study_material,positive
Melissa Coleman ,Biology department,5.0,4.0,faculty_availability,positive
Melissa Coleman ,Biology department,5.0,3.0,doubt_solving,positive
Melissa Coleman ,Biology department,5.0,3.0,practical_sessions,positive
Melissa Coleman ,Biology department,5.0,3.0,faculty_availability,positive
Melissa Coleman ,Biology department,4.5,4.0,practical_sessions,positive
Melissa Coleman ,Biology department,4.5,4.0,subject_difficulty,positive
Melissa Coleman ,Biology department,2.0,4.0,practical_sessions,negative
Melissa Coleman ,Biology department,2.0,4.0,subject_difficulty,negative
Melissa Coleman ,Biology department,4.5,3.0,doubt_solving,positive
Melissa Coleman ,Biology department,4.5,3.0,practical_sessions,positive
Melissa Coleman ,Biology department,4.5,3.0,faculty_availability,positive
George Batta ,Economics department,5.0,4.0,doubt_solving,positive
George Batta ,Economics department,5.0,4.0,faculty_availability,positive
George Batta ,Economics department,5.0,4.0,explanation_clarity,positive
George Batta ,Economics department,5.0,4.0,subject_difficulty,positive
George Batta ,Economics department,5.0,4.0,explanation_clarity,neutral
George Batta ,Economics department,5.0,4.0,teaching_pace,neutral
George Batta ,Economics department,5.0,4.0,doubt_solving,neutral
George Batta ,Economics department,5.0,4.0,study_material,neutral
George Batta ,Economics department,5.0,4.0,subject_difficulty,neutral
George Batta ,Economics department,4.0,3.0,doubt_solving,positive
George Batta ,Economics department,4.0,3.0,faculty_availability,positive
George Batta ,Economics department,4.0,3.0,subject_difficulty,positive
George Batta ,Economics department,3.5,5.0,subject_difficulty,negative
George Batta ,Economics department,5.0,4.0,subject_difficulty,positive
George Batta ,Economics department,4.5,4.0,study_material,positive
George Batta ,Economics department,4.5,4.0,practical_sessions,positive
George Batta ,Economics department,4.0,4.0,teaching_pace,negative
George Batta ,Economics department,4.0,4.0,doubt_solving,negative
George Batta ,Economics department,4.0,4.0,practical_sessions,negative
George Batta ,Economics department,4.0,4.0,faculty_availability,negative
George Batta ,Economics department,4.0,4.0,subject_difficulty,negative
George Batta ,Economics department,5.0,2.0,explanation_clarity,positive
George Batta ,Economics department,4.5,3.0,explanation_clarity,positive
George Batta ,Economics department,4.5,3.0,study_material,positive
George Batta ,Economics department,4.5,3.0,practical_sessions,positive
Catherine Wall ,Modern Languages department,4.5,3.0,doubt_solving,negative
Catherine Wall ,Modern Languages department,4.5,3.0,study_material,negative
Catherine Wall ,Modern Languages department,4.5,3.0,practical_sessions,negative
Catherine Wall ,Modern Languages department,4.5,3.0,doubt_solving,positive
Catherine Wall ,Modern Languages department,4.5,3.0,practical_sessions,positive
Catherine Wall ,Modern Languages department,4.5,3.0,faculty_availability,positive
Catherine Wall ,Modern Languages department,1.5,4.0,doubt_solving,neutral
Catherine Wall ,Modern Languages department,1.5,4.0,subject_difficulty,neutral
Catherine Wall ,Modern Languages department,3.5,4.0,subject_difficulty,positive
Catherine Wall ,Modern Languages department,4.0,4.0,practical_sessions,positive
Catherine Wall ,Modern Languages department,4.0,4.0,subject_difficulty,positive
Catherine Wall ,Modern Languages department,3.0,5.0,practical_sessions,negative
Catherine Wall ,Modern Languages department,3.0,5.0,subject_difficulty,negative
Jasmine Aimaq ,Civilization department,5.0,4.0,explanation_clarity,positive
Jasmine Aimaq ,Civilization department,5.0,4.0,doubt_solving,positive
Jasmine Aimaq ,Civilization department,5.0,4.0,subject_difficulty,positive
Jasmine Aimaq ,Civilization department,4.5,4.0,doubt_solving,positive
Jasmine Aimaq ,Civilization department,4.5,4.0,faculty_availability,positive
Jasmine Aimaq ,Civilization department,4.5,4.0,subject_difficulty,positive
Jasmine Aimaq ,Civilization department,1.5,4.0,subject_difficulty,positive
Jasmine Aimaq ,Civilization department,4.0,1.0,subject_difficulty,positive
Jasmine Aimaq ,Civilization department,4.0,4.0,subject_difficulty,positive
Jasmine Aimaq ,Civilization department,2.0,5.0,explanation_clarity,negative
Jasmine Aimaq ,Civilization department,2.0,5.0,doubt_solving,negative
Jasmine Aimaq ,Civilization department,2.0,5.0,faculty_availability,negative
Jasmine Aimaq ,Civilization department,3.5,5.0,subject_difficulty,negative
Jennifer Armstrong ,Biology department,5.0,4.0,subject_difficulty,positive
Jennifer Armstrong ,Biology department,4.5,1.0,explanation_clarity,positive
Jennifer Armstrong ,Biology department,4.5,1.0,study_material,positive
Jennifer Armstrong ,Biology department,4.5,4.0,explanation_clarity,positive
Jennifer Armstrong ,Biology department,2.5,4.0,doubt_solving,negative
Jennifer Armstrong ,Biology department,2.5,4.0,study_material,negative
Jennifer Armstrong ,Biology department,2.5,4.0,practical_sessions,negative
Jennifer Armstrong ,Biology department,2.5,4.0,faculty_availability,negative
Thomas Gardner ,Philosophy department,5.0,1.0,explanation_clarity,positive
Thomas Gardner ,Philosophy department,5.0,1.0,doubt_solving,positive
Thomas Gardner ,Philosophy department,5.0,1.0,practical_sessions,positive
Thomas Gardner ,Philosophy department,5.0,1.0,faculty_availability,positive
Thomas Gardner ,Philosophy department,2.5,5.0,explanation_clarity,negative
Thomas Gardner ,Philosophy department,2.5,5.0,doubt_solving,negative
Thomas Gardner ,Philosophy department,2.5,5.0,practical_sessions,negative
Thomas Gardner ,Philosophy department,5.0,2.0,explanation_clarity,positive
Thomas Gardner ,Philosophy department,5.0,2.0,doubt_solving,positive
Thomas Gardner ,Philosophy department,5.0,2.0,study_material,positive
Thomas Gardner ,Philosophy department,5.0,2.0,practical_sessions,positive
Thomas Gardner ,Philosophy department,5.0,2.0,faculty_availability,positive
Thomas Gardner ,Philosophy department,5.0,5.0,explanation_clarity,negative
Thomas Gardner ,Philosophy department,5.0,5.0,study_material,negative
Thomas Gardner ,Philosophy department,5.0,5.0,practical_sessions,negative
Thomas Gardner ,Philosophy department,5.0,4.0,explanation_clarity,positive
Thomas Gardner ,Philosophy department,5.0,4.0,doubt_solving,positive
Thomas Gardner ,Philosophy department,5.0,4.0,study_material,positive
Thomas Gardner ,Philosophy department,5.0,4.0,practical_sessions,positive
Thomas Gardner ,Philosophy department,5.0,4.0,faculty_availability,positive
Thomas Gardner ,Philosophy department,5.0,2.0,explanation_clarity,positive
Thomas Gardner ,Philosophy department,5.0,2.0,study_material,positive
Thomas Gardner ,Philosophy department,5.0,2.0,practical_sessions,positive
Thomas Gardner ,Philosophy department,5.0,2.0,subject_difficulty,positive
Thomas Gardner ,Philosophy department,4.0,3.0,doubt_solving,positive
Thomas Gardner ,Philosophy department,4.0,3.0,practical_sessions,positive
Thomas Gardner ,Philosophy department,5.0,2.0,explanation_clarity,positive
Thomas Gardner ,Philosophy department,5.0,2.0,doubt_solving,positive
Thomas Gardner ,Philosophy department,4.5,3.0,teaching_pace,positive
Thomas Gardner ,Philosophy department,4.5,3.0,doubt_solving,positive
Thomas Gardner ,Philosophy department,4.5,3.0,practical_sessions,positive
Thomas Gardner ,Philosophy department,4.5,3.0,subject_difficulty,positive
Thomas Gardner ,Philosophy department,4.5,1.0,doubt_solving,positive
Thomas Gardner ,Philosophy department,4.5,1.0,practical_sessions,positive
Thomas Gardner ,Philosophy department,4.5,1.0,subject_difficulty,positive
Thomas Gardner ,Philosophy department,4.5,2.0,doubt_solving,positive
Thomas Gardner ,Philosophy department,4.5,2.0,study_material,positive
Thomas Gardner ,Philosophy department,4.5,2.0,practical_sessions,positive
Thomas Gardner ,Philosophy department,4.5,2.0,subject_difficulty,positive
Thomas Gardner ,Philosophy department,1.5,1.0,subject_difficulty,positive
Arthur Lee ,Computer Science department,5.0,4.0,explanation_clarity,positive
Arthur Lee ,Computer Science department,5.0,4.0,study_material,positive
Arthur Lee ,Computer Science department,5.0,4.0,practical_sessions,positive
Arthur Lee ,Computer Science department,5.0,4.0,subject_difficulty,positive
Arthur Lee ,Computer Science department,4.0,4.0,explanation_clarity,positive
Arthur Lee ,Computer Science department,4.0,4.0,practical_sessions,positive
Arthur Lee ,Computer Science department,2.0,5.0,explanation_clarity,negative
Arthur Lee ,Computer Science department,2.0,5.0,doubt_solving,neutral
Arthur Lee ,Computer Science department,2.0,5.0,study_material,negative
Arthur Lee ,Computer Science department,2.0,5.0,practical_sessions,negative
Arthur Lee ,Computer Science department,2.0,5.0,subject_difficulty,neutral
Arthur Lee ,Computer Science department,3.5,2.0,explanation_clarity,positive
Arthur Lee ,Computer Science department,3.5,2.0,study_material,positive
Arthur Lee ,Computer Science department,3.5,2.0,practical_sessions,positive
Arthur Lee ,Computer Science department,3.5,2.0,subject_difficulty,positive
Arthur Lee ,Computer Science department,3.5,3.0,explanation_clarity,positive
Arthur Lee ,Computer Science department,3.5,3.0,doubt_solving,positive
Arthur Lee ,Computer Science department,3.5,3.0,study_material,positive
Arthur Lee ,Computer Science department,1.0,4.0,explanation_clarity,negative
Arthur Lee ,Computer Science department,1.0,4.0,doubt_solving,negative
Arthur Lee ,Computer Science department,1.0,4.0,study_material,negative
Arthur Lee ,Computer Science department,1.0,4.0,faculty_availability,negative
Arthur Lee ,Computer Science department,1.0,4.0,doubt_solving,negative
Arthur Lee ,Computer Science department,1.0,4.0,faculty_availability,negative
Arthur Lee ,Computer Science department,3.0,5.0,doubt_solving,negative
Arthur Lee ,Computer Science department,3.0,5.0,study_material,negative
Arthur Lee ,Computer Science department,5.0,2.0,explanation_clarity,positive
Arthur Lee ,Computer Science department,5.0,2.0,doubt_solving,positive
Arthur Lee ,Computer Science department,5.0,2.0,study_material,positive
Arthur Lee ,Computer Science department,5.0,2.0,subject_difficulty,positive
Arthur Lee ,Computer Science department,3.5,3.0,explanation_clarity,positive
Arthur Lee ,Computer Science department,3.5,3.0,study_material,positive
Arthur Lee ,Computer Science department,1.0,4.0,practical_sessions,negative
Arthur Lee ,Computer Science department,2.5,3.0,study_material,negative
Brock Blomberg ,Economics department,4.5,3.0,doubt_solving,positive
Brock Blomberg ,Economics department,4.5,3.0,practical_sessions,positive
Brock Blomberg ,Economics department,4.5,3.0,subject_difficulty,positive
Brock Blomberg ,Economics department,5.0,5.0,practical_sessions,positive
Brock Blomberg ,Economics department,5.0,5.0,subject_difficulty,positive
Brock Blomberg ,Economics department,4.0,4.0,study_material,negative
Brock Blomberg ,Economics department,4.0,5.0,explanation_clarity,negative
Brock Blomberg ,Economics department,4.0,5.0,doubt_solving,positive
Nita Kumar ,History department,5.0,1.0,explanation_clarity,positive
Nita Kumar ,History department,5.0,1.0,subject_difficulty,positive
Nita Kumar ,History department,3.0,4.0,explanation_clarity,negative
Nita Kumar ,History department,3.0,4.0,doubt_solving,negative
Nita Kumar ,History department,3.0,4.0,study_material,negative
Nita Kumar ,History department,5.0,2.0,doubt_solving,positive
Nita Kumar ,History department,5.0,2.0,study_material,positive
Nita Kumar ,History department,5.0,2.0,practical_sessions,positive
Nita Kumar ,History department,5.0,2.0,faculty_availability,positive
Nita Kumar ,History department,4.0,3.0,doubt_solving,positive
Nita Kumar ,History department,4.0,3.0,study_material,positive
Nita Kumar ,History department,4.0,3.0,faculty_availability,positive
Nita Kumar ,History department,1.0,4.0,explanation_clarity,negative
Nita Kumar ,History department,1.0,4.0,study_material,negative
Nita Kumar ,History department,3.0,4.0,faculty_availability,positive
Nita Kumar ,History department,1.5,4.0,explanation_clarity,negative
Nita Kumar ,History department,1.5,4.0,study_material,negative
Nita Kumar ,History department,1.5,4.0,subject_difficulty,negative
Nita Kumar ,History department,3.5,1.0,doubt_solving,negative
Nita Kumar ,History department,3.5,1.0,practical_sessions,negative
Nita Kumar ,History department,3.5,1.0,faculty_availability,negative
Nita Kumar ,History department,1.0,4.0,study_material,negative
Nita Kumar ,History department,1.5,2.0,explanation_clarity,positive
Nita Kumar ,History department,1.5,2.0,subject_difficulty,positive
Nita Kumar ,History department,1.0,1.0,subject_difficulty,neutral
Nita Kumar ,History department,2.5,2.0,explanation_clarity,negative
Nita Kumar ,History department,2.5,2.0,doubt_solving,negative
Nita Kumar ,History department,2.5,2.0,study_material,negative
Nita Kumar ,History department,2.5,2.0,practical_sessions,negative
Amy Leal ,Literature department,3.5,3.0,study_material,positive
Amy Leal ,Literature department,3.5,3.0,practical_sessions,positive
Amy Leal ,Literature department,3.5,3.0,subject_difficulty,positive
Amy Leal ,Literature department,4.5,2.0,subject_difficulty,negative
Andrea Jedwab ,Mathematics department,4.5,2.0,practical_sessions,positive
Andrea Jedwab ,Mathematics department,4.0,4.0,practical_sessions,positive
Andrea Jedwab ,Mathematics department,5.0,3.0,subject_difficulty,positive
Andrea Jedwab ,Mathematics department,1.5,5.0,doubt_solving,negative
Andrea Jedwab ,Mathematics department,1.5,5.0,study_material,negative
Lee Skinner ,Modern Languages department,5.0,2.0,doubt_solving,positive
Lee Skinner ,Modern Languages department,5.0,2.0,subject_difficulty,positive
Lee Skinner ,Modern Languages department,5.0,1.0,subject_difficulty,positive
Lee Skinner ,Modern Languages department,2.0,2.0,doubt_solving,positive
Lee Skinner ,Modern Languages department,2.0,2.0,study_material,positive
Lee Skinner ,Modern Languages department,2.0,2.0,faculty_availability,positive
Lee Skinner ,Modern Languages department,2.0,2.0,subject_difficulty,positive
Lee Skinner ,Modern Languages department,5.0,2.0,doubt_solving,positive
Lee Skinner ,Modern Languages department,5.0,2.0,subject_difficulty,positive
Lee Skinner ,Modern Languages department,4.0,2.0,doubt_solving,positive
Lee Skinner ,Modern Languages department,4.0,2.0,faculty_availability,positive
Lee Skinner ,Modern Languages department,5.0,2.0,subject_difficulty,positive
Lee Skinner ,Modern Languages department,4.5,2.0,teaching_pace,positive
Lee Skinner ,Modern Languages department,4.5,2.0,doubt_solving,positive
Lee Skinner ,Modern Languages department,4.5,2.0,study_material,positive
Lee Skinner ,Modern Languages department,4.5,2.0,subject_difficulty,positive
Lee Skinner ,Modern Languages department,5.0,2.0,subject_difficulty,positive
David German ,Mathematics department,3.5,2.0,practical_sessions,positive
David German ,Mathematics department,3.5,2.0,subject_difficulty,positive
David German ,Mathematics department,4.5,1.0,teaching_pace,positive
David German ,Mathematics department,4.5,1.0,study_material,positive
David German ,Mathematics department,4.5,1.0,practical_sessions,positive
David German ,Mathematics department,4.5,1.0,subject_difficulty,positive
David German ,Mathematics department,4.5,3.0,explanation_clarity,negative
David German ,Mathematics department,4.5,3.0,doubt_solving,negative
David German ,Mathematics department,4.5,3.0,study_material,negative
David German ,Mathematics department,4.5,3.0,practical_sessions,negative
David German ,Mathematics department,4.5,3.0,faculty_availability,negative
David German ,Mathematics department,2.0,4.0,explanation_clarity,neutral
David German ,Mathematics department,2.0,4.0,study_material,neutral
David German ,Mathematics department,2.0,4.0,practical_sessions,neutral
David German ,Mathematics department,4.5,4.0,explanation_clarity,positive
David German ,Mathematics department,4.5,4.0,doubt_solving,positive
David German ,Mathematics department,4.5,4.0,practical_sessions,positive
David German ,Mathematics department,4.5,4.0,subject_difficulty,positive
Nzinga Broussard ,Economics department,1.5,4.0,doubt_solving,negative
Nzinga Broussard ,Economics department,1.5,4.0,practical_sessions,negative
Nzinga Broussard ,Economics department,1.5,4.0,faculty_availability,negative
Nzinga Broussard ,Economics department,1.5,4.0,subject_difficulty,negative
Nzinga Broussard ,Economics department,4.5,1.0,study_material,positive
Nzinga Broussard ,Economics department,4.5,1.0,practical_sessions,positive
Nzinga Broussard ,Economics department,1.5,5.0,doubt_solving,negative
Nzinga Broussard ,Economics department,1.0,4.0,subject_difficulty,negative
Nzinga Broussard ,Economics department,2.0,4.0,study_material,negative
Nzinga Broussard ,Economics department,4.0,2.0,explanation_clarity,positive
Nzinga Broussard ,Economics department,4.0,2.0,doubt_solving,positive
Nzinga Broussard ,Economics department,4.0,2.0,practical_sessions,positive
Nzinga Broussard ,Economics department,4.0,3.0,doubt_solving,positive
Nzinga Broussard ,Economics department,4.0,3.0,faculty_availability,positive
Nzinga Broussard ,Economics department,1.0,4.0,explanation_clarity,negative
Nzinga Broussard ,Economics department,1.0,4.0,doubt_solving,negative
Nzinga Broussard ,Economics department,1.0,4.0,faculty_availability,negative
Nzinga Broussard ,Economics department,1.0,4.0,subject_difficulty,negative
Nzinga Broussard ,Economics department,3.5,2.0,teaching_pace,positive
Nzinga Broussard ,Economics department,3.5,2.0,study_material,positive
Nzinga Broussard ,Economics department,3.5,2.0,practical_sessions,positive
Nzinga Broussard ,Economics department,3.5,2.0,subject_difficulty,positive
Nzinga Broussard ,Economics department,3.0,3.0,study_material,positive
Nzinga Broussard ,Economics department,3.0,3.0,practical_sessions,positive
Nzinga Broussard ,Economics department,3.0,3.0,subject_difficulty,positive
Nzinga Broussard ,Economics department,3.0,4.0,explanation_clarity,negative
Nzinga Broussard ,Economics department,3.0,4.0,study_material,negative
Nzinga Broussard ,Economics department,3.0,4.0,practical_sessions,negative
Nzinga Broussard ,Economics department,1.5,4.0,explanation_clarity,negative
Nzinga Broussard ,Economics department,1.5,4.0,doubt_solving,negative
Nzinga Broussard ,Economics department,1.5,4.0,study_material,negative
Nzinga Broussard ,Economics department,1.5,4.0,practical_sessions,negative
Nzinga Broussard ,Economics department,2.5,4.0,explanation_clarity,positive
Nzinga Broussard ,Economics department,1.0,5.0,explanation_clarity,negative
Nzinga Broussard ,Economics department,1.0,5.0,doubt_solving,negative
Nzinga Broussard ,Economics department,1.0,5.0,faculty_availability,negative
Nzinga Broussard ,Economics department,1.0,5.0,subject_difficulty,negative
Nzinga Broussard ,Economics department,1.0,4.0,explanation_clarity,negative
Nzinga Broussard ,Economics department,1.0,4.0,doubt_solving,negative
Nzinga Broussard ,Economics department,1.0,4.0,study_material,negative
Nzinga Broussard ,Economics department,1.0,4.0,practical_sessions,negative
Nzinga Broussard ,Economics department,1.0,4.0,subject_difficulty,negative
Amy Chow ,Biology department,3.5,3.0,practical_sessions,negative
Amy Chow ,Biology department,3.5,3.0,subject_difficulty,negative
Amy Chow ,Biology department,1.5,4.0,explanation_clarity,negative
Amy Chow ,Biology department,1.5,4.0,doubt_solving,negative
Amy Chow ,Biology department,1.5,4.0,practical_sessions,negative
Amy Chow ,Biology department,1.5,4.0,subject_difficulty,negative
Amy Chow ,Biology department,1.0,5.0,explanation_clarity,negative
Amy Chow ,Biology department,1.0,5.0,practical_sessions,negative
Amy Chow ,Biology department,1.0,5.0,subject_difficulty,negative
Amy Chow ,Biology department,1.0,4.0,doubt_solving,negative
Amy Chow ,Biology department,1.0,4.0,practical_sessions,negative
Amy Chow ,Biology department,3.0,4.0,explanation_clarity,negative
Amy Chow ,Biology department,3.0,4.0,doubt_solving,negative
Amy Chow ,Biology department,3.0,4.0,practical_sessions,negative
Amy Chow ,Biology department,1.5,4.0,explanation_clarity,negative
Amy Chow ,Biology department,1.5,4.0,doubt_solving,negative
Amy Chow ,Biology department,1.5,4.0,study_material,negative
E Aksoy ,Economics department,5.0,1.0,study_material,positive
E Aksoy ,Economics department,5.0,1.0,practical_sessions,positive
E Aksoy ,Economics department,4.0,1.0,subject_difficulty,positive
Albert Park ,History department,5.0,3.0,explanation_clarity,positive
Albert Park ,History department,5.0,3.0,practical_sessions,positive
Albert Park ,History department,1.0,3.0,explanation_clarity,negative
Albert Park ,History department,1.0,3.0,study_material,negative
Albert Park ,History department,1.0,3.0,practical_sessions,negative
Albert Park ,History department,1.0,3.0,faculty_availability,negative
Albert Park ,History department,4.5,2.0,explanation_clarity,positive
Albert Park ,History department,4.5,2.0,doubt_solving,positive
Albert Park ,History department,4.5,2.0,study_material,positive
Albert Park ,History department,4.5,2.0,study_material,positive
Albert Park ,History department,4.5,2.0,subject_difficulty,positive
Albert Park ,History department,5.0,1.0,explanation_clarity,positive
Albert Park ,History department,5.0,1.0,study_material,positive
Deepak Shimkhada ,Religion & Philosophy department,3.0,3.0,study_material,positive
Deepak Shimkhada ,Religion & Philosophy department,3.0,3.0,subject_difficulty,positive
Cameron Shelton ,Economics department,5.0,4.0,faculty_availability,positive
Cameron Shelton ,Economics department,5.0,4.0,subject_difficulty,positive
Cameron Shelton ,Economics department,5.0,4.0,doubt_solving,positive
Cameron Shelton ,Economics department,5.0,4.0,study_material,positive
Cameron Shelton ,Economics department,5.0,4.0,practical_sessions,positive
Cameron Shelton ,Economics department,5.0,4.0,faculty_availability,positive
Cameron Shelton ,Economics department,5.0,4.0,subject_difficulty,positive
Cameron Shelton ,Economics department,5.0,4.0,doubt_solving,positive
Cameron Shelton ,Economics department,5.0,4.0,study_material,positive
Cameron Shelton ,Economics department,5.0,4.0,subject_difficulty,positive
Cameron Shelton ,Economics department,5.0,4.0,doubt_solving,positive
Cameron Shelton ,Economics department,5.0,4.0,faculty_availability,positive
Cameron Shelton ,Economics department,5.0,4.0,subject_difficulty,positive
Cameron Shelton ,Economics department,4.5,4.0,explanation_clarity,positive
Cameron Shelton ,Economics department,4.5,4.0,teaching_pace,positive
Cameron Shelton ,Economics department,4.5,4.0,doubt_solving,positive
Cameron Shelton ,Economics department,4.5,4.0,study_material,positive
Cameron Shelton ,Economics department,4.5,4.0,subject_difficulty,positive
Cameron Shelton ,Economics department,3.5,5.0,doubt_solving,positive
Cameron Shelton ,Economics department,3.5,5.0,subject_difficulty,positive
Cameron Shelton ,Economics department,4.5,4.0,doubt_solving,positive
Cameron Shelton ,Economics department,4.5,4.0,study_material,positive
Cameron Shelton ,Economics department,4.5,4.0,practical_sessions,positive
Cameron Shelton ,Economics department,4.5,4.0,faculty_availability,positive
Cameron Shelton ,Economics department,4.5,4.0,subject_difficulty,positive
Cameron Shelton ,Economics department,5.0,4.0,subject_difficulty,positive
Cameron Shelton ,Economics department,5.0,4.0,practical_sessions,neutral
Cameron Shelton ,Economics department,5.0,4.0,subject_difficulty,neutral
Cameron Shelton ,Economics department,5.0,2.0,explanation_clarity,negative
Cameron Shelton ,Economics department,5.0,2.0,doubt_solving,negative
Cameron Shelton ,Economics department,5.0,2.0,study_material,negative
Cameron Shelton ,Economics department,5.0,2.0,practical_sessions,negative
Cameron Shelton ,Economics department,5.0,2.0,subject_difficulty,negative
Cameron Shelton ,Economics department,4.0,4.0,practical_sessions,negative
Cameron Shelton ,Economics department,4.0,4.0,subject_difficulty,negative
Cameron Shelton ,Economics department,5.0,3.0,subject_difficulty,positive
Cameron Shelton ,Economics department,5.0,3.0,doubt_solving,positive
Cameron Shelton ,Economics department,5.0,4.0,subject_difficulty,positive
Cameron Shelton ,Economics department,5.0,4.0,explanation_clarity,positive
Cameron Shelton ,Economics department,5.0,4.0,doubt_solving,positive
Cameron Shelton ,Economics department,5.0,3.0,explanation_clarity,positive
Cameron Shelton ,Economics department,5.0,3.0,doubt_solving,positive
Cameron Shelton ,Economics department,5.0,3.0,faculty_availability,positive
Cameron Shelton ,Economics department,5.0,4.0,explanation_clarity,positive
Cameron Shelton ,Economics department,5.0,3.0,explanation_clarity,positive
Cameron Shelton ,Economics department,5.0,3.0,doubt_solving,positive
Cameron Shelton ,Economics department,5.0,3.0,practical_sessions,positive
Cameron Shelton ,Economics department,5.0,3.0,faculty_availability,positive
Cameron Shelton ,Economics department,5.0,3.0,subject_difficulty,positive
Eric Hughson ,Economics department,5.0,5.0,study_material,positive
Eric Hughson ,Economics department,5.0,5.0,practical_sessions,positive
Eric Hughson ,Economics department,5.0,1.0,explanation_clarity,positive
Eric Hughson ,Economics department,5.0,1.0,teaching_pace,positive
Eric Hughson ,Economics department,5.0,1.0,doubt_solving,positive
Eric Hughson ,Economics department,5.0,1.0,study_material,positive
Eric Hughson ,Economics department,5.0,1.0,practical_sessions,positive
Eric Hughson ,Economics department,2.5,3.0,study_material,negative
Eric Hughson ,Economics department,2.5,4.0,explanation_clarity,negative
Eric Hughson ,Economics department,2.5,4.0,subject_difficulty,negative
Jonathan Karpel ,Biology department,1.0,4.0,explanation_clarity,negative
Jonathan Karpel ,Biology department,1.0,4.0,doubt_solving,negative
Jonathan Karpel ,Biology department,1.0,4.0,faculty_availability,negative
Jonathan Karpel ,Biology department,4.0,5.0,study_material,negative
Jonathan Karpel ,Biology department,4.0,5.0,practical_sessions,negative
Jonathan Karpel ,Biology department,4.0,5.0,subject_difficulty,negative
Jonathan Karpel ,Biology department,1.5,5.0,explanation_clarity,negative
Jonathan Karpel ,Biology department,1.5,5.0,doubt_solving,negative
Jonathan Karpel ,Biology department,1.5,5.0,practical_sessions,negative
Jonathan Karpel ,Biology department,4.5,1.0,explanation_clarity,positive
Jonathan Karpel ,Biology department,4.5,1.0,practical_sessions,positive
Jonathan Karpel ,Biology department,3.5,5.0,doubt_solving,positive
Jonathan Karpel ,Biology department,3.5,5.0,practical_sessions,positive
Jonathan Karpel ,Biology department,3.5,5.0,faculty_availability,positive
Jonathan Karpel ,Biology department,3.5,5.0,subject_difficulty,positive
Jonathan Karpel ,Biology department,1.0,4.0,explanation_clarity,negative
Jonathan Karpel ,Biology department,1.0,4.0,doubt_solving,negative
Jonathan Karpel ,Biology department,1.0,4.0,study_material,negative
Jonathan Karpel ,Biology department,1.0,4.0,practical_sessions,negative
Jonathan Karpel ,Biology department,4.0,1.0,subject_difficulty,positive
Amir Barnea ,Economics department,2.5,4.0,explanation_clarity,positive
Amir Barnea ,Economics department,2.5,4.0,study_material,positive
Amir Barnea ,Economics department,2.5,4.0,subject_difficulty,positive
Amir Barnea ,Economics department,2.0,2.0,doubt_solving,negative
Amir Barnea ,Economics department,2.0,2.0,study_material,negative
Jamaica Kincaid ,Literature department,2.5,2.0,explanation_clarity,positive
Katherine Noel ,Literature department,4.5,3.0,doubt_solving,positive
Katherine Noel ,Literature department,4.5,3.0,study_material,positive
Katherine Noel ,Literature department,4.5,4.0,study_material,positive
Noel Birondo ,Philosophy department,5.0,3.0,explanation_clarity,positive
Minxin Pei ,Government department,5.0,4.0,explanation_clarity,positive
Minxin Pei ,Government department,5.0,4.0,teaching_pace,positive
Minxin Pei ,Government department,5.0,4.0,doubt_solving,positive
Minxin Pei ,Government department,4.0,4.0,explanation_clarity,positive
Minxin Pei ,Government department,4.0,4.0,doubt_solving,positive
Minxin Pei ,Government department,4.0,4.0,study_material,positive
Minxin Pei ,Government department,4.0,4.0,faculty_availability,positive
Minxin Pei ,Government department,4.0,4.0,subject_difficulty,positive
Minxin Pei ,Government department,5.0,4.0,explanation_clarity,positive
Minxin Pei ,Government department,5.0,4.0,doubt_solving,positive
Minxin Pei ,Government department,5.0,4.0,study_material,positive
Minxin Pei ,Government department,5.0,4.0,practical_sessions,positive
Minxin Pei ,Government department,5.0,4.0,faculty_availability,positive
Minxin Pei ,Government department,5.0,4.0,subject_difficulty,positive
Minxin Pei ,Government department,5.0,4.0,explanation_clarity,positive
Minxin Pei ,Government department,5.0,4.0,explanation_clarity,positive
Minxin Pei ,Government department,5.0,4.0,study_material,positive
Minxin Pei ,Government department,1.5,4.0,doubt_solving,negative
Minxin Pei ,Government department,1.5,4.0,faculty_availability,negative
Minxin Pei ,Government department,4.5,2.0,explanation_clarity,positive
Minxin Pei ,Government department,4.5,2.0,study_material,positive
Minxin Pei ,Government department,4.5,2.0,practical_sessions,positive
Minxin Pei ,Government department,4.5,2.0,subject_difficulty,positive
Minxin Pei ,Government department,4.5,3.0,explanation_clarity,positive
Minxin Pei ,Government department,4.5,3.0,explanation_clarity,positive
Minxin Pei ,Government department,4.5,3.0,doubt_solving,positive
Minxin Pei ,Government department,4.5,3.0,faculty_availability,positive
Minxin Pei ,Government department,4.5,3.0,subject_difficulty,positive
Minxin Pei ,Government department,4.5,4.0,explanation_clarity,positive
Minxin Pei ,Government department,4.5,4.0,doubt_solving,positive
Raquel Vega-Duran ,Modern Languages department,5.0,3.0,doubt_solving,positive
Raquel Vega-Duran ,Modern Languages department,5.0,3.0,study_material,positive
Raquel Vega-Duran ,Modern Languages department,5.0,2.0,doubt_solving,positive
Raquel Vega-Duran ,Modern Languages department,5.0,2.0,study_material,positive
Raquel Vega-Duran ,Modern Languages department,5.0,2.0,subject_difficulty,positive
Raquel Vega-Duran ,Modern Languages department,2.5,2.0,explanation_clarity,negative
Raquel Vega-Duran ,Modern Languages department,2.5,2.0,practical_sessions,negative
Raquel Vega-Duran ,Modern Languages department,2.5,2.0,faculty_availability,negative
Raquel Vega-Duran ,Modern Languages department,5.0,2.0,study_material,positive
Raquel Vega-Duran ,Modern Languages department,5.0,2.0,subject_difficulty,positive
Raquel Vega-Duran ,Modern Languages department,5.0,2.0,practical_sessions,positive
Raquel Vega-Duran ,Modern Languages department,5.0,2.0,subject_difficulty,positive
Ryan Carhart ,Literature department,4.5,3.0,doubt_solving,positive
Ryan Carhart ,Literature department,4.5,3.0,subject_difficulty,positive
Ryan Carhart ,Literature department,5.0,3.0,doubt_solving,positive
Ryan Carhart ,Literature department,4.0,3.0,explanation_clarity,positive
Ryan Carhart ,Literature department,4.0,3.0,doubt_solving,positive
Ryan Carhart ,Literature department,4.0,3.0,study_material,positive
Ryan Carhart ,Literature department,4.5,1.0,doubt_solving,positive
Ryan Carhart ,Literature department,4.5,1.0,subject_difficulty,positive
Myung-Koo Kang ,Government department,3.0,3.0,doubt_solving,negative
Myung-Koo Kang ,Government department,3.0,3.0,faculty_availability,negative
Myung-Koo Kang ,Government department,3.0,3.0,subject_difficulty,negative
Constance Rossum ,Government department,2.0,2.0,explanation_clarity,negative
Constance Rossum ,Government department,4.0,4.0,study_material,positive
Yosef Bonaparte ,Economics department,5.0,1.0,doubt_solving,positive
Yosef Bonaparte ,Economics department,5.0,1.0,practical_sessions,positive
Yosef Bonaparte ,Economics department,5.0,1.0,faculty_availability,positive
Michael O'Brien ,Mathematics department,1.0,4.0,explanation_clarity,negative
Michael O'Brien ,Mathematics department,1.0,4.0,subject_difficulty,negative
Robert Kojima ,Chemistry department,5.0,3.0,practical_sessions,positive
Robert Kojima ,Chemistry department,5.0,3.0,explanation_clarity,positive
Robert Kojima ,Chemistry department,5.0,3.0,doubt_solving,positive
Robert Kojima ,Chemistry department,5.0,3.0,practical_sessions,positive
Robert Kojima ,Chemistry department,4.0,4.0,explanation_clarity,positive
Robert Kojima ,Chemistry department,4.0,4.0,doubt_solving,positive
Robert Kojima ,Chemistry department,4.0,4.0,practical_sessions,positive
Robert Kojima ,Chemistry department,5.0,1.0,doubt_solving,positive
Robert Kojima ,Chemistry department,5.0,1.0,practical_sessions,positive
Robert Kojima ,Chemistry department,5.0,1.0,faculty_availability,positive
Robert Kojima ,Chemistry department,3.5,4.0,doubt_solving,negative
Robert Kojima ,Chemistry department,3.5,4.0,study_material,negative
Robert Kojima ,Chemistry department,3.5,4.0,subject_difficulty,negative
Robert Kojima ,Chemistry department,1.0,5.0,explanation_clarity,negative
Robert Kojima ,Chemistry department,1.0,5.0,study_material,negative
Robert Kojima ,Chemistry department,1.0,1.0,practical_sessions,negative
Robert Kojima ,Chemistry department,3.5,5.0,practical_sessions,negative
Robert Kojima ,Chemistry department,3.5,5.0,subject_difficulty,negative
Robert Kojima ,Chemistry department,3.5,3.0,teaching_pace,negative
Robert Kojima ,Chemistry department,3.5,3.0,doubt_solving,negative
Robert Kojima ,Chemistry department,3.5,3.0,study_material,negative
Robert Kojima ,Chemistry department,3.5,3.0,practical_sessions,negative
Robert Kojima ,Chemistry department,3.5,3.0,faculty_availability,negative
Robert Kojima ,Chemistry department,3.5,3.0,subject_difficulty,negative
Robert Kojima ,Chemistry department,2.5,3.0,explanation_clarity,negative
Robert Kojima ,Chemistry department,2.5,3.0,teaching_pace,negative
Robert Kojima ,Chemistry department,2.5,3.0,study_material,negative
Robert Kojima ,Chemistry department,2.5,3.0,practical_sessions,negative
Robert Kojima ,Chemistry department,2.5,3.0,subject_difficulty,negative
Robert Kojima ,Chemistry department,4.0,5.0,practical_sessions,negative
Robert Kojima ,Chemistry department,4.0,5.0,subject_difficulty,negative
Jessica Malisch ,Biology department,3.0,2.0,doubt_solving,neutral
Jessica Malisch ,Biology department,3.0,2.0,study_material,neutral
Jessica Malisch ,Biology department,3.0,2.0,practical_sessions,neutral
Craig Woelfel ,Literature department,5.0,4.0,explanation_clarity,positive
Craig Woelfel ,Literature department,5.0,4.0,doubt_solving,positive
Craig Woelfel ,Literature department,5.0,4.0,subject_difficulty,positive
Craig Woelfel ,Literature department,5.0,2.0,study_material,positive
Craig Woelfel ,Literature department,5.0,3.0,explanation_clarity,positive
Craig Woelfel ,Literature department,5.0,3.0,doubt_solving,positive
Craig Woelfel ,Literature department,5.0,3.0,subject_difficulty,positive
Kayla Kaiser ,Chemistry department,2.0,3.0,explanation_clarity,negative
Kayla Kaiser ,Chemistry department,2.0,3.0,doubt_solving,negative
Kayla Kaiser ,Chemistry department,2.0,3.0,study_material,negative
Kayla Kaiser ,Chemistry department,2.0,3.0,faculty_availability,negative
Kayla Kaiser ,Chemistry department,3.0,4.0,doubt_solving,negative
Kayla Kaiser ,Chemistry department,3.0,4.0,study_material,negative
Kayla Kaiser ,Chemistry department,3.0,4.0,practical_sessions,negative
Kayla Kaiser ,Chemistry department,1.0,3.0,study_material,negative
Kayla Kaiser ,Chemistry department,1.0,3.0,practical_sessions,negative
Kayla Kaiser ,Chemistry department,4.5,2.0,doubt_solving,positive
Kayla Kaiser ,Chemistry department,4.5,2.0,faculty_availability,positive
Kayla Kaiser ,Chemistry department,4.0,3.0,doubt_solving,negative
Kayla Kaiser ,Chemistry department,4.0,3.0,subject_difficulty,negative
Kayla Kaiser ,Chemistry department,2.0,4.0,explanation_clarity,negative
Kayla Kaiser ,Chemistry department,2.0,4.0,doubt_solving,negative
Kayla Kaiser ,Chemistry department,2.0,4.0,practical_sessions,negative
Kayla Kaiser ,Chemistry department,2.0,4.0,faculty_availability,negative
Kayla Kaiser ,Chemistry department,2.0,4.0,subject_difficulty,negative
Kayla Kaiser ,Chemistry department,4.0,2.0,doubt_solving,positive
Kayla Kaiser ,Chemistry department,4.0,2.0,faculty_availability,positive
Murat Binay ,Economics department,5.0,4.0,explanation_clarity,positive
Murat Binay ,Economics department,5.0,4.0,doubt_solving,positive
Murat Binay ,Economics department,5.0,4.0,study_material,positive
Murat Binay ,Economics department,5.0,4.0,faculty_availability,positive
Murat Binay ,Economics department,5.0,4.0,subject_difficulty,positive
Murat Binay ,Economics department,1.0,3.0,doubt_solving,negative
Murat Binay ,Economics department,1.0,3.0,practical_sessions,negative
Murat Binay ,Economics department,1.0,3.0,faculty_availability,negative
Murat Binay ,Economics department,5.0,4.0,explanation_clarity,positive
Murat Binay ,Economics department,5.0,4.0,study_material,positive
Murat Binay ,Economics department,5.0,4.0,practical_sessions,positive
Murat Binay ,Economics department,5.0,4.0,subject_difficulty,positive
Murat Binay ,Economics department,5.0,3.0,doubt_solving,positive
Murat Binay ,Economics department,5.0,3.0,study_material,positive
Murat Binay ,Economics department,5.0,3.0,subject_difficulty,positive
Murat Binay ,Economics department,5.0,2.0,explanation_clarity,positive
Murat Binay ,Economics department,5.0,2.0,doubt_solving,positive
Murat Binay ,Economics department,5.0,2.0,practical_sessions,positive
Murat Binay ,Economics department,5.0,2.0,faculty_availability,positive
Murat Binay ,Economics department,5.0,2.0,subject_difficulty,positive
Murat Binay ,Economics department,4.5,3.0,doubt_solving,positive
Murat Binay ,Economics department,4.5,3.0,subject_difficulty,positive
Murat Binay ,Economics department,5.0,2.0,doubt_solving,positive
Murat Binay ,Economics department,5.0,2.0,study_material,positive
Murat Binay ,Economics department,5.0,2.0,subject_difficulty,positive
Murat Binay ,Economics department,5.0,2.0,doubt_solving,positive
Murat Binay ,Economics department,5.0,2.0,subject_difficulty,positive
Murat Binay ,Economics department,3.0,4.0,doubt_solving,positive
Murat Binay ,Economics department,3.0,4.0,practical_sessions,positive
Murat Binay ,Economics department,4.0,4.0,doubt_solving,positive
Murat Binay ,Economics department,4.0,4.0,practical_sessions,positive
Murat Binay ,Economics department,4.0,4.0,subject_difficulty,positive
Murat Binay ,Economics department,3.5,1.0,explanation_clarity,positive
Murat Binay ,Economics department,3.5,1.0,practical_sessions,positive
Murat Binay ,Economics department,3.5,1.0,subject_difficulty,positive
Andrew Schroeder ,Philosophy department,5.0,3.0,explanation_clarity,positive
Andrew Schroeder ,Philosophy department,5.0,3.0,practical_sessions,positive
Andrew Schroeder ,Philosophy department,5.0,3.0,subject_difficulty,positive
Andrew Schroeder ,Philosophy department,5.0,4.0,explanation_clarity,positive
Andrew Schroeder ,Philosophy department,5.0,4.0,doubt_solving,positive
Andrew Schroeder ,Philosophy department,5.0,4.0,explanation_clarity,positive
Andrew Schroeder ,Philosophy department,5.0,4.0,doubt_solving,positive
Andrew Schroeder ,Philosophy department,5.0,4.0,study_material,positive
Andrew Schroeder ,Philosophy department,5.0,4.0,faculty_availability,positive
Andrew Schroeder ,Philosophy department,5.0,5.0,explanation_clarity,positive
Andrew Schroeder ,Philosophy department,5.0,5.0,study_material,positive
Andrew Schroeder ,Philosophy department,5.0,5.0,practical_sessions,positive
Andrew Schroeder ,Philosophy department,5.0,5.0,subject_difficulty,positive
Andrew Schroeder ,Philosophy department,5.0,3.0,explanation_clarity,positive
Andrew Schroeder ,Philosophy department,5.0,3.0,doubt_solving,positive
Andrew Schroeder ,Philosophy department,5.0,3.0,study_material,positive
Andrew Schroeder ,Philosophy department,5.0,3.0,subject_difficulty,positive
Andrew Schroeder ,Philosophy department,5.0,3.0,study_material,positive
Andrew Schroeder ,Philosophy department,5.0,3.0,subject_difficulty,positive
Kristin Fabbe ,Government department,5.0,4.0,faculty_availability,positive
Kristin Fabbe ,Government department,5.0,4.0,subject_difficulty,positive
Kristin Fabbe ,Government department,4.0,4.0,study_material,positive
Kristin Fabbe ,Government department,4.0,4.0,practical_sessions,positive
Kristin Fabbe ,Government department,5.0,3.0,practical_sessions,positive
Kristin Fabbe ,Government department,5.0,3.0,explanation_clarity,positive
Kristin Fabbe ,Government department,5.0,3.0,doubt_solving,positive
Kristin Fabbe ,Government department,5.0,3.0,study_material,positive
Kristin Fabbe ,Government department,5.0,3.0,practical_sessions,positive
Emily Navarro ,Computer Science department,1.0,5.0,explanation_clarity,negative
Emily Navarro ,Computer Science department,1.0,5.0,study_material,negative
Brian McGrath ,Literature department,4.5,3.0,explanation_clarity,positive
Brian McGrath ,Literature department,4.5,3.0,doubt_solving,positive
Brian McGrath ,Literature department,4.5,3.0,study_material,positive
Brian McGrath ,Literature department,4.5,3.0,faculty_availability,positive
Brian McGrath ,Literature department,3.5,1.0,study_material,negative
Brian McGrath ,Literature department,3.5,1.0,faculty_availability,negative
Brian McGrath ,Literature department,3.5,1.0,subject_difficulty,negative
Brian McGrath ,Literature department,3.0,2.0,doubt_solving,negative
Brian McGrath ,Literature department,3.0,2.0,faculty_availability,negative
Brian McGrath ,Literature department,3.0,2.0,subject_difficulty,negative
Sarah Smith Orr ,Leadership department,5.0,2.0,doubt_solving,positive
Leland De La Durantaye ,Literature department,5.0,4.0,practical_sessions,positive
Leland De La Durantaye ,Literature department,5.0,4.0,faculty_availability,positive
Leland De La Durantaye ,Literature department,5.0,4.0,subject_difficulty,positive
Leland De La Durantaye ,Literature department,4.0,4.0,explanation_clarity,negative
Leland De La Durantaye ,Literature department,4.0,4.0,doubt_solving,negative
Leland De La Durantaye ,Literature department,4.0,4.0,subject_difficulty,negative
Leland De La Durantaye ,Literature department,5.0,4.0,study_material,positive
Leland De La Durantaye ,Literature department,5.0,4.0,doubt_solving,positive
Leland De La Durantaye ,Literature department,5.0,4.0,study_material,positive
Leland De La Durantaye ,Literature department,5.0,4.0,faculty_availability,positive
Leland De La Durantaye ,Literature department,4.5,4.0,explanation_clarity,positive
Leland De La Durantaye ,Literature department,3.5,4.0,doubt_solving,positive
Leland De La Durantaye ,Literature department,3.5,4.0,faculty_availability,positive
Leland De La Durantaye ,Literature department,3.5,4.0,subject_difficulty,positive
Leland De La Durantaye ,Literature department,5.0,4.0,subject_difficulty,negative
Leland De La Durantaye ,Literature department,5.0,3.0,subject_difficulty,positive
Leland De La Durantaye ,Literature department,1.0,4.0,explanation_clarity,negative
Leland De La Durantaye ,Literature department,1.0,4.0,doubt_solving,negative
Leland De La Durantaye ,Literature department,1.0,4.0,faculty_availability,negative
Leland De La Durantaye ,Literature department,1.0,4.0,subject_difficulty,negative
Leland De La Durantaye ,Literature department,2.0,4.0,explanation_clarity,negative
Leland De La Durantaye ,Literature department,2.0,4.0,doubt_solving,negative
Leland De La Durantaye ,Literature department,2.0,4.0,study_material,negative
Leland De La Durantaye ,Literature department,3.0,3.0,explanation_clarity,positive
Leland De La Durantaye ,Literature department,3.0,3.0,study_material,positive
Leland De La Durantaye ,Literature department,3.0,3.0,subject_difficulty,positive
Leland De La Durantaye ,Literature department,5.0,2.0,doubt_solving,positive
Leland De La Durantaye ,Literature department,5.0,2.0,faculty_availability,positive
Leland De La Durantaye ,Literature department,5.0,2.0,subject_difficulty,positive
Eric Yang ,Philosophy department,4.0,3.0,explanation_clarity,positive
Eric Yang ,Philosophy department,4.0,3.0,doubt_solving,positive
Eric Yang ,Philosophy department,5.0,3.0,explanation_clarity,positive
Eric Yang ,Philosophy department,5.0,3.0,subject_difficulty,positive
Eric Yang ,Philosophy department,4.5,2.0,explanation_clarity,positive
Eric Yang ,Philosophy department,4.5,2.0,study_material,positive
Eric Yang ,Philosophy department,4.5,2.0,subject_difficulty,positive
Eric Yang ,Philosophy department,5.0,2.0,explanation_clarity,positive
Eric Yang ,Philosophy department,4.5,1.0,explanation_clarity,negative
Eric Yang ,Philosophy department,4.5,1.0,doubt_solving,negative
Eric Yang ,Philosophy department,4.5,1.0,subject_difficulty,negative
Eric Yang ,Philosophy department,4.0,2.0,doubt_solving,positive
Eric Yang ,Philosophy department,4.0,2.0,practical_sessions,positive
Eric Yang ,Philosophy department,4.0,2.0,faculty_availability,positive
Eric Yang ,Philosophy department,4.0,2.0,subject_difficulty,positive
Evan Kindley ,Literature department,5.0,2.0,teaching_pace,positive
Evan Kindley ,Literature department,5.0,2.0,doubt_solving,positive
Evan Kindley ,Literature department,5.0,2.0,study_material,positive
Evan Kindley ,Literature department,4.0,2.0,study_material,positive
Evan Kindley ,Literature department,4.0,2.0,faculty_availability,positive
Evan Kindley ,Literature department,4.0,3.0,subject_difficulty,positive
Evan Kindley ,Literature department,3.5,1.0,doubt_solving,positive
Evan Kindley ,Literature department,3.5,1.0,subject_difficulty,positive
Evan Kindley ,Literature department,5.0,3.0,doubt_solving,positive
Evan Kindley ,Literature department,5.0,3.0,faculty_availability,positive
Evan Kindley ,Literature department,5.0,3.0,doubt_solving,positive
Evan Kindley ,Literature department,4.5,4.0,doubt_solving,positive
Evan Kindley ,Literature department,4.5,4.0,study_material,positive
Evan Kindley ,Literature department,4.5,4.0,practical_sessions,positive
Evan Kindley ,Literature department,4.5,4.0,faculty_availability,positive
Evan Kindley ,Literature department,4.5,4.0,subject_difficulty,positive
Evan Kindley ,Literature department,3.5,3.0,explanation_clarity,neutral
Evan Kindley ,Literature department,4.0,1.0,explanation_clarity,positive
Evan Kindley ,Literature department,4.0,1.0,study_material,positive
Evan Kindley ,Literature department,4.0,1.0,subject_difficulty,positive
Evan Kindley ,Literature department,4.0,3.0,doubt_solving,positive
Evan Kindley ,Literature department,4.0,3.0,practical_sessions,positive
Evan Kindley ,Literature department,4.0,3.0,faculty_availability,positive
Evan Kindley ,Literature department,4.0,3.0,subject_difficulty,positive
Evan Kindley ,Literature department,4.5,3.0,doubt_solving,positive
Evan Kindley ,Literature department,4.5,3.0,study_material,positive
Evan Kindley ,Literature department,4.5,3.0,practical_sessions,positive
Evan Kindley ,Literature department,2.0,3.0,doubt_solving,negative
Evan Kindley ,Literature department,2.0,3.0,faculty_availability,negative
David Krumm ,Mathematics department,4.5,3.0,explanation_clarity,positive
David Krumm ,Mathematics department,4.5,3.0,doubt_solving,positive
David Krumm ,Mathematics department,4.5,3.0,study_material,positive
David Krumm ,Mathematics department,4.5,3.0,practical_sessions,positive
David Krumm ,Mathematics department,4.5,3.0,faculty_availability,positive
David Krumm ,Mathematics department,4.5,3.0,subject_difficulty,positive
David Krumm ,Mathematics department,4.0,3.0,explanation_clarity,positive
David Krumm ,Mathematics department,4.0,3.0,subject_difficulty,positive
David Krumm ,Mathematics department,4.0,3.0,explanation_clarity,positive
David Krumm ,Mathematics department,4.0,3.0,doubt_solving,positive
David Krumm ,Mathematics department,4.0,3.0,faculty_availability,positive
David Krumm ,Mathematics department,5.0,1.0,explanation_clarity,positive
David Krumm ,Mathematics department,5.0,1.0,doubt_solving,positive
David Krumm ,Mathematics department,5.0,1.0,study_material,positive
David Krumm ,Mathematics department,5.0,1.0,practical_sessions,positive
David Krumm ,Mathematics department,3.0,4.0,doubt_solving,negative
David Krumm ,Mathematics department,3.0,4.0,practical_sessions,negative
David Krumm ,Mathematics department,3.0,4.0,faculty_availability,negative
David Krumm ,Mathematics department,3.0,4.0,subject_difficulty,negative
David Krumm ,Mathematics department,3.5,1.0,explanation_clarity,positive
David Krumm ,Mathematics department,3.5,1.0,study_material,positive
David Krumm ,Mathematics department,3.5,1.0,practical_sessions,positive
David Krumm ,Mathematics department,1.0,5.0,doubt_solving,negative
David Krumm ,Mathematics department,1.0,5.0,study_material,negative
David Krumm ,Mathematics department,1.0,5.0,practical_sessions,negative
David Krumm ,Mathematics department,1.0,5.0,subject_difficulty,negative
David Krumm ,Mathematics department,1.0,5.0,study_material,negative
David Krumm ,Mathematics department,1.0,5.0,practical_sessions,negative
David Krumm ,Mathematics department,1.0,5.0,subject_difficulty,negative
David Krumm ,Mathematics department,2.0,4.0,subject_difficulty,negative
David Krumm ,Mathematics department,3.5,4.0,doubt_solving,positive
David Krumm ,Mathematics department,3.5,4.0,faculty_availability,positive
David Krumm ,Mathematics department,3.5,4.0,subject_difficulty,positive
Tamara Venit-Shelton ,History department,5.0,3.0,explanation_clarity,positive
Tamara Venit-Shelton ,History department,5.0,3.0,study_material,positive
Tamara Venit-Shelton ,History department,5.0,3.0,practical_sessions,positive
Tamara Venit-Shelton ,History department,4.0,3.0,study_material,positive
Tamara Venit-Shelton ,History department,4.0,3.0,practical_sessions,positive
Tamara Venit-Shelton ,History department,4.0,3.0,subject_difficulty,positive
Tamara Venit-Shelton ,History department,1.0,5.0,explanation_clarity,negative
Tamara Venit-Shelton ,History department,1.0,5.0,doubt_solving,negative
Tamara Venit-Shelton ,History department,1.0,5.0,subject_difficulty,negative
Tamara Venit-Shelton ,History department,5.0,4.0,explanation_clarity,positive
Tamara Venit-Shelton ,History department,5.0,4.0,doubt_solving,positive
Tamara Venit-Shelton ,History department,5.0,4.0,subject_difficulty,positive
Tamara Venit-Shelton ,History department,3.0,4.0,doubt_solving,positive
Tamara Venit-Shelton ,History department,3.0,4.0,faculty_availability,positive
Tamara Venit-Shelton ,History department,3.0,4.0,subject_difficulty,positive
Tamara Venit-Shelton ,History department,1.0,4.0,explanation_clarity,negative
Tamara Venit-Shelton ,History department,1.0,4.0,subject_difficulty,negative
Tamara Venit-Shelton ,History department,5.0,3.0,explanation_clarity,positive
Tamara Venit-Shelton ,History department,5.0,3.0,doubt_solving,positive
Tamara Venit-Shelton ,History department,5.0,3.0,study_material,positive
Tamara Venit-Shelton ,History department,5.0,3.0,practical_sessions,positive
Tamara Venit-Shelton ,History department,5.0,3.0,faculty_availability,positive
Tamara Venit-Shelton ,History department,5.0,2.0,explanation_clarity,positive
Tamara Venit-Shelton ,History department,5.0,2.0,doubt_solving,positive
Tamara Venit-Shelton ,History department,5.0,2.0,explanation_clarity,positive
Tamara Venit-Shelton ,History department,5.0,2.0,doubt_solving,positive
Tamara Venit-Shelton ,History department,5.0,2.0,study_material,positive
Tamara Venit-Shelton ,History department,5.0,2.0,subject_difficulty,positive
Tamara Venit-Shelton ,History department,5.0,2.0,doubt_solving,positive
Tamara Venit-Shelton ,History department,5.0,2.0,study_material,positive
Tamara Venit-Shelton ,History department,5.0,2.0,study_material,positive
Tamara Venit-Shelton ,History department,5.0,2.0,practical_sessions,positive
Tamara Venit-Shelton ,History department,5.0,2.0,subject_difficulty,positive
Robert Iafe ,Chemistry department,5.0,2.0,subject_difficulty,positive
Robert Iafe ,Chemistry department,5.0,2.0,practical_sessions,positive
Robert Iafe ,Chemistry department,5.0,2.0,subject_difficulty,positive
Robert Iafe ,Chemistry department,5.0,2.0,explanation_clarity,positive
Robert Iafe ,Chemistry department,5.0,2.0,doubt_solving,positive
Oana Tocoian ,Economics department,5.0,3.0,doubt_solving,positive
Oana Tocoian ,Economics department,5.0,3.0,faculty_availability,positive
Oana Tocoian ,Economics department,4.0,1.0,practical_sessions,positive
Oana Tocoian ,Economics department,4.0,1.0,subject_difficulty,positive
Oana Tocoian ,Economics department,5.0,4.0,doubt_solving,positive
Oana Tocoian ,Economics department,5.0,4.0,subject_difficulty,positive
Oana Tocoian ,Economics department,3.0,3.0,study_material,negative
Oana Tocoian ,Economics department,3.0,3.0,practical_sessions,negative
Oana Tocoian ,Economics department,3.0,3.0,subject_difficulty,negative
Oana Tocoian ,Economics department,4.5,4.0,explanation_clarity,positive
Oana Tocoian ,Economics department,4.5,4.0,doubt_solving,positive
Oana Tocoian ,Economics department,4.5,4.0,study_material,positive
Oana Tocoian ,Economics department,4.5,4.0,practical_sessions,positive
Oana Tocoian ,Economics department,4.5,4.0,subject_difficulty,positive
Oana Tocoian ,Economics department,4.5,3.0,explanation_clarity,positive
Oana Tocoian ,Economics department,4.5,3.0,doubt_solving,positive
Oana Tocoian ,Economics department,4.5,3.0,study_material,positive
Oana Tocoian ,Economics department,4.5,3.0,faculty_availability,positive
Oana Tocoian ,Economics department,4.5,3.0,subject_difficulty,positive
Oana Tocoian ,Economics department,2.0,5.0,practical_sessions,negative
Oana Tocoian ,Economics department,2.0,5.0,subject_difficulty,negative
Oana Tocoian ,Economics department,2.0,5.0,practical_sessions,negative
Oana Tocoian ,Economics department,2.0,5.0,subject_difficulty,negative
Oana Tocoian ,Economics department,3.0,5.0,study_material,positive
Oana Tocoian ,Economics department,3.0,5.0,practical_sessions,positive
Oana Tocoian ,Economics department,3.0,5.0,subject_difficulty,positive
Oana Tocoian ,Economics department,4.0,3.0,practical_sessions,positive
Oana Tocoian ,Economics department,4.0,3.0,subject_difficulty,positive
Benson Ngo ,Chemistry department,4.0,3.0,explanation_clarity,positive
Benson Ngo ,Chemistry department,4.0,3.0,doubt_solving,positive
Benson Ngo ,Chemistry department,4.0,3.0,study_material,positive
Benson Ngo ,Chemistry department,4.0,3.0,practical_sessions,positive
Benson Ngo ,Chemistry department,4.0,3.0,faculty_availability,positive
Benson Ngo ,Chemistry department,2.0,4.0,explanation_clarity,negative
Benson Ngo ,Chemistry department,2.0,4.0,practical_sessions,negative
Benson Ngo ,Chemistry department,1.5,5.0,explanation_clarity,negative
Benson Ngo ,Chemistry department,1.5,5.0,doubt_solving,negative
Benson Ngo ,Chemistry department,4.5,4.0,doubt_solving,negative
Benson Ngo ,Chemistry department,4.5,4.0,study_material,negative
Benson Ngo ,Chemistry department,4.5,4.0,practical_sessions,negative
Benson Ngo ,Chemistry department,4.5,4.0,subject_difficulty,negative
Benson Ngo ,Chemistry department,3.5,5.0,explanation_clarity,positive
Benson Ngo ,Chemistry department,3.5,5.0,practical_sessions,positive
Benson Ngo ,Chemistry department,3.5,5.0,subject_difficulty,positive
Benson Ngo ,Chemistry department,3.5,4.0,explanation_clarity,positive
Benson Ngo ,Chemistry department,3.5,4.0,doubt_solving,positive
Benson Ngo ,Chemistry department,3.5,4.0,practical_sessions,positive
Benson Ngo ,Chemistry department,3.5,4.0,faculty_availability,positive
Benson Ngo ,Chemistry department,3.5,4.0,subject_difficulty,positive
Benson Ngo ,Chemistry department,4.5,4.0,doubt_solving,positive
Benson Ngo ,Chemistry department,4.5,4.0,study_material,positive
Benson Ngo ,Chemistry department,4.5,4.0,practical_sessions,positive
Benson Ngo ,Chemistry department,4.5,4.0,subject_difficulty,positive
Benson Ngo ,Chemistry department,2.5,4.0,explanation_clarity,negative
Benson Ngo ,Chemistry department,2.5,4.0,doubt_solving,negative
Benson Ngo ,Chemistry department,2.5,4.0,study_material,negative
Benson Ngo ,Chemistry department,2.5,4.0,practical_sessions,negative
Benson Ngo ,Chemistry department,2.5,4.0,faculty_availability,negative
Benson Ngo ,Chemistry department,2.5,4.0,subject_difficulty,negative
Benson Ngo ,Chemistry department,4.0,2.0,practical_sessions,positive
Benson Ngo ,Chemistry department,4.0,2.0,subject_difficulty,positive
Benson Ngo ,Chemistry department,5.0,3.0,doubt_solving,positive
Benson Ngo ,Chemistry department,4.5,2.0,teaching_pace,neutral
Benson Ngo ,Chemistry department,4.5,2.0,study_material,neutral
Deanna Needell ,Mathematics department,1.0,1.0,explanation_clarity,negative
Deanna Needell ,Mathematics department,1.0,1.0,doubt_solving,negative
Deanna Needell ,Mathematics department,5.0,3.0,explanation_clarity,positive
Deanna Needell ,Mathematics department,5.0,3.0,doubt_solving,positive
Deanna Needell ,Mathematics department,5.0,3.0,study_material,positive
Deanna Needell ,Mathematics department,5.0,3.0,faculty_availability,positive
Deanna Needell ,Mathematics department,2.0,3.0,explanation_clarity,negative
Deanna Needell ,Mathematics department,2.0,3.0,doubt_solving,negative
Deanna Needell ,Mathematics department,5.0,2.0,explanation_clarity,positive
Deanna Needell ,Mathematics department,5.0,2.0,practical_sessions,positive
Deanna Needell ,Mathematics department,5.0,2.0,subject_difficulty,positive
Deanna Needell ,Mathematics department,2.0,3.0,explanation_clarity,negative
Deanna Needell ,Mathematics department,2.0,3.0,doubt_solving,negative
Deanna Needell ,Mathematics department,5.0,1.0,explanation_clarity,positive
Deanna Needell ,Mathematics department,5.0,1.0,practical_sessions,positive
Deanna Needell ,Mathematics department,5.0,1.0,subject_difficulty,positive
Deanna Needell ,Mathematics department,4.5,2.0,teaching_pace,negative
Deanna Needell ,Mathematics department,4.5,2.0,study_material,negative
Deanna Needell ,Mathematics department,4.5,2.0,subject_difficulty,negative
Deanna Needell ,Mathematics department,3.0,2.0,teaching_pace,positive
Deanna Needell ,Mathematics department,3.0,2.0,doubt_solving,negative
Douglas McEachern ,Accounting department,1.0,5.0,doubt_solving,negative
Douglas McEachern ,Accounting department,1.0,5.0,study_material,negative
Douglas McEachern ,Accounting department,1.0,5.0,practical_sessions,negative
Douglas McEachern ,Accounting department,1.0,5.0,subject_difficulty,negative
Douglas McEachern ,Accounting department,1.0,5.0,explanation_clarity,negative
Douglas McEachern ,Accounting department,1.0,5.0,doubt_solving,negative
Douglas McEachern ,Accounting department,1.0,5.0,practical_sessions,negative
Douglas McEachern ,Accounting department,1.5,4.0,explanation_clarity,negative
Douglas McEachern ,Accounting department,1.5,4.0,study_material,negative
Douglas McEachern ,Accounting department,1.5,4.0,practical_sessions,negative
Douglas McEachern ,Accounting department,1.5,4.0,subject_difficulty,negative
Douglas McEachern ,Accounting department,1.0,4.0,explanation_clarity,negative
John Sun ,Computer Science department,5.0,3.0,practical_sessions,positive
John Sun ,Computer Science department,5.0,3.0,explanation_clarity,positive
John Sun ,Computer Science department,5.0,3.0,explanation_clarity,positive
John Sun ,Computer Science department,5.0,3.0,subject_difficulty,positive
John Sun ,Computer Science department,4.5,3.0,explanation_clarity,positive
John Sun ,Computer Science department,4.5,3.0,doubt_solving,positive
John Sun ,Computer Science department,4.5,3.0,study_material,positive
John Sun ,Computer Science department,4.5,3.0,subject_difficulty,positive
John Sun ,Computer Science department,4.5,3.0,doubt_solving,positive
John Sun ,Computer Science department,4.0,2.0,explanation_clarity,negative
John Sun ,Computer Science department,4.0,2.0,practical_sessions,negative
John Sun ,Computer Science department,4.0,2.0,faculty_availability,negative
John Sun ,Computer Science department,4.0,2.0,subject_difficulty,negative
Jungmo Yoon ,Economics department,3.5,3.0,explanation_clarity,neutral
Jungmo Yoon ,Economics department,3.5,3.0,doubt_solving,neutral
Jungmo Yoon ,Economics department,3.5,3.0,practical_sessions,neutral
Jungmo Yoon ,Economics department,3.5,3.0,subject_difficulty,neutral
Jungmo Yoon ,Economics department,2.5,3.0,doubt_solving,negative
Jungmo Yoon ,Economics department,2.5,3.0,practical_sessions,negative
Jungmo Yoon ,Economics department,2.5,3.0,faculty_availability,positive
Jungmo Yoon ,Economics department,2.5,3.0,subject_difficulty,negative
Jungmo Yoon ,Economics department,3.5,4.0,practical_sessions,positive
Jungmo Yoon ,Economics department,3.5,4.0,subject_difficulty,positive
Jungmo Yoon ,Economics department,4.5,3.0,doubt_solving,positive
Jungmo Yoon ,Economics department,4.5,3.0,practical_sessions,positive
Jungmo Yoon ,Economics department,4.5,3.0,faculty_availability,positive
Jungmo Yoon ,Economics department,4.0,2.0,explanation_clarity,positive
Jungmo Yoon ,Economics department,4.0,2.0,doubt_solving,positive
Jungmo Yoon ,Economics department,4.0,2.0,study_material,positive
Jungmo Yoon ,Economics department,4.0,2.0,practical_sessions,positive
Jungmo Yoon ,Economics department,4.0,2.0,faculty_availability,positive
Ghenwa Hayek ,Modern Languages department,5.0,3.0,faculty_availability,positive
Ghenwa Hayek ,Modern Languages department,5.0,3.0,subject_difficulty,positive
Ghenwa Hayek ,Modern Languages department,4.0,3.0,doubt_solving,positive
Ghenwa Hayek ,Modern Languages department,4.0,3.0,faculty_availability,positive
Ghenwa Hayek ,Modern Languages department,4.0,3.0,subject_difficulty,positive
Gretchen Stanton ,Chemistry department,2.0,5.0,explanation_clarity,negative
Gretchen Stanton ,Chemistry department,2.0,5.0,teaching_pace,negative
Gretchen Stanton ,Chemistry department,2.0,5.0,doubt_solving,negative
Gretchen Stanton ,Chemistry department,2.0,5.0,faculty_availability,negative
Gretchen Stanton ,Chemistry department,2.5,4.0,doubt_solving,negative
Gretchen Stanton ,Chemistry department,2.5,4.0,practical_sessions,negative
Gretchen Stanton ,Chemistry department,2.5,4.0,faculty_availability,negative
Gretchen Stanton ,Chemistry department,2.0,4.0,practical_sessions,negative
Gretchen Stanton ,Chemistry department,4.0,4.0,explanation_clarity,positive
Gretchen Stanton ,Chemistry department,4.0,4.0,teaching_pace,positive
Gretchen Stanton ,Chemistry department,4.0,4.0,doubt_solving,positive
Gretchen Stanton ,Chemistry department,4.0,4.0,study_material,positive
Gretchen Stanton ,Chemistry department,4.0,4.0,practical_sessions,positive
Gretchen Stanton ,Chemistry department,4.0,4.0,faculty_availability,positive
Gretchen Stanton ,Chemistry department,4.5,2.0,explanation_clarity,positive
Gretchen Stanton ,Chemistry department,4.5,2.0,teaching_pace,positive
Gretchen Stanton ,Chemistry department,4.5,2.0,doubt_solving,positive
Gretchen Stanton ,Chemistry department,4.5,2.0,faculty_availability,positive
Kathryn Stergiopoulos ,Literature department,5.0,4.0,doubt_solving,positive
Kathryn Stergiopoulos ,Literature department,4.5,4.0,doubt_solving,positive
Kathryn Stergiopoulos ,Literature department,4.5,4.0,faculty_availability,positive
Kathryn Stergiopoulos ,Literature department,2.5,4.0,explanation_clarity,negative
Kathryn Stergiopoulos ,Literature department,2.5,4.0,study_material,negative
Kathryn Stergiopoulos ,Literature department,1.5,4.0,doubt_solving,neutral
Kathryn Stergiopoulos ,Literature department,5.0,3.0,doubt_solving,positive
Kathryn Stergiopoulos ,Literature department,5.0,3.0,subject_difficulty,positive
Kathryn Stergiopoulos ,Literature department,2.5,4.0,doubt_solving,negative
Kathryn Stergiopoulos ,Literature department,2.5,4.0,faculty_availability,negative
Kathryn Stergiopoulos ,Literature department,3.5,4.0,explanation_clarity,positive
Kathryn Stergiopoulos ,Literature department,3.5,4.0,study_material,positive
Kathryn Stergiopoulos ,Literature department,3.5,4.0,practical_sessions,positive
Kathryn Stergiopoulos ,Literature department,4.5,3.0,explanation_clarity,negative
Kathryn Stergiopoulos ,Literature department,4.5,3.0,doubt_solving,negative
Kathryn Stergiopoulos ,Literature department,4.5,3.0,practical_sessions,negative
Kathryn Stergiopoulos ,Literature department,4.5,3.0,subject_difficulty,negative
Lindsey Sterling ,Psychology department,2.5,3.0,explanation_clarity,negative
Lindsey Sterling ,Psychology department,2.5,3.0,practical_sessions,negative
Lindsey Sterling ,Psychology department,2.5,3.0,subject_difficulty,negative
Lindsey Sterling ,Psychology department,4.5,2.0,explanation_clarity,positive
Lindsey Sterling ,Psychology department,4.5,2.0,doubt_solving,positive
Lindsey Sterling ,Psychology department,4.5,2.0,subject_difficulty,positive
Giulio Pertile ,Literature department,5.0,4.0,study_material,positive
Giulio Pertile ,Literature department,5.0,4.0,explanation_clarity,positive
Giulio Pertile ,Literature department,5.0,4.0,study_material,positive
Giulio Pertile ,Literature department,5.0,4.0,subject_difficulty,positive
Giulio Pertile ,Literature department,5.0,4.0,doubt_solving,positive
Giulio Pertile ,Literature department,5.0,4.0,faculty_availability,positive
Giulio Pertile ,Literature department,5.0,4.0,subject_difficulty,positive
Giulio Pertile ,Literature department,4.0,3.0,doubt_solving,positive
Giulio Pertile ,Literature department,4.0,3.0,study_material,positive
Giulio Pertile ,Literature department,4.0,3.0,practical_sessions,positive
Giulio Pertile ,Literature department,4.0,3.0,faculty_availability,positive
Giulio Pertile ,Literature department,4.5,3.0,explanation_clarity,positive
Giulio Pertile ,Literature department,4.5,3.0,doubt_solving,positive
Giulio Pertile ,Literature department,4.5,3.0,study_material,positive
Giulio Pertile ,Literature department,4.5,3.0,faculty_availability,positive
Peter Bergevin ,Economics department,3.0,1.0,study_material,negative
Peter Bergevin ,Economics department,3.0,1.0,practical_sessions,negative
Peter Bergevin ,Economics department,3.0,1.0,subject_difficulty,negative
Peter Bergevin ,Economics department,5.0,2.0,doubt_solving,positive
Peter Bergevin ,Economics department,5.0,2.0,study_material,positive
Peter Bergevin ,Economics department,4.5,2.0,explanation_clarity,positive
Peter Bergevin ,Economics department,4.5,2.0,practical_sessions,positive
Peter Bergevin ,Economics department,4.5,2.0,subject_difficulty,positive
Peter Bergevin ,Economics department,4.5,2.0,explanation_clarity,positive
Peter Bergevin ,Economics department,4.5,2.0,practical_sessions,positive
Shanna Rose ,Government department,5.0,4.0,study_material,positive
Shanna Rose ,Government department,5.0,4.0,practical_sessions,positive
Shanna Rose ,Government department,5.0,4.0,subject_difficulty,positive
Shanna Rose ,Government department,5.0,3.0,doubt_solving,positive
Shanna Rose ,Government department,5.0,3.0,faculty_availability,positive
Shanna Rose ,Government department,5.0,3.0,subject_difficulty,positive
Shanna Rose ,Government department,4.0,4.0,explanation_clarity,positive
Shanna Rose ,Government department,4.0,4.0,doubt_solving,positive
Shanna Rose ,Government department,4.0,4.0,study_material,positive
Shanna Rose ,Government department,4.0,4.0,practical_sessions,positive
Shanna Rose ,Government department,4.0,4.0,faculty_availability,positive
Shanna Rose ,Government department,4.0,4.0,subject_difficulty,positive
Shanna Rose ,Government department,5.0,3.0,doubt_solving,positive
Shanna Rose ,Government department,5.0,4.0,explanation_clarity,positive
Shanna Rose ,Government department,5.0,4.0,study_material,positive
Shanna Rose ,Government department,5.0,3.0,doubt_solving,positive
Shanna Rose ,Government department,5.0,3.0,study_material,positive
Blake Hunter ,Mathematics department,5.0,3.0,explanation_clarity,positive
Blake Hunter ,Mathematics department,5.0,3.0,doubt_solving,positive
Blake Hunter ,Mathematics department,5.0,3.0,study_material,positive
Blake Hunter ,Mathematics department,5.0,3.0,practical_sessions,positive
Blake Hunter ,Mathematics department,5.0,3.0,faculty_availability,positive
Blake Hunter ,Mathematics department,5.0,3.0,subject_difficulty,positive
Blake Hunter ,Mathematics department,4.0,2.0,explanation_clarity,positive
Blake Hunter ,Mathematics department,4.0,2.0,practical_sessions,positive
Blake Hunter ,Mathematics department,4.0,3.0,explanation_clarity,positive
Blake Hunter ,Mathematics department,4.0,3.0,study_material,positive
Blake Hunter ,Mathematics department,4.0,3.0,practical_sessions,positive
Blake Hunter ,Mathematics department,4.0,3.0,subject_difficulty,positive
Blake Hunter ,Mathematics department,3.0,5.0,explanation_clarity,positive
Blake Hunter ,Mathematics department,3.0,5.0,study_material,positive
Blake Hunter ,Mathematics department,3.0,5.0,practical_sessions,positive
Blake Hunter ,Mathematics department,3.0,5.0,subject_difficulty,positive
Blake Hunter ,Mathematics department,5.0,3.0,practical_sessions,positive
Ian Hopper ,History department,5.0,3.0,doubt_solving,positive
Ian Hopper ,History department,5.0,3.0,study_material,positive
Ian Hopper ,History department,5.0,3.0,practical_sessions,positive
Ian Hopper ,History department,5.0,3.0,faculty_availability,positive
Ian Hopper ,History department,5.0,3.0,subject_difficulty,positive
Ian Hopper ,History department,1.0,5.0,explanation_clarity,negative
Ian Hopper ,History department,1.0,5.0,study_material,negative
Ian Hopper ,History department,1.0,5.0,practical_sessions,negative
Ian Hopper ,History department,5.0,3.0,practical_sessions,positive
Ian Hopper ,History department,5.0,3.0,subject_difficulty,positive
Ian Hopper ,History department,4.5,3.0,study_material,positive
Ian Hopper ,History department,4.5,3.0,explanation_clarity,positive
Ian Hopper ,History department,4.5,3.0,practical_sessions,positive
Ian Hopper ,History department,4.5,3.0,subject_difficulty,positive
Ian Hopper ,History department,4.5,4.0,explanation_clarity,positive
Ian Hopper ,History department,4.5,4.0,doubt_solving,positive
Ian Hopper ,History department,4.5,4.0,study_material,positive
Ian Hopper ,History department,4.5,4.0,practical_sessions,positive
Ian Hopper ,History department,3.5,4.0,doubt_solving,negative
Ian Hopper ,History department,3.5,4.0,practical_sessions,negative
Ian Hopper ,History department,3.5,4.0,faculty_availability,negative
Ian Hopper ,History department,3.5,4.0,subject_difficulty,negative
Airlie Rinaldi ,Chemistry department,4.5,2.0,doubt_solving,positive
Airlie Rinaldi ,Chemistry department,4.5,2.0,study_material,positive
Airlie Rinaldi ,Chemistry department,4.5,2.0,practical_sessions,positive
Airlie Rinaldi ,Chemistry department,4.5,2.0,faculty_availability,positive
Neeraja Dashaputre ,Chemistry department,4.5,3.0,doubt_solving,positive
Neeraja Dashaputre ,Chemistry department,5.0,3.0,explanation_clarity,positive
Neeraja Dashaputre ,Chemistry department,5.0,3.0,teaching_pace,positive
Neeraja Dashaputre ,Chemistry department,5.0,3.0,doubt_solving,positive
Neeraja Dashaputre ,Chemistry department,5.0,3.0,practical_sessions,positive
Neeraja Dashaputre ,Chemistry department,5.0,3.0,faculty_availability,positive
Neeraja Dashaputre ,Chemistry department,5.0,4.0,doubt_solving,negative
Neeraja Dashaputre ,Chemistry department,5.0,4.0,practical_sessions,negative
Neeraja Dashaputre ,Chemistry department,5.0,4.0,subject_difficulty,negative
Neeraja Dashaputre ,Chemistry department,4.0,4.0,explanation_clarity,positive
Neeraja Dashaputre ,Chemistry department,4.0,4.0,teaching_pace,positive
Neeraja Dashaputre ,Chemistry department,4.0,4.0,doubt_solving,positive
Neeraja Dashaputre ,Chemistry department,4.0,4.0,practical_sessions,positive
Neeraja Dashaputre ,Chemistry department,5.0,3.0,doubt_solving,positive
Neeraja Dashaputre ,Chemistry department,5.0,3.0,practical_sessions,positive
Neeraja Dashaputre ,Chemistry department,5.0,3.0,faculty_availability,positive
Neeraja Dashaputre ,Chemistry department,5.0,3.0,subject_difficulty,positive
Neeraja Dashaputre ,Chemistry department,5.0,3.0,explanation_clarity,positive
Neeraja Dashaputre ,Chemistry department,5.0,3.0,doubt_solving,positive
Neeraja Dashaputre ,Chemistry department,5.0,3.0,practical_sessions,positive
Neeraja Dashaputre ,Chemistry department,5.0,3.0,faculty_availability,positive
Neeraja Dashaputre ,Chemistry department,5.0,3.0,subject_difficulty,positive
Neeraja Dashaputre ,Chemistry department,4.5,2.0,doubt_solving,positive
Mitch Warachka ,Economics department,4.5,1.0,subject_difficulty,positive
Mitch Warachka ,Economics department,4.5,3.0,explanation_clarity,positive
Mitch Warachka ,Economics department,4.5,3.0,doubt_solving,positive
Mitch Warachka ,Economics department,4.5,3.0,study_material,positive
Mitch Warachka ,Economics department,4.5,3.0,practical_sessions,positive
Mitch Warachka ,Economics department,4.5,3.0,faculty_availability,positive
Ilai  Saltzman ,Government department,3.5,3.0,teaching_pace,positive
Ilai  Saltzman ,Government department,3.5,3.0,study_material,positive
Cameron Iverson ,Chemistry department,4.0,3.0,explanation_clarity,positive
Cameron Iverson ,Chemistry department,4.0,3.0,doubt_solving,positive
Cameron Iverson ,Chemistry department,4.0,3.0,practical_sessions,positive
Cameron Iverson ,Chemistry department,3.0,4.0,doubt_solving,negative
Cameron Iverson ,Chemistry department,3.0,4.0,study_material,negative
Cameron Iverson ,Chemistry department,3.0,4.0,practical_sessions,negative
Cameron Iverson ,Chemistry department,3.0,4.0,faculty_availability,negative
Cameron Iverson ,Chemistry department,3.0,4.0,subject_difficulty,negative
Cameron Iverson ,Chemistry department,1.0,2.0,explanation_clarity,negative
Cameron Iverson ,Chemistry department,1.0,2.0,doubt_solving,negative
Cameron Iverson ,Chemistry department,1.0,2.0,practical_sessions,negative
Cameron Iverson ,Chemistry department,1.0,2.0,subject_difficulty,negative
Cameron Iverson ,Chemistry department,4.0,3.0,doubt_solving,positive
Cameron Iverson ,Chemistry department,4.0,3.0,practical_sessions,positive
Cameron Iverson ,Chemistry department,4.0,3.0,faculty_availability,positive
Joseph Cohen ,Biology department,5.0,4.0,explanation_clarity,positive
Joseph Cohen ,Biology department,5.0,4.0,doubt_solving,positive
Joseph Cohen ,Biology department,5.0,4.0,faculty_availability,positive
Joseph Cohen ,Biology department,5.0,4.0,subject_difficulty,positive
Joseph Cohen ,Biology department,5.0,4.0,explanation_clarity,positive
Joseph Cohen ,Biology department,5.0,4.0,doubt_solving,positive
Joseph Cohen ,Biology department,5.0,4.0,practical_sessions,positive
Joseph Cohen ,Biology department,5.0,4.0,faculty_availability,positive
Joseph Cohen ,Biology department,5.0,4.0,subject_difficulty,positive
Joseph Cohen ,Biology department,5.0,4.0,explanation_clarity,positive
Joseph Cohen ,Biology department,5.0,4.0,doubt_solving,positive
Joseph Cohen ,Biology department,5.0,4.0,study_material,positive
Joseph Cohen ,Biology department,5.0,4.0,faculty_availability,positive
Joseph Cohen ,Biology department,5.0,4.0,subject_difficulty,positive
Joseph Cohen ,Biology department,5.0,4.0,doubt_solving,positive
Joseph Cohen ,Biology department,5.0,4.0,subject_difficulty,positive
Joseph Cohen ,Biology department,5.0,4.0,doubt_solving,positive
Joseph Cohen ,Biology department,5.0,4.0,practical_sessions,positive
Joseph Cohen ,Biology department,5.0,4.0,faculty_availability,positive
Joseph Cohen ,Biology department,5.0,4.0,subject_difficulty,positive
Joseph Cohen ,Biology department,5.0,4.0,subject_difficulty,positive
Joseph Cohen ,Biology department,5.0,4.0,doubt_solving,positive
Joseph Cohen ,Biology department,5.0,4.0,study_material,positive
Joseph Cohen ,Biology department,5.0,4.0,faculty_availability,positive
Joseph Cohen ,Biology department,5.0,5.0,subject_difficulty,positive
Joseph Cohen ,Biology department,5.0,4.0,faculty_availability,positive
Joseph Cohen ,Biology department,4.5,3.0,doubt_solving,positive
Joseph Cohen ,Biology department,4.5,3.0,faculty_availability,positive
Joseph Cohen ,Biology department,4.5,3.0,subject_difficulty,positive
Joseph Cohen ,Biology department,4.5,3.0,explanation_clarity,negative
Joseph Cohen ,Biology department,4.5,3.0,doubt_solving,negative
Joseph Cohen ,Biology department,4.5,3.0,study_material,negative
Joseph Cohen ,Biology department,4.5,3.0,practical_sessions,negative
Joseph Cohen ,Biology department,4.5,3.0,explanation_clarity,positive
Joseph Cohen ,Biology department,4.5,3.0,doubt_solving,positive
Joseph Cohen ,Biology department,4.5,3.0,practical_sessions,positive
Joseph Cohen ,Biology department,4.0,4.0,doubt_solving,positive
Joseph Cohen ,Biology department,4.0,4.0,subject_difficulty,positive
Joseph Cohen ,Biology department,5.0,5.0,subject_difficulty,positive
Joseph Cohen ,Biology department,4.5,3.0,doubt_solving,positive
Joseph Cohen ,Biology department,4.5,3.0,practical_sessions,positive
Joseph Cohen ,Biology department,4.5,3.0,faculty_availability,positive
Joseph Cohen ,Biology department,4.5,3.0,subject_difficulty,positive
Joseph Cohen ,Biology department,3.5,3.0,doubt_solving,positive
Joseph Cohen ,Biology department,3.5,3.0,subject_difficulty,positive
Joseph Cohen ,Biology department,3.5,4.0,explanation_clarity,positive
Joseph Cohen ,Biology department,3.5,4.0,doubt_solving,positive
Joseph Cohen ,Biology department,3.5,4.0,study_material,positive
Joseph Cohen ,Biology department,3.5,4.0,practical_sessions,positive
Joseph Cohen ,Biology department,3.5,4.0,faculty_availability,positive
Joseph Cohen ,Biology department,3.5,4.0,subject_difficulty,positive
Joseph Cohen ,Biology department,4.0,3.0,doubt_solving,neutral
Joseph Cohen ,Biology department,4.0,3.0,practical_sessions,positive
Joseph Cohen ,Biology department,4.0,3.0,faculty_availability,positive
Angela Vossmeyer ,Economics department,5.0,2.0,explanation_clarity,positive
Angela Vossmeyer ,Economics department,5.0,2.0,doubt_solving,positive
Angela Vossmeyer ,Economics department,5.0,2.0,faculty_availability,positive
Angela Vossmeyer ,Economics department,5.0,4.0,explanation_clarity,positive
Angela Vossmeyer ,Economics department,5.0,3.0,doubt_solving,positive
Angela Vossmeyer ,Economics department,5.0,3.0,study_material,positive
Angela Vossmeyer ,Economics department,5.0,3.0,practical_sessions,positive
Angela Vossmeyer ,Economics department,5.0,3.0,faculty_availability,positive
Angela Vossmeyer ,Economics department,5.0,3.0,subject_difficulty,positive
Angela Vossmeyer ,Economics department,5.0,4.0,explanation_clarity,positive
Angela Vossmeyer ,Economics department,5.0,4.0,study_material,positive
Angela Vossmeyer ,Economics department,5.0,4.0,practical_sessions,positive
Angela Vossmeyer ,Economics department,5.0,4.0,subject_difficulty,positive
Angela Vossmeyer ,Economics department,3.0,2.0,study_material,positive
Angela Vossmeyer ,Economics department,3.0,2.0,practical_sessions,positive
Angela Vossmeyer ,Economics department,3.0,2.0,subject_difficulty,positive
Angela Vossmeyer ,Economics department,5.0,3.0,explanation_clarity,positive
Angela Vossmeyer ,Economics department,5.0,3.0,doubt_solving,positive
Angela Vossmeyer ,Economics department,5.0,3.0,study_material,positive
Angela Vossmeyer ,Economics department,5.0,3.0,practical_sessions,positive
Angela Vossmeyer ,Economics department,5.0,3.0,faculty_availability,positive
Angela Vossmeyer ,Economics department,3.5,3.0,doubt_solving,positive
Angela Vossmeyer ,Economics department,5.0,1.0,explanation_clarity,positive
Angela Vossmeyer ,Economics department,5.0,1.0,study_material,positive
Angela Vossmeyer ,Economics department,5.0,1.0,practical_sessions,positive
Angela Vossmeyer ,Economics department,5.0,1.0,subject_difficulty,positive
Angela Vossmeyer ,Economics department,4.5,3.0,explanation_clarity,positive
Angela Vossmeyer ,Economics department,4.5,3.0,doubt_solving,positive
Angela Vossmeyer ,Economics department,5.0,2.0,explanation_clarity,positive
Angela Vossmeyer ,Economics department,5.0,2.0,doubt_solving,positive
Angela Vossmeyer ,Economics department,5.0,2.0,study_material,positive
Angela Vossmeyer ,Economics department,5.0,2.0,faculty_availability,positive
Angela Vossmeyer ,Economics department,2.5,5.0,subject_difficulty,positive
Kevin Moore ,Physics department,2.5,5.0,doubt_solving,negative
Kevin Moore ,Physics department,2.5,4.0,explanation_clarity,neutral
Kevin Moore ,Physics department,2.5,4.0,doubt_solving,neutral
Kevin Moore ,Physics department,2.5,4.0,practical_sessions,neutral
Kevin Moore ,Physics department,2.5,4.0,doubt_solving,negative
Kevin Moore ,Physics department,2.5,4.0,study_material,negative
Wendy Lower ,History department,4.0,2.0,teaching_pace,positive
Wendy Lower ,History department,4.0,2.0,study_material,positive
Wendy Lower ,History department,5.0,4.0,explanation_clarity,positive
Wendy Lower ,History department,5.0,4.0,study_material,positive
Wendy Lower ,History department,4.0,4.0,explanation_clarity,positive
Wendy Lower ,History department,4.0,4.0,doubt_solving,positive
Wendy Lower ,History department,4.0,4.0,faculty_availability,positive
Wendy Lower ,History department,5.0,2.0,doubt_solving,positive
Wendy Lower ,History department,5.0,2.0,faculty_availability,positive
Wendy Lower ,History department,1.5,3.0,explanation_clarity,negative
Wendy Lower ,History department,1.5,3.0,study_material,negative
Wendy Lower ,History department,1.5,3.0,practical_sessions,negative
Glen Cooper ,History department,5.0,2.0,explanation_clarity,positive
Glen Cooper ,History department,5.0,2.0,doubt_solving,positive
Glen Cooper ,History department,5.0,2.0,faculty_availability,positive
Glen Cooper ,History department,5.0,2.0,subject_difficulty,positive
Glen Cooper ,History department,5.0,2.0,doubt_solving,positive
Glen Cooper ,History department,5.0,2.0,faculty_availability,positive
Glen Cooper ,History department,4.0,1.0,explanation_clarity,positive
Glen Cooper ,History department,4.0,1.0,doubt_solving,positive
Glen Cooper ,History department,4.0,1.0,subject_difficulty,positive
Seth Anderson ,Literature department,4.5,1.0,teaching_pace,positive
Seth Anderson ,Literature department,4.5,1.0,doubt_solving,positive
Seth Anderson ,Literature department,4.5,1.0,faculty_availability,positive
Arlie Rinaldi ,Chemistry department,1.0,4.0,doubt_solving,negative
Arlie Rinaldi ,Chemistry department,1.0,4.0,subject_difficulty,negative
Arlie Rinaldi ,Chemistry department,5.0,3.0,explanation_clarity,positive
Arlie Rinaldi ,Chemistry department,5.0,3.0,doubt_solving,positive
Arlie Rinaldi ,Chemistry department,2.0,4.0,teaching_pace,neutral
Arlie Rinaldi ,Chemistry department,2.0,4.0,doubt_solving,neutral
Arlie Rinaldi ,Chemistry department,2.0,4.0,study_material,neutral
Arlie Rinaldi ,Chemistry department,2.0,4.0,practical_sessions,neutral
Arlie Rinaldi ,Chemistry department,2.0,4.0,faculty_availability,positive
Arlie Rinaldi ,Chemistry department,2.0,4.0,subject_difficulty,neutral
Arlie Rinaldi ,Chemistry department,2.0,4.0,doubt_solving,negative
Arlie Rinaldi ,Chemistry department,4.0,1.0,explanation_clarity,positive
Arlie Rinaldi ,Chemistry department,4.0,1.0,practical_sessions,positive
Arlie Rinaldi ,Chemistry department,4.0,1.0,faculty_availability,positive
Arlie Rinaldi ,Chemistry department,4.0,1.0,subject_difficulty,positive
Arlie Rinaldi ,Chemistry department,5.0,4.0,explanation_clarity,positive
Arlie Rinaldi ,Chemistry department,5.0,4.0,doubt_solving,positive
Arlie Rinaldi ,Chemistry department,5.0,4.0,study_material,positive
Arlie Rinaldi ,Chemistry department,5.0,4.0,faculty_availability,positive
Muhammad Habib ,Modern Languages department,3.0,2.0,study_material,neutral
Muhammad Habib ,Modern Languages department,3.0,2.0,subject_difficulty,neutral
Brisa Hurlocker ,Chemistry department,5.0,4.0,explanation_clarity,positive
Brisa Hurlocker ,Chemistry department,5.0,4.0,doubt_solving,positive
Brisa Hurlocker ,Chemistry department,5.0,4.0,faculty_availability,positive
Brisa Hurlocker ,Chemistry department,5.0,4.0,subject_difficulty,positive
Brisa Hurlocker ,Chemistry department,5.0,4.0,doubt_solving,neutral
Brisa Hurlocker ,Chemistry department,5.0,4.0,explanation_clarity,positive
Brisa Hurlocker ,Chemistry department,5.0,4.0,doubt_solving,positive
Brisa Hurlocker ,Chemistry department,5.0,4.0,study_material,positive
Brisa Hurlocker ,Chemistry department,5.0,4.0,faculty_availability,positive
Brisa Hurlocker ,Chemistry department,5.0,4.0,subject_difficulty,positive
Brisa Hurlocker ,Chemistry department,5.0,4.0,explanation_clarity,positive
Brisa Hurlocker ,Chemistry department,5.0,4.0,doubt_solving,positive
Brisa Hurlocker ,Chemistry department,5.0,4.0,study_material,positive
Brisa Hurlocker ,Chemistry department,5.0,4.0,doubt_solving,positive
Brisa Hurlocker ,Chemistry department,5.0,4.0,study_material,positive
Brisa Hurlocker ,Chemistry department,5.0,4.0,subject_difficulty,positive
Brisa Hurlocker ,Chemistry department,3.0,5.0,explanation_clarity,negative
Brisa Hurlocker ,Chemistry department,3.0,5.0,doubt_solving,negative
Brisa Hurlocker ,Chemistry department,3.0,5.0,practical_sessions,negative
Brisa Hurlocker ,Chemistry department,3.0,5.0,subject_difficulty,negative
Brisa Hurlocker ,Chemistry department,2.0,5.0,explanation_clarity,negative
Brisa Hurlocker ,Chemistry department,2.0,5.0,doubt_solving,negative
Brisa Hurlocker ,Chemistry department,2.0,5.0,practical_sessions,negative
Brisa Hurlocker ,Chemistry department,2.0,5.0,faculty_availability,negative
Brisa Hurlocker ,Chemistry department,2.0,5.0,subject_difficulty,negative
Emily Pears ,Government department,5.0,3.0,explanation_clarity,positive
Emily Pears ,Government department,5.0,3.0,study_material,positive
Emily Pears ,Government department,5.0,3.0,subject_difficulty,positive
Emily Pears ,Government department,5.0,4.0,doubt_solving,positive
Emily Pears ,Government department,5.0,4.0,subject_difficulty,positive
Emily Pears ,Government department,5.0,4.0,doubt_solving,positive
Emily Pears ,Government department,5.0,4.0,study_material,positive
Emily Pears ,Government department,5.0,4.0,study_material,positive
Emily Pears ,Government department,5.0,4.0,practical_sessions,positive
Emily Pears ,Government department,5.0,3.0,subject_difficulty,positive
Gregory Antill ,Philosophy department,5.0,2.0,faculty_availability,positive
Gregory Antill ,Philosophy department,5.0,2.0,subject_difficulty,positive
Gregory Antill ,Philosophy department,4.0,3.0,explanation_clarity,positive
Gregory Antill ,Philosophy department,4.0,3.0,study_material,positive
Gregory Antill ,Philosophy department,4.0,3.0,subject_difficulty,positive
Gregory Antill ,Philosophy department,5.0,3.0,study_material,positive
Gregory Antill ,Philosophy department,4.0,3.0,explanation_clarity,positive
Gregory Antill ,Philosophy department,4.0,3.0,doubt_solving,positive
Gregory Antill ,Philosophy department,4.0,3.0,study_material,positive
Gregory Antill ,Philosophy department,4.0,3.0,practical_sessions,positive
Gregory Antill ,Philosophy department,4.0,3.0,subject_difficulty,positive
Gregory Antill ,Philosophy department,2.0,2.0,study_material,negative
Gregory Antill ,Philosophy department,5.0,2.0,doubt_solving,positive
Gregory Antill ,Philosophy department,5.0,2.0,subject_difficulty,positive
Jonathan Holt ,Biology department,1.0,4.0,explanation_clarity,negative
Jonathan Holt ,Biology department,1.0,4.0,doubt_solving,negative
Jonathan Holt ,Biology department,1.0,4.0,practical_sessions,negative
Jonathan Holt ,Biology department,1.0,4.0,subject_difficulty,negative
Jonathan Holt ,Biology department,1.0,4.0,study_material,negative
Jonathan Holt ,Biology department,4.0,3.0,explanation_clarity,negative
Jonathan Holt ,Biology department,4.0,3.0,doubt_solving,negative
Jonathan Holt ,Biology department,4.0,3.0,study_material,negative
Jonathan Holt ,Biology department,4.0,3.0,practical_sessions,negative
Jonathan Holt ,Biology department,4.0,3.0,faculty_availability,negative
Audrey Chen ,Biology department,2.0,5.0,explanation_clarity,negative
Audrey Chen ,Biology department,2.0,5.0,practical_sessions,negative
Audrey Chen ,Biology department,2.0,5.0,subject_difficulty,negative
David Smith ,Biology department,5.0,2.0,explanation_clarity,positive
David Smith ,Biology department,5.0,2.0,practical_sessions,positive
David Smith ,Biology department,5.0,2.0,subject_difficulty,positive
Ahmad Shaar ,Computer Science department,5.0,3.0,explanation_clarity,positive
Ahmad Shaar ,Computer Science department,5.0,3.0,study_material,positive
Ahmad Shaar ,Computer Science department,1.0,4.0,explanation_clarity,negative
Ahmad Shaar ,Computer Science department,1.0,4.0,study_material,negative
Ahmad Shaar ,Computer Science department,5.0,2.0,explanation_clarity,positive
Ahmad Shaar ,Computer Science department,5.0,2.0,study_material,positive
Ahmad Shaar ,Computer Science department,5.0,2.0,practical_sessions,positive
Ahmad Shaar ,Computer Science department,2.0,3.0,explanation_clarity,negative
Ahmad Shaar ,Computer Science department,2.0,3.0,practical_sessions,negative
Ahmad Shaar ,Computer Science department,4.0,3.0,explanation_clarity,positive
Ahmad Shaar ,Computer Science department,4.0,3.0,doubt_solving,positive
Ahmad Shaar ,Computer Science department,4.0,3.0,study_material,positive
Ahmad Shaar ,Computer Science department,4.0,3.0,practical_sessions,positive
Ahmad Shaar ,Computer Science department,4.0,3.0,faculty_availability,positive
Ahmad Shaar ,Computer Science department,4.0,3.0,subject_difficulty,positive
Ahmad Shaar ,Computer Science department,4.0,3.0,doubt_solving,positive
Ahmad Shaar ,Computer Science department,4.0,3.0,practical_sessions,positive
Ahmad Shaar ,Computer Science department,4.0,3.0,faculty_availability,positive
Ahmad Shaar ,Computer Science department,4.0,3.0,subject_difficulty,positive
Ahmad Shaar ,Computer Science department,4.0,4.0,explanation_clarity,positive
Ahmad Shaar ,Computer Science department,4.0,4.0,doubt_solving,positive
Ahmad Shaar ,Computer Science department,4.0,4.0,practical_sessions,positive
Ahmad Shaar ,Computer Science department,4.0,4.0,faculty_availability,positive
Ahmad Shaar ,Computer Science department,4.0,3.0,doubt_solving,positive
Ahmad Shaar ,Computer Science department,4.0,3.0,study_material,positive
Ahmad Shaar ,Computer Science department,4.0,3.0,practical_sessions,positive
Ahmad Shaar ,Computer Science department,4.0,3.0,faculty_availability,positive
Ahmad Shaar ,Computer Science department,1.0,5.0,explanation_clarity,negative
Ahmad Shaar ,Computer Science department,1.0,5.0,subject_difficulty,negative
Ahmad Shaar ,Computer Science department,1.0,4.0,explanation_clarity,negative
Ahmad Shaar ,Computer Science department,1.0,5.0,explanation_clarity,negative
Ahmad Shaar ,Computer Science department,1.0,5.0,doubt_solving,negative
Ahmad Shaar ,Computer Science department,1.0,5.0,practical_sessions,negative
Ahmad Shaar ,Computer Science department,2.0,4.0,explanation_clarity,negative
Ahmad Shaar ,Computer Science department,2.0,4.0,practical_sessions,negative
Sara Thompson ,Leadership department,1.0,3.0,explanation_clarity,negative
Sara Thompson ,Leadership department,5.0,2.0,study_material,positive
Sara Thompson ,Leadership department,5.0,2.0,practical_sessions,positive
Sara Thompson ,Leadership department,5.0,2.0,subject_difficulty,positive
Anastasia Nagel ,Biology department,1.0,2.0,explanation_clarity,negative
Anastasia Nagel ,Biology department,1.0,2.0,study_material,negative
Anastasia Nagel ,Biology department,1.0,2.0,practical_sessions,negative
Anastasia Nagel ,Biology department,1.0,2.0,subject_difficulty,negative
Anastasia Nagel ,Biology department,5.0,4.0,subject_difficulty,positive
Anastasia Nagel ,Biology department,5.0,2.0,explanation_clarity,positive
Anastasia Nagel ,Biology department,5.0,2.0,doubt_solving,positive
Anastasia Nagel ,Biology department,5.0,2.0,subject_difficulty,positive
Chelsea Wang ,History department,2.0,5.0,teaching_pace,positive
Chelsea Wang ,History department,2.0,5.0,subject_difficulty,positive
Chelsea Wang ,History department,2.0,5.0,explanation_clarity,negative
Chelsea Wang ,History department,2.0,5.0,teaching_pace,negative
Chelsea Wang ,History department,2.0,5.0,subject_difficulty,negative
Chelsea Wang ,History department,4.0,4.0,explanation_clarity,positive
Chelsea Wang ,History department,4.0,4.0,doubt_solving,positive
Chelsea Wang ,History department,4.0,3.0,explanation_clarity,positive
Chelsea Wang ,History department,4.0,3.0,study_material,positive
Chelsea Wang ,History department,4.0,4.0,study_material,positive
Chelsea Wang ,History department,5.0,4.0,study_material,positive
Chelsea Wang ,History department,5.0,4.0,faculty_availability,positive
Chelsea Wang ,History department,4.0,4.0,study_material,negative
Chelsea Wang ,History department,4.0,4.0,subject_difficulty,negative
Chelsea Wang ,History department,5.0,2.0,subject_difficulty,positive
Justin Doran ,Religious Studies department,5.0,2.0,study_material,positive
Justin Doran ,Religious Studies department,5.0,2.0,practical_sessions,positive
Princess Gilbert ,Biology department,4.0,4.0,explanation_clarity,neutral
Princess Gilbert ,Biology department,4.0,4.0,practical_sessions,neutral
Princess Gilbert ,Biology department,4.0,4.0,doubt_solving,positive
Princess Gilbert ,Biology department,4.0,4.0,practical_sessions,positive
Princess Gilbert ,Biology department,2.0,2.0,teaching_pace,negative
Princess Gilbert ,Biology department,2.0,2.0,doubt_solving,negative
Princess Gilbert ,Biology department,2.0,2.0,practical_sessions,negative
Princess Gilbert ,Biology department,1.0,1.0,explanation_clarity,negative
Princess Gilbert ,Biology department,1.0,1.0,study_material,negative
Princess Gilbert ,Biology department,1.0,1.0,subject_difficulty,negative
Princess Gilbert ,Biology department,2.0,3.0,explanation_clarity,negative
Princess Gilbert ,Biology department,2.0,3.0,practical_sessions,negative
Princess Gilbert ,Biology department,2.0,3.0,subject_difficulty,negative
Princess Gilbert ,Biology department,1.0,4.0,explanation_clarity,negative
Princess Gilbert ,Biology department,1.0,4.0,practical_sessions,negative
Princess Gilbert ,Biology department,1.0,4.0,explanation_clarity,negative
Matt Delventhal ,Economics department,2.0,5.0,explanation_clarity,negative
Matt Delventhal ,Economics department,2.0,5.0,doubt_solving,negative
Matt Delventhal ,Economics department,2.0,5.0,practical_sessions,negative
Matt Delventhal ,Economics department,2.0,5.0,subject_difficulty,negative
Matt Delventhal ,Economics department,2.0,4.0,explanation_clarity,neutral
Rachel Racicot ,Biology department,1.0,5.0,explanation_clarity,negative
Rachel Racicot ,Biology department,1.0,5.0,doubt_solving,negative
Rachel Racicot ,Biology department,1.0,4.0,explanation_clarity,negative
Rachel Racicot ,Biology department,1.0,4.0,doubt_solving,negative
Rachel Racicot ,Biology department,1.0,4.0,practical_sessions,negative
Rachel Racicot ,Biology department,1.0,4.0,faculty_availability,negative
Rachel Racicot ,Biology department,1.0,4.0,subject_difficulty,negative
Benjamin Gillen ,Economics department,5.0,3.0,study_material,positive
Benjamin Gillen ,Economics department,5.0,3.0,practical_sessions,positive
Benjamin Gillen ,Economics department,5.0,3.0,subject_difficulty,positive
Benjamin Gillen ,Economics department,4.0,3.0,explanation_clarity,positive
Benjamin Gillen ,Economics department,4.0,3.0,doubt_solving,positive
Benjamin Gillen ,Economics department,4.0,3.0,faculty_availability,positive
Benjamin Gillen ,Economics department,4.0,3.0,subject_difficulty,positive
Benjamin Gillen ,Economics department,5.0,4.0,teaching_pace,positive
Benjamin Gillen ,Economics department,5.0,4.0,doubt_solving,positive
Benjamin Gillen ,Economics department,5.0,3.0,study_material,positive
Benjamin Gillen ,Economics department,2.0,3.0,explanation_clarity,negative
Benjamin Gillen ,Economics department,2.0,3.0,study_material,negative
Benjamin Gillen ,Economics department,2.0,3.0,subject_difficulty,negative
Annie Wyman ,Literature department,4.0,2.0,subject_difficulty,positive
Annie Wyman ,Literature department,5.0,2.0,doubt_solving,positive
Annie Wyman ,Literature department,5.0,2.0,study_material,positive
Annie Wyman ,Literature department,5.0,2.0,explanation_clarity,positive
Annie Wyman ,Literature department,5.0,2.0,teaching_pace,positive
Annie Wyman ,Literature department,5.0,2.0,doubt_solving,positive
Pavel Naumov ,Computer Science department,5.0,1.0,doubt_solving,neutral
Pavel Naumov ,Computer Science department,5.0,1.0,practical_sessions,neutral
Pavel Naumov ,Computer Science department,5.0,1.0,faculty_availability,neutral
Pavel Naumov ,Computer Science department,5.0,1.0,subject_difficulty,neutral
Pavel Naumov ,Computer Science department,1.0,2.0,explanation_clarity,negative
Pavel Naumov ,Computer Science department,1.0,2.0,study_material,negative
Pavel Naumov ,Computer Science department,1.0,2.0,subject_difficulty,negative
Sarah Sarzynski ,History department,1.0,4.0,teaching_pace,negative
Sarah Sarzynski ,History department,5.0,4.0,doubt_solving,positive
Sarah Sarzynski ,History department,5.0,4.0,study_material,positive
Sarah Sarzynski ,History department,5.0,4.0,practical_sessions,positive
Sarah Sarzynski ,History department,5.0,4.0,faculty_availability,positive
Sarah Sarzynski ,History department,4.0,2.0,study_material,positive
Sarah Sarzynski ,History department,4.0,2.0,practical_sessions,positive
Sarah Sarzynski ,History department,4.0,2.0,subject_difficulty,positive
Helen Wong ,Mathematics department,5.0,3.0,doubt_solving,positive
Helen Wong ,Mathematics department,5.0,3.0,study_material,positive
Helen Wong ,Mathematics department,5.0,3.0,practical_sessions,positive
Helen Wong ,Mathematics department,5.0,3.0,faculty_availability,positive
Helen Wong ,Mathematics department,5.0,3.0,subject_difficulty,positive
Helen Wong ,Mathematics department,5.0,4.0,explanation_clarity,positive
Helen Wong ,Mathematics department,5.0,4.0,doubt_solving,positive
Helen Wong ,Mathematics department,5.0,4.0,practical_sessions,positive
Helen Wong ,Mathematics department,5.0,4.0,subject_difficulty,positive
Helen Wong ,Mathematics department,5.0,2.0,explanation_clarity,positive
Helen Wong ,Mathematics department,5.0,2.0,doubt_solving,positive
Helen Wong ,Mathematics department,5.0,2.0,practical_sessions,positive
Helen Wong ,Mathematics department,5.0,2.0,faculty_availability,positive
Helen Wong ,Mathematics department,5.0,3.0,study_material,positive
Helen Wong ,Mathematics department,5.0,3.0,faculty_availability,positive
Helen Wong ,Mathematics department,5.0,4.0,doubt_solving,positive
Helen Wong ,Mathematics department,5.0,4.0,study_material,positive
Helen Wong ,Mathematics department,5.0,4.0,faculty_availability,positive
Helen Wong ,Mathematics department,5.0,4.0,subject_difficulty,positive
Marie Claude Thomas ,Modern Languages department,5.0,4.0,study_material,positive
Marie Claude Thomas ,Modern Languages department,3.0,3.0,explanation_clarity,neutral
Marie Claude Thomas ,Modern Languages department,3.0,3.0,doubt_solving,neutral
Marie Claude Thomas ,Modern Languages department,3.0,3.0,practical_sessions,neutral
Rima Basu ,Philosophy department,5.0,2.0,study_material,positive
Rima Basu ,Philosophy department,5.0,2.0,practical_sessions,positive
Rima Basu ,Philosophy department,4.0,4.0,doubt_solving,positive
Rima Basu ,Philosophy department,4.0,4.0,faculty_availability,positive
Rima Basu ,Philosophy department,5.0,3.0,explanation_clarity,positive
Rima Basu ,Philosophy department,5.0,3.0,doubt_solving,positive
Rima Basu ,Philosophy department,5.0,3.0,subject_difficulty,positive
Rima Basu ,Philosophy department,5.0,3.0,study_material,positive
Katja Favretto ,Government department,5.0,2.0,doubt_solving,positive
Katja Favretto ,Government department,5.0,2.0,practical_sessions,positive
Katja Favretto ,Government department,5.0,2.0,faculty_availability,positive
Katja Favretto ,Government department,5.0,2.0,subject_difficulty,positive
Katja Favretto ,Government department,4.0,2.0,explanation_clarity,positive
Katja Favretto ,Government department,4.0,2.0,practical_sessions,positive
Katja Favretto ,Government department,4.0,2.0,subject_difficulty,positive
James Taylor ,Accounting department,4.0,4.0,doubt_solving,positive
James Taylor ,Accounting department,4.0,4.0,study_material,positive
James Taylor ,Accounting department,4.0,4.0,practical_sessions,positive
James Taylor ,Accounting department,4.0,4.0,faculty_availability,positive
James Taylor ,Accounting department,4.0,5.0,study_material,negative
James Taylor ,Accounting department,4.0,5.0,practical_sessions,negative
James Taylor ,Accounting department,2.0,4.0,explanation_clarity,negative
James Taylor ,Accounting department,2.0,4.0,study_material,negative
James Taylor ,Accounting department,2.0,4.0,practical_sessions,negative
James Taylor ,Accounting department,5.0,4.0,practical_sessions,positive
James Taylor ,Accounting department,5.0,4.0,subject_difficulty,positive
James Taylor ,Accounting department,4.0,3.0,explanation_clarity,negative
James Taylor ,Accounting department,4.0,3.0,doubt_solving,negative
James Taylor ,Accounting department,4.0,3.0,study_material,negative
James Taylor ,Accounting department,4.0,3.0,practical_sessions,negative
James Taylor ,Accounting department,4.0,3.0,subject_difficulty,negative
James Taylor ,Accounting department,4.0,4.0,doubt_solving,positive
James Taylor ,Accounting department,4.0,4.0,study_material,positive
James Taylor ,Accounting department,4.0,4.0,faculty_availability,positive
James Taylor ,Accounting department,1.0,5.0,explanation_clarity,negative
James Taylor ,Accounting department,1.0,5.0,study_material,negative
James Taylor ,Accounting department,1.0,5.0,study_material,negative
James Taylor ,Accounting department,4.5,3.0,doubt_solving,positive
James Taylor ,Accounting department,4.5,3.0,study_material,positive
James Taylor ,Accounting department,1.0,5.0,doubt_solving,negative
James Taylor ,Accounting department,1.0,5.0,practical_sessions,negative
James Taylor ,Accounting department,1.0,5.0,subject_difficulty,negative
James Taylor ,Accounting department,1.0,3.0,practical_sessions,negative
Jason Borchert ,Biology department,3.0,3.0,teaching_pace,positive
Jason Borchert ,Biology department,3.0,3.0,study_material,positive
Jason Borchert ,Biology department,3.0,3.0,practical_sessions,positive
Jason Borchert ,Biology department,3.0,3.0,subject_difficulty,positive
Jason Borchert ,Biology department,2.0,3.0,explanation_clarity,negative
Jason Borchert ,Biology department,2.0,3.0,study_material,negative
Jason Borchert ,Biology department,2.0,3.0,practical_sessions,negative
Jason Borchert ,Biology department,2.0,3.0,subject_difficulty,negative
Jason Borchert ,Biology department,4.0,2.0,doubt_solving,positive
Jason Borchert ,Biology department,4.0,2.0,study_material,positive
Jason Borchert ,Biology department,4.0,2.0,practical_sessions,positive
Jason Borchert ,Biology department,4.0,2.0,subject_difficulty,positive
Jason Borchert ,Biology department,2.0,2.0,explanation_clarity,negative
Jason Borchert ,Biology department,2.0,2.0,doubt_solving,negative
Jason Borchert ,Biology department,2.0,2.0,study_material,negative
Jason Borchert ,Biology department,2.0,2.0,practical_sessions,negative
Jason Borchert ,Biology department,2.0,2.0,subject_difficulty,negative
George Thomas ,Government department,4.0,4.0,subject_difficulty,positive
George Thomas ,Government department,4.0,4.0,subject_difficulty,positive
George Thomas ,Government department,3.0,5.0,explanation_clarity,negative
George Thomas ,Government department,4.0,4.0,doubt_solving,positive
George Thomas ,Government department,4.0,4.0,study_material,positive
George Thomas ,Government department,4.5,4.0,subject_difficulty,positive
George Thomas ,Government department,4.0,5.0,study_material,positive
George Thomas ,Government department,2.5,5.0,study_material,negative
George Thomas ,Government department,4.5,4.0,explanation_clarity,positive
George Thomas ,Government department,4.5,4.0,doubt_solving,positive
George Thomas ,Government department,4.5,4.0,faculty_availability,positive
George Thomas ,Government department,4.5,4.0,practical_sessions,positive
George Thomas ,Government department,4.5,4.0,subject_difficulty,positive
George Thomas ,Government department,3.0,4.0,study_material,positive
Jeffrey Flory ,Economics department,4.0,2.0,doubt_solving,positive
Jeffrey Flory ,Economics department,4.0,2.0,study_material,positive
Jeffrey Flory ,Economics department,4.0,2.0,practical_sessions,positive
Jeffrey Flory ,Economics department,4.0,2.0,faculty_availability,positive
Jeffrey Flory ,Economics department,5.0,2.0,explanation_clarity,positive
Jeffrey Flory ,Economics department,5.0,2.0,doubt_solving,positive
Jeffrey Flory ,Economics department,5.0,2.0,faculty_availability,positive
Jeffrey Flory ,Economics department,5.0,3.0,explanation_clarity,positive
Jeffrey Flory ,Economics department,5.0,3.0,doubt_solving,positive
Jeffrey Flory ,Economics department,5.0,3.0,study_material,positive
Jeffrey Flory ,Economics department,5.0,3.0,practical_sessions,positive
Jeffrey Flory ,Economics department,5.0,3.0,faculty_availability,positive
Jeffrey Flory ,Economics department,5.0,3.0,subject_difficulty,positive
Jeffrey Flory ,Economics department,4.0,3.0,explanation_clarity,positive
Jeffrey Flory ,Economics department,4.0,3.0,practical_sessions,positive
Jeffrey Flory ,Economics department,4.0,3.0,subject_difficulty,positive
Jeffrey Flory ,Economics department,4.0,2.0,practical_sessions,positive
Jeffrey Flory ,Economics department,1.5,4.0,doubt_solving,negative
Jeffrey Flory ,Economics department,1.5,4.0,subject_difficulty,negative
Jeffrey Flory ,Economics department,5.0,1.0,explanation_clarity,positive
Jeffrey Flory ,Economics department,5.0,1.0,teaching_pace,positive
Jeffrey Flory ,Economics department,5.0,1.0,study_material,positive
Jeffrey Flory ,Economics department,5.0,1.0,subject_difficulty,positive
Jeffrey Flory ,Economics department,4.5,3.0,faculty_availability,positive
Jeffrey Flory ,Economics department,4.5,3.0,subject_difficulty,positive
Jonathan Petropoulos ,History department,2.0,4.0,study_material,positive
Jonathan Petropoulos ,History department,2.0,4.0,subject_difficulty,positive
Jonathan Petropoulos ,History department,5.0,4.0,study_material,positive
Jonathan Petropoulos ,History department,5.0,4.0,subject_difficulty,positive
Jonathan Petropoulos ,History department,5.0,5.0,subject_difficulty,positive
Jonathan Petropoulos ,History department,5.0,4.0,doubt_solving,positive
Jonathan Petropoulos ,History department,5.0,4.0,practical_sessions,positive
Jonathan Petropoulos ,History department,5.0,4.0,faculty_availability,positive
Jonathan Petropoulos ,History department,4.0,4.0,subject_difficulty,positive
Jonathan Petropoulos ,History department,5.0,4.0,doubt_solving,positive
Jonathan Petropoulos ,History department,5.0,4.0,study_material,positive
Jonathan Petropoulos ,History department,5.0,4.0,practical_sessions,positive
Jonathan Petropoulos ,History department,5.0,4.0,faculty_availability,positive
Jonathan Petropoulos ,History department,4.5,4.0,explanation_clarity,positive
Jonathan Petropoulos ,History department,4.5,4.0,study_material,positive
Jonathan Petropoulos ,History department,4.5,4.0,practical_sessions,positive
Jonathan Petropoulos ,History department,5.0,4.0,study_material,positive
Jonathan Petropoulos ,History department,5.0,4.0,subject_difficulty,positive
Jonathan Petropoulos ,History department,4.5,3.0,subject_difficulty,positive
Jonathan Petropoulos ,History department,5.0,3.0,study_material,positive
Jonathan Petropoulos ,History department,5.0,3.0,subject_difficulty,positive
Jonathan Petropoulos ,History department,5.0,4.0,study_material,positive
Jonathan Petropoulos ,History department,5.0,4.0,subject_difficulty,positive
Jonathan Petropoulos ,History department,4.5,4.0,study_material,positive
Jonathan Petropoulos ,History department,3.5,4.0,study_material,positive
Jonathan Petropoulos ,History department,4.5,3.0,explanation_clarity,positive
Jonathan Petropoulos ,History department,4.5,3.0,study_material,positive
Ananda Ganguly ,Economics department,4.0,4.0,explanation_clarity,positive
Ananda Ganguly ,Economics department,4.0,4.0,practical_sessions,positive
Ananda Ganguly ,Economics department,2.0,5.0,practical_sessions,positive
Ananda Ganguly ,Economics department,2.0,5.0,subject_difficulty,positive
Ananda Ganguly ,Economics department,5.0,5.0,teaching_pace,positive
Ananda Ganguly ,Economics department,5.0,5.0,doubt_solving,positive
Ananda Ganguly ,Economics department,4.0,5.0,doubt_solving,positive
Ananda Ganguly ,Economics department,4.0,5.0,subject_difficulty,positive
Ananda Ganguly ,Economics department,4.0,4.0,subject_difficulty,positive
Ananda Ganguly ,Economics department,1.0,4.0,doubt_solving,negative
Ananda Ganguly ,Economics department,1.0,4.0,study_material,negative
Ananda Ganguly ,Economics department,1.0,4.0,practical_sessions,negative
Ananda Ganguly ,Economics department,1.0,4.0,faculty_availability,negative
Ananda Ganguly ,Economics department,1.0,4.0,subject_difficulty,negative
Ananda Ganguly ,Economics department,5.0,3.0,explanation_clarity,positive
Ananda Ganguly ,Economics department,5.0,3.0,doubt_solving,positive
Ananda Ganguly ,Economics department,5.0,3.0,practical_sessions,positive
Ananda Ganguly ,Economics department,5.0,3.0,subject_difficulty,positive
Ananda Ganguly ,Economics department,4.0,4.0,doubt_solving,positive
Ananda Ganguly ,Economics department,4.0,4.0,study_material,positive
Ananda Ganguly ,Economics department,4.0,4.0,subject_difficulty,positive
Ananda Ganguly ,Economics department,5.0,3.0,subject_difficulty,positive
Ananda Ganguly ,Economics department,3.5,4.0,teaching_pace,positive
Ananda Ganguly ,Economics department,3.5,4.0,subject_difficulty,positive
Ananda Ganguly ,Economics department,3.0,4.0,explanation_clarity,positive
Ananda Ganguly ,Economics department,3.0,4.0,doubt_solving,positive
Ananda Ganguly ,Economics department,3.0,4.0,practical_sessions,positive
Ananda Ganguly ,Economics department,3.0,4.0,faculty_availability,positive
Ananda Ganguly ,Economics department,2.0,4.0,explanation_clarity,negative
Ananda Ganguly ,Economics department,2.0,4.0,doubt_solving,negative
Ananda Ganguly ,Economics department,2.0,4.0,study_material,negative
Ananda Ganguly ,Economics department,2.0,4.0,subject_difficulty,negative
Ananda Ganguly ,Economics department,2.0,4.0,explanation_clarity,negative
Ananda Ganguly ,Economics department,2.0,4.0,subject_difficulty,negative
Ananda Ganguly ,Economics department,5.0,3.0,doubt_solving,positive
Ananda Ganguly ,Economics department,3.5,3.0,explanation_clarity,neutral
Ananda Ganguly ,Economics department,3.5,3.0,study_material,neutral
Ananda Ganguly ,Economics department,3.5,3.0,subject_difficulty,neutral
Ananda Ganguly ,Economics department,5.0,3.0,practical_sessions,positive
Ananda Ganguly ,Economics department,5.0,3.0,subject_difficulty,positive
Ananda Ganguly ,Economics department,3.5,5.0,explanation_clarity,negative
Ananda Ganguly ,Economics department,3.5,5.0,practical_sessions,negative
Ananda Ganguly ,Economics department,3.5,5.0,subject_difficulty,negative
Ralph Rossum ,Government department,4.0,1.0,practical_sessions,positive
Ralph Rossum ,Government department,4.0,1.0,subject_difficulty,positive
Ralph Rossum ,Government department,1.0,3.0,study_material,negative
Ralph Rossum ,Government department,1.0,3.0,practical_sessions,neutral
Ralph Rossum ,Government department,1.0,3.0,subject_difficulty,negative
Ralph Rossum ,Government department,5.0,2.0,explanation_clarity,positive
Ralph Rossum ,Government department,5.0,2.0,study_material,positive
Ralph Rossum ,Government department,5.0,2.0,study_material,positive
Ralph Rossum ,Government department,5.0,2.0,practical_sessions,positive
Ralph Rossum ,Government department,5.0,2.0,subject_difficulty,positive
Ralph Rossum ,Government department,4.0,2.0,explanation_clarity,positive
Ralph Rossum ,Government department,4.0,2.0,study_material,positive
Ralph Rossum ,Government department,4.0,3.0,doubt_solving,positive
Ralph Rossum ,Government department,4.0,3.0,faculty_availability,positive
Ralph Rossum ,Government department,3.5,2.0,explanation_clarity,positive
Ralph Rossum ,Government department,3.5,2.0,study_material,positive
Ralph Rossum ,Government department,3.5,2.0,practical_sessions,positive
Ralph Rossum ,Government department,3.0,3.0,explanation_clarity,negative
Ralph Rossum ,Government department,3.5,4.0,explanation_clarity,neutral
Ralph Rossum ,Government department,3.5,4.0,study_material,neutral
Ralph Rossum ,Government department,3.5,4.0,subject_difficulty,neutral
Ralph Rossum ,Government department,4.0,3.0,explanation_clarity,positive
Ralph Rossum ,Government department,4.0,3.0,study_material,neutral
Ralph Rossum ,Government department,3.5,2.0,study_material,positive
Ralph Rossum ,Government department,3.0,1.0,study_material,positive
David Bjerk ,Economics department,5.0,3.0,explanation_clarity,positive
David Bjerk ,Economics department,5.0,3.0,doubt_solving,positive
David Bjerk ,Economics department,5.0,3.0,study_material,positive
David Bjerk ,Economics department,5.0,4.0,doubt_solving,positive
David Bjerk ,Economics department,5.0,4.0,study_material,positive
David Bjerk ,Economics department,5.0,2.0,explanation_clarity,positive
David Bjerk ,Economics department,5.0,2.0,subject_difficulty,positive
David Bjerk ,Economics department,5.0,4.0,explanation_clarity,positive
David Bjerk ,Economics department,5.0,4.0,doubt_solving,positive
David Bjerk ,Economics department,5.0,4.0,practical_sessions,positive
David Bjerk ,Economics department,5.0,4.0,subject_difficulty,positive
David Bjerk ,Economics department,5.0,4.0,doubt_solving,positive
David Bjerk ,Economics department,5.0,4.0,practical_sessions,positive
David Bjerk ,Economics department,5.0,4.0,subject_difficulty,positive
David Bjerk ,Economics department,5.0,3.0,doubt_solving,positive
David Bjerk ,Economics department,5.0,3.0,practical_sessions,positive
David Bjerk ,Economics department,4.5,3.0,explanation_clarity,positive
David Bjerk ,Economics department,4.5,3.0,study_material,positive
David Bjerk ,Economics department,4.5,3.0,practical_sessions,positive
David Bjerk ,Economics department,4.5,3.0,subject_difficulty,positive
David Bjerk ,Economics department,5.0,3.0,explanation_clarity,positive
David Bjerk ,Economics department,5.0,3.0,practical_sessions,positive
David Bjerk ,Economics department,5.0,2.0,explanation_clarity,positive
David Bjerk ,Economics department,5.0,2.0,doubt_solving,positive
David Bjerk ,Economics department,5.0,2.0,practical_sessions,positive
David Bjerk ,Economics department,5.0,2.0,subject_difficulty,positive
David Bjerk ,Economics department,4.0,4.0,explanation_clarity,positive
David Bjerk ,Economics department,4.0,4.0,teaching_pace,positive
David Bjerk ,Economics department,4.0,4.0,practical_sessions,positive
David Bjerk ,Economics department,4.0,4.0,subject_difficulty,positive
David Bjerk ,Economics department,5.0,3.0,explanation_clarity,negative
David Bjerk ,Economics department,5.0,3.0,study_material,negative
David Bjerk ,Economics department,5.0,3.0,subject_difficulty,negative
David Bjerk ,Economics department,5.0,3.0,explanation_clarity,positive
David Bjerk ,Economics department,5.0,3.0,study_material,positive
David Bjerk ,Economics department,5.0,3.0,practical_sessions,positive
David Bjerk ,Economics department,5.0,3.0,subject_difficulty,positive
David Bjerk ,Economics department,4.0,4.0,study_material,positive
David Bjerk ,Economics department,4.0,4.0,practical_sessions,positive
David Bjerk ,Economics department,4.0,4.0,subject_difficulty,positive
David Bjerk ,Economics department,5.0,4.0,doubt_solving,positive
David Bjerk ,Economics department,5.0,4.0,study_material,positive
David Bjerk ,Economics department,5.0,4.0,practical_sessions,positive
David Bjerk ,Economics department,5.0,4.0,faculty_availability,positive
David Bjerk ,Economics department,5.0,4.0,explanation_clarity,negative
David Bjerk ,Economics department,5.0,4.0,doubt_solving,negative
David Bjerk ,Economics department,5.0,4.0,practical_sessions,negative
David Bjerk ,Economics department,5.0,4.0,faculty_availability,negative
David Bjerk ,Economics department,4.0,4.0,doubt_solving,positive
David Bjerk ,Economics department,4.0,4.0,study_material,positive
David Bjerk ,Economics department,4.0,4.0,practical_sessions,positive
David Bjerk ,Economics department,4.0,4.0,subject_difficulty,positive
David Day ,Psychology department,5.0,3.0,study_material,positive
David Day ,Psychology department,5.0,3.0,practical_sessions,positive
 Andrew Finley ,Economics department,3.0,4.0,subject_difficulty,positive
 Andrew Finley ,Economics department,5.0,4.0,doubt_solving,positive
 Andrew Finley ,Economics department,5.0,4.0,faculty_availability,positive
 Andrew Finley ,Economics department,3.0,3.0,practical_sessions,positive
 Andrew Finley ,Economics department,3.0,3.0,subject_difficulty,positive
 Andrew Finley ,Economics department,5.0,3.0,explanation_clarity,positive
 Andrew Finley ,Economics department,5.0,3.0,study_material,positive
 Andrew Finley ,Economics department,5.0,3.0,practical_sessions,positive
 Andrew Finley ,Economics department,1.0,5.0,explanation_clarity,negative
 Andrew Finley ,Economics department,1.0,5.0,doubt_solving,negative
 Andrew Finley ,Economics department,1.0,5.0,practical_sessions,negative
 Andrew Finley ,Economics department,1.0,5.0,subject_difficulty,negative
 Andrew Finley ,Economics department,4.0,3.0,explanation_clarity,positive
 Andrew Finley ,Economics department,4.0,3.0,study_material,positive
 Andrew Finley ,Economics department,4.0,3.0,subject_difficulty,positive
 Andrew Finley ,Economics department,5.0,4.0,explanation_clarity,positive
 Andrew Finley ,Economics department,5.0,4.0,study_material,positive
 Andrew Finley ,Economics department,5.0,4.0,practical_sessions,positive
 Andrew Finley ,Economics department,5.0,4.0,explanation_clarity,positive
 Andrew Finley ,Economics department,5.0,4.0,doubt_solving,positive
 Andrew Finley ,Economics department,5.0,4.0,study_material,positive
 Andrew Finley ,Economics department,5.0,4.0,faculty_availability,positive
 Andrew Finley ,Economics department,2.0,4.0,explanation_clarity,neutral
 Andrew Finley ,Economics department,2.0,4.0,doubt_solving,neutral
 Andrew Finley ,Economics department,2.0,4.0,faculty_availability,neutral
 Andrew Finley ,Economics department,1.0,5.0,explanation_clarity,negative
 Andrew Finley ,Economics department,1.0,5.0,study_material,negative
 Andrew Finley ,Economics department,1.0,5.0,practical_sessions,negative
 Andrew Finley ,Economics department,1.0,5.0,subject_difficulty,negative
Anthony Fucaloro ,Chemistry department,4.0,1.0,explanation_clarity,positive
Anthony Fucaloro ,Chemistry department,4.0,1.0,study_material,positive
Anthony Fucaloro ,Chemistry department,4.0,1.0,practical_sessions,positive
Anthony Fucaloro ,Chemistry department,4.0,1.0,subject_difficulty,positive
Anthony Fucaloro ,Chemistry department,2.0,1.0,doubt_solving,negative
Anthony Fucaloro ,Chemistry department,2.0,1.0,study_material,negative
Anthony Fucaloro ,Chemistry department,2.0,1.0,practical_sessions,negative
Anthony Fucaloro ,Chemistry department,2.0,1.0,faculty_availability,negative
Anthony Fucaloro ,Chemistry department,2.0,1.0,subject_difficulty,negative
Anthony Fucaloro ,Chemistry department,3.0,2.0,explanation_clarity,negative
Anthony Fucaloro ,Chemistry department,3.0,2.0,doubt_solving,negative
Anthony Fucaloro ,Chemistry department,3.0,2.0,practical_sessions,negative
Anthony Fucaloro ,Chemistry department,3.0,2.0,faculty_availability,negative
Anthony Fucaloro ,Chemistry department,2.5,1.0,study_material,positive
Anthony Fucaloro ,Chemistry department,2.5,1.0,practical_sessions,positive
Anthony Fucaloro ,Chemistry department,2.5,1.0,subject_difficulty,positive
Anthony Fucaloro ,Chemistry department,1.5,4.0,doubt_solving,negative
Anthony Fucaloro ,Chemistry department,3.5,2.0,explanation_clarity,positive
Anthony Fucaloro ,Chemistry department,3.5,2.0,doubt_solving,positive
Anthony Fucaloro ,Chemistry department,3.5,2.0,study_material,positive
Anthony Fucaloro ,Chemistry department,3.5,2.0,practical_sessions,positive
Anthony Fucaloro ,Chemistry department,4.5,1.0,study_material,positive
Anthony Fucaloro ,Chemistry department,4.5,1.0,practical_sessions,positive
Anthony Fucaloro ,Chemistry department,1.5,2.0,explanation_clarity,positive
Anthony Fucaloro ,Chemistry department,1.5,2.0,doubt_solving,positive
Anthony Fucaloro ,Chemistry department,1.5,2.0,practical_sessions,positive
Anthony Fucaloro ,Chemistry department,1.0,5.0,doubt_solving,positive
Anthony Fucaloro ,Chemistry department,1.0,4.0,explanation_clarity,negative
Anthony Fucaloro ,Chemistry department,1.0,4.0,study_material,negative
Anthony Fucaloro ,Chemistry department,1.0,4.0,subject_difficulty,negative
Anthony Fucaloro ,Chemistry department,1.5,4.0,subject_difficulty,negative
Anthony Fucaloro ,Chemistry department,4.5,2.0,practical_sessions,positive
Anthony Fucaloro ,Chemistry department,5.0,1.0,doubt_solving,positive
Anthony Fucaloro ,Chemistry department,4.0,1.0,doubt_solving,positive
Anthony Fucaloro ,Chemistry department,4.0,1.0,practical_sessions,positive
Anthony Fucaloro ,Chemistry department,4.0,1.0,subject_difficulty,positive
Anthony Fucaloro ,Chemistry department,2.0,1.0,practical_sessions,negative
Anthony Fucaloro ,Chemistry department,2.0,1.0,subject_difficulty,negative
Anthony Fucaloro ,Chemistry department,4.0,1.0,study_material,positive
Anthony Fucaloro ,Chemistry department,4.0,1.0,practical_sessions,positive
Anthony Fucaloro ,Chemistry department,4.0,1.0,subject_difficulty,positive
Anthony Fucaloro ,Chemistry department,4.5,2.0,study_material,positive
Anthony Fucaloro ,Chemistry department,3.5,1.0,explanation_clarity,positive
Anthony Fucaloro ,Chemistry department,3.5,1.0,practical_sessions,positive
Anthony Fucaloro ,Chemistry department,3.5,1.0,subject_difficulty,positive
Anthony Fucaloro ,Chemistry department,3.5,3.0,practical_sessions,positive
Anthony Fucaloro ,Chemistry department,4.5,1.0,doubt_solving,positive
Anthony Fucaloro ,Chemistry department,4.5,1.0,practical_sessions,positive
Anthony Fucaloro ,Chemistry department,4.5,1.0,subject_difficulty,positive
Anthony Fucaloro ,Chemistry department,3.5,1.0,practical_sessions,positive
Anthony Fucaloro ,Chemistry department,3.5,1.0,subject_difficulty,positive
Anthony Fucaloro ,Chemistry department,5.0,3.0,explanation_clarity,positive
Anthony Fucaloro ,Chemistry department,5.0,3.0,doubt_solving,positive
Anthony Fucaloro ,Chemistry department,5.0,3.0,practical_sessions,positive
Anthony Fucaloro ,Chemistry department,4.5,3.0,explanation_clarity,negative
Anthony Fucaloro ,Chemistry department,4.5,3.0,practical_sessions,negative
Gaston Espinosa ,Religious Studies department,4.0,4.0,study_material,positive
Gaston Espinosa ,Religious Studies department,1.0,2.0,doubt_solving,negative
Gaston Espinosa ,Religious Studies department,1.0,2.0,subject_difficulty,negative
Gaston Espinosa ,Religious Studies department,4.0,3.0,study_material,positive
Gaston Espinosa ,Religious Studies department,4.0,3.0,faculty_availability,positive
Gaston Espinosa ,Religious Studies department,3.0,4.0,explanation_clarity,neutral
Gaston Espinosa ,Religious Studies department,3.0,4.0,doubt_solving,neutral
Gaston Espinosa ,Religious Studies department,3.0,4.0,faculty_availability,neutral
Gaston Espinosa ,Religious Studies department,4.0,4.0,doubt_solving,negative
Gaston Espinosa ,Religious Studies department,4.0,4.0,study_material,negative
Gaston Espinosa ,Religious Studies department,4.0,4.0,subject_difficulty,negative
Gaston Espinosa ,Religious Studies department,3.0,4.0,doubt_solving,negative
Gaston Espinosa ,Religious Studies department,3.0,4.0,faculty_availability,negative
Gaston Espinosa ,Religious Studies department,2.0,4.0,explanation_clarity,negative
Gaston Espinosa ,Religious Studies department,2.0,4.0,faculty_availability,negative
Gaston Espinosa ,Religious Studies department,2.0,4.0,subject_difficulty,negative
Gaston Espinosa ,Religious Studies department,5.0,3.0,study_material,neutral
Gaston Espinosa ,Religious Studies department,3.0,3.0,explanation_clarity,negative
Gaston Espinosa ,Religious Studies department,3.0,3.0,doubt_solving,negative
Gaston Espinosa ,Religious Studies department,3.0,3.0,study_material,negative
Gaston Espinosa ,Religious Studies department,3.0,3.0,practical_sessions,negative
Gaston Espinosa ,Religious Studies department,2.0,4.0,doubt_solving,negative
Gaston Espinosa ,Religious Studies department,2.0,4.0,faculty_availability,negative
Gaston Espinosa ,Religious Studies department,2.0,4.0,doubt_solving,negative
Gaston Espinosa ,Religious Studies department,2.0,4.0,study_material,negative
Gaston Espinosa ,Religious Studies department,4.0,4.0,doubt_solving,positive
Gaston Espinosa ,Religious Studies department,4.0,4.0,study_material,positive
Gaston Espinosa ,Religious Studies department,4.0,4.0,subject_difficulty,positive
Gaston Espinosa ,Religious Studies department,1.0,5.0,study_material,negative
Gaston Espinosa ,Religious Studies department,5.0,2.0,study_material,positive
Gaston Espinosa ,Religious Studies department,5.0,4.0,doubt_solving,positive
Gaston Espinosa ,Religious Studies department,5.0,4.0,study_material,positive
Gaston Espinosa ,Religious Studies department,5.0,4.0,doubt_solving,positive
Gaston Espinosa ,Religious Studies department,5.0,4.0,study_material,positive
Gaston Espinosa ,Religious Studies department,5.0,4.0,practical_sessions,positive
Gaston Espinosa ,Religious Studies department,5.0,4.0,faculty_availability,positive
Gaston Espinosa ,Religious Studies department,1.5,2.0,doubt_solving,neutral
Gaston Espinosa ,Religious Studies department,1.5,2.0,study_material,neutral
Gaston Espinosa ,Religious Studies department,1.5,2.0,faculty_availability,neutral
Gaston Espinosa ,Religious Studies department,5.0,3.0,doubt_solving,positive
Gaston Espinosa ,Religious Studies department,5.0,3.0,doubt_solving,positive
Gaston Espinosa ,Religious Studies department,5.0,3.0,study_material,positive
Gaston Espinosa ,Religious Studies department,5.0,3.0,faculty_availability,positive
Gaston Espinosa ,Religious Studies department,5.0,4.0,doubt_solving,positive
Gaston Espinosa ,Religious Studies department,5.0,4.0,study_material,positive
Gaston Espinosa ,Religious Studies department,2.5,5.0,doubt_solving,negative
Gaston Espinosa ,Religious Studies department,2.5,5.0,study_material,negative
Gaston Espinosa ,Religious Studies department,2.5,5.0,practical_sessions,negative
Gaston Espinosa ,Religious Studies department,2.5,5.0,faculty_availability,negative
Gaston Espinosa ,Religious Studies department,1.5,5.0,doubt_solving,negative
Gaston Espinosa ,Religious Studies department,5.0,5.0,subject_difficulty,positive
Gaston Espinosa ,Religious Studies department,2.5,4.0,doubt_solving,negative
Gaston Espinosa ,Religious Studies department,2.5,4.0,faculty_availability,negative
Gaston Espinosa ,Religious Studies department,2.5,4.0,subject_difficulty,negative
Catherine Reed ,Psychology department,5.0,2.0,explanation_clarity,positive
Catherine Reed ,Psychology department,5.0,2.0,practical_sessions,positive
Catherine Reed ,Psychology department,3.0,5.0,study_material,neutral
Catherine Reed ,Psychology department,3.0,5.0,practical_sessions,neutral
Catherine Reed ,Psychology department,3.0,3.0,explanation_clarity,positive
Catherine Reed ,Psychology department,3.0,3.0,doubt_solving,positive
Catherine Reed ,Psychology department,3.0,3.0,study_material,positive
Catherine Reed ,Psychology department,3.0,3.0,practical_sessions,positive
Catherine Reed ,Psychology department,3.0,3.0,faculty_availability,positive
Catherine Reed ,Psychology department,3.0,3.0,subject_difficulty,positive
Catherine Reed ,Psychology department,5.0,4.0,explanation_clarity,positive
Catherine Reed ,Psychology department,5.0,4.0,study_material,positive
Catherine Reed ,Psychology department,5.0,4.0,practical_sessions,positive
Catherine Reed ,Psychology department,3.0,4.0,explanation_clarity,positive
Catherine Reed ,Psychology department,3.0,4.0,study_material,positive
Catherine Reed ,Psychology department,4.0,3.0,explanation_clarity,positive
Catherine Reed ,Psychology department,4.0,3.0,doubt_solving,positive
Catherine Reed ,Psychology department,4.0,3.0,practical_sessions,positive
Catherine Reed ,Psychology department,4.0,3.0,subject_difficulty,positive
Catherine Reed ,Psychology department,4.0,3.0,explanation_clarity,positive
Catherine Reed ,Psychology department,4.0,3.0,study_material,positive
Catherine Reed ,Psychology department,4.0,3.0,doubt_solving,positive
Catherine Reed ,Psychology department,4.0,3.0,study_material,positive
Catherine Reed ,Psychology department,4.0,3.0,practical_sessions,positive
Catherine Reed ,Psychology department,4.0,3.0,faculty_availability,positive
Catherine Reed ,Psychology department,2.0,4.0,explanation_clarity,negative
Catherine Reed ,Psychology department,3.0,3.0,explanation_clarity,neutral
Catherine Reed ,Psychology department,3.0,3.0,doubt_solving,neutral
Catherine Reed ,Psychology department,3.0,3.0,subject_difficulty,neutral
Catherine Reed ,Psychology department,3.0,3.0,doubt_solving,negative
Catherine Reed ,Psychology department,3.0,3.0,study_material,negative
Catherine Reed ,Psychology department,3.0,3.0,practical_sessions,negative
Catherine Reed ,Psychology department,3.0,3.0,faculty_availability,negative
Catherine Reed ,Psychology department,3.0,3.0,explanation_clarity,negative
Catherine Reed ,Psychology department,3.0,3.0,doubt_solving,negative
Catherine Reed ,Psychology department,3.0,3.0,study_material,negative
Catherine Reed ,Psychology department,3.0,3.0,practical_sessions,negative
Catherine Reed ,Psychology department,3.0,3.0,faculty_availability,negative
Catherine Reed ,Psychology department,3.0,3.0,subject_difficulty,negative
Catherine Reed ,Psychology department,2.5,1.0,explanation_clarity,negative
Catherine Reed ,Psychology department,2.5,1.0,teaching_pace,negative
Catherine Reed ,Psychology department,2.5,1.0,study_material,negative
Catherine Reed ,Psychology department,2.5,1.0,subject_difficulty,negative
Catherine Reed ,Psychology department,2.0,3.0,study_material,negative
Catherine Reed ,Psychology department,2.0,3.0,practical_sessions,negative
Catherine Reed ,Psychology department,2.0,3.0,subject_difficulty,negative
Catherine Reed ,Psychology department,3.0,3.0,study_material,positive
Catherine Reed ,Psychology department,3.0,3.0,subject_difficulty,positive
Catherine Reed ,Psychology department,4.0,1.0,study_material,negative
Catherine Reed ,Psychology department,4.0,1.0,practical_sessions,negative
Catherine Reed ,Psychology department,5.0,2.0,study_material,positive
Catherine Reed ,Psychology department,5.0,2.0,practical_sessions,positive
Catherine Reed ,Psychology department,4.0,1.0,doubt_solving,positive
Catherine Reed ,Psychology department,4.0,1.0,subject_difficulty,positive
Catherine Reed ,Psychology department,4.0,3.0,doubt_solving,positive
Catherine Reed ,Psychology department,4.0,3.0,study_material,positive
Catherine Reed ,Psychology department,4.0,3.0,practical_sessions,positive
Catherine Reed ,Psychology department,4.0,3.0,subject_difficulty,positive
Catherine Reed ,Psychology department,5.0,2.0,doubt_solving,positive
Catherine Reed ,Psychology department,5.0,2.0,study_material,positive
Andrew Sinclair ,Government department,5.0,3.0,doubt_solving,positive
Andrew Sinclair ,Government department,5.0,3.0,study_material,positive
Andrew Sinclair ,Government department,5.0,3.0,practical_sessions,positive
Andrew Sinclair ,Government department,5.0,3.0,subject_difficulty,positive
Andrew Sinclair ,Government department,4.0,4.0,doubt_solving,positive
Andrew Sinclair ,Government department,4.0,4.0,practical_sessions,positive
Andrew Sinclair ,Government department,4.0,4.0,subject_difficulty,positive
Andrew Sinclair ,Government department,5.0,4.0,explanation_clarity,positive
Andrew Sinclair ,Government department,5.0,4.0,doubt_solving,positive
Andrew Sinclair ,Government department,5.0,2.0,explanation_clarity,positive
Andrew Sinclair ,Government department,5.0,2.0,doubt_solving,positive
Florian Madison ,Economics department,4.0,4.0,doubt_solving,neutral
Florian Madison ,Economics department,4.0,4.0,faculty_availability,neutral
Florian Madison ,Economics department,4.0,4.0,subject_difficulty,neutral
Florian Madison ,Economics department,5.0,5.0,explanation_clarity,positive
Florian Madison ,Economics department,5.0,5.0,doubt_solving,positive
Florian Madison ,Economics department,5.0,5.0,study_material,positive
Florian Madison ,Economics department,5.0,5.0,subject_difficulty,positive
Serkan Ozbeklik ,Economics department,4.0,3.0,explanation_clarity,positive
Serkan Ozbeklik ,Economics department,4.0,3.0,doubt_solving,positive
Serkan Ozbeklik ,Economics department,4.0,3.0,practical_sessions,positive
Serkan Ozbeklik ,Economics department,4.0,3.0,faculty_availability,positive
Serkan Ozbeklik ,Economics department,2.0,4.0,explanation_clarity,negative
Serkan Ozbeklik ,Economics department,2.0,4.0,doubt_solving,negative
Serkan Ozbeklik ,Economics department,2.0,4.0,practical_sessions,negative
Serkan Ozbeklik ,Economics department,3.0,3.0,explanation_clarity,negative
Serkan Ozbeklik ,Economics department,3.0,3.0,teaching_pace,negative
Serkan Ozbeklik ,Economics department,3.0,3.0,practical_sessions,negative
Serkan Ozbeklik ,Economics department,4.0,3.0,explanation_clarity,positive
Serkan Ozbeklik ,Economics department,4.0,3.0,study_material,positive
Serkan Ozbeklik ,Economics department,4.0,3.0,practical_sessions,positive
Serkan Ozbeklik ,Economics department,4.0,3.0,subject_difficulty,positive
Serkan Ozbeklik ,Economics department,4.0,4.0,explanation_clarity,positive
Serkan Ozbeklik ,Economics department,4.0,4.0,doubt_solving,positive
Serkan Ozbeklik ,Economics department,4.0,4.0,practical_sessions,positive
Serkan Ozbeklik ,Economics department,4.0,4.0,faculty_availability,positive
Serkan Ozbeklik ,Economics department,4.0,4.0,subject_difficulty,positive
Serkan Ozbeklik ,Economics department,5.0,4.0,doubt_solving,positive
Serkan Ozbeklik ,Economics department,5.0,4.0,study_material,positive
Serkan Ozbeklik ,Economics department,5.0,4.0,practical_sessions,positive
Serkan Ozbeklik ,Economics department,4.0,3.0,explanation_clarity,positive
Serkan Ozbeklik ,Economics department,4.0,3.0,doubt_solving,positive
Serkan Ozbeklik ,Economics department,4.0,3.0,study_material,positive
Serkan Ozbeklik ,Economics department,4.0,3.0,subject_difficulty,positive
Serkan Ozbeklik ,Economics department,4.5,3.0,explanation_clarity,positive
Serkan Ozbeklik ,Economics department,4.5,3.0,doubt_solving,positive
Serkan Ozbeklik ,Economics department,4.5,3.0,study_material,positive
Serkan Ozbeklik ,Economics department,4.5,3.0,faculty_availability,positive
Serkan Ozbeklik ,Economics department,3.0,2.0,explanation_clarity,positive
Serkan Ozbeklik ,Economics department,3.0,2.0,doubt_solving,neutral
Serkan Ozbeklik ,Economics department,3.0,2.0,practical_sessions,positive
Serkan Ozbeklik ,Economics department,3.0,5.0,explanation_clarity,neutral
Serkan Ozbeklik ,Economics department,3.0,5.0,doubt_solving,neutral
Serkan Ozbeklik ,Economics department,3.0,5.0,practical_sessions,neutral
Serkan Ozbeklik ,Economics department,3.0,5.0,subject_difficulty,neutral
Serkan Ozbeklik ,Economics department,1.5,4.0,explanation_clarity,negative
Serkan Ozbeklik ,Economics department,1.5,4.0,subject_difficulty,negative
Serkan Ozbeklik ,Economics department,2.5,4.0,explanation_clarity,negative
Serkan Ozbeklik ,Economics department,2.5,4.0,practical_sessions,negative
Serkan Ozbeklik ,Economics department,3.0,3.0,subject_difficulty,positive
Serkan Ozbeklik ,Economics department,5.0,2.0,doubt_solving,positive
Serkan Ozbeklik ,Economics department,5.0,2.0,study_material,positive
Serkan Ozbeklik ,Economics department,4.5,2.0,explanation_clarity,positive
Serkan Ozbeklik ,Economics department,4.5,2.0,doubt_solving,positive
Serkan Ozbeklik ,Economics department,4.5,2.0,study_material,positive
Serkan Ozbeklik ,Economics department,4.5,2.0,subject_difficulty,positive
Serkan Ozbeklik ,Economics department,5.0,1.0,explanation_clarity,negative
Serkan Ozbeklik ,Economics department,5.0,1.0,subject_difficulty,negative
Serkan Ozbeklik ,Economics department,4.5,4.0,explanation_clarity,positive
Serkan Ozbeklik ,Economics department,4.5,4.0,doubt_solving,positive
Serkan Ozbeklik ,Economics department,4.5,4.0,study_material,positive
Serkan Ozbeklik ,Economics department,4.5,4.0,practical_sessions,positive
Serkan Ozbeklik ,Economics department,4.5,4.0,doubt_solving,positive
Serkan Ozbeklik ,Economics department,4.5,4.0,study_material,positive
Serkan Ozbeklik ,Economics department,4.5,4.0,practical_sessions,positive
Serkan Ozbeklik ,Economics department,4.5,4.0,subject_difficulty,positive
Serkan Ozbeklik ,Economics department,4.5,2.0,practical_sessions,positive
Serkan Ozbeklik ,Economics department,4.5,2.0,doubt_solving,positive
Serkan Ozbeklik ,Economics department,4.5,2.0,practical_sessions,positive
Serkan Ozbeklik ,Economics department,4.5,2.0,faculty_availability,positive
Serkan Ozbeklik ,Economics department,3.0,4.0,explanation_clarity,positive
Daniel Michon ,Religious Studies department,5.0,4.0,study_material,negative
Daniel Michon ,Religious Studies department,5.0,4.0,subject_difficulty,negative
William Lincoln ,Economics department,5.0,3.0,explanation_clarity,positive
William Lincoln ,Economics department,5.0,3.0,doubt_solving,positive
William Lincoln ,Economics department,5.0,3.0,practical_sessions,positive
William Lincoln ,Economics department,5.0,3.0,faculty_availability,positive
William Lincoln ,Economics department,5.0,3.0,subject_difficulty,positive
William Lincoln ,Economics department,5.0,3.0,doubt_solving,positive
William Lincoln ,Economics department,5.0,3.0,subject_difficulty,positive
William Lincoln ,Economics department,4.0,4.0,practical_sessions,positive
William Lincoln ,Economics department,4.0,4.0,subject_difficulty,positive
William Lincoln ,Economics department,3.0,3.0,explanation_clarity,negative
William Lincoln ,Economics department,3.0,3.0,doubt_solving,negative
William Lincoln ,Economics department,3.0,3.0,practical_sessions,negative
William Lincoln ,Economics department,3.0,3.0,faculty_availability,negative
William Lincoln ,Economics department,3.0,3.0,subject_difficulty,negative
William Lincoln ,Economics department,5.0,4.0,explanation_clarity,positive
William Lincoln ,Economics department,5.0,4.0,doubt_solving,positive
William Lincoln ,Economics department,5.0,4.0,practical_sessions,positive
William Lincoln ,Economics department,5.0,4.0,faculty_availability,positive
William Lincoln ,Economics department,5.0,1.0,explanation_clarity,positive
William Lincoln ,Economics department,5.0,1.0,teaching_pace,positive
William Lincoln ,Economics department,5.0,1.0,doubt_solving,positive
William Lincoln ,Economics department,5.0,1.0,study_material,positive
William Lincoln ,Economics department,5.0,1.0,practical_sessions,positive
William Lincoln ,Economics department,5.0,1.0,faculty_availability,positive
William Lincoln ,Economics department,5.0,1.0,subject_difficulty,positive
William Lincoln ,Economics department,5.0,4.0,explanation_clarity,negative
William Lincoln ,Economics department,5.0,4.0,practical_sessions,negative
William Lincoln ,Economics department,5.0,4.0,faculty_availability,negative
William Lincoln ,Economics department,5.0,3.0,explanation_clarity,positive
William Lincoln ,Economics department,5.0,3.0,doubt_solving,positive
William Lincoln ,Economics department,5.0,3.0,study_material,positive
William Lincoln ,Economics department,5.0,3.0,practical_sessions,positive
William Lincoln ,Economics department,5.0,3.0,faculty_availability,positive
William Lincoln ,Economics department,5.0,3.0,subject_difficulty,positive
William Lincoln ,Economics department,5.0,2.0,explanation_clarity,positive
William Lincoln ,Economics department,5.0,2.0,doubt_solving,positive
William Lincoln ,Economics department,5.0,3.0,explanation_clarity,positive
William Lincoln ,Economics department,5.0,3.0,doubt_solving,positive
William Lincoln ,Economics department,5.0,3.0,practical_sessions,positive
William Lincoln ,Economics department,5.0,3.0,faculty_availability,positive
William Lincoln ,Economics department,5.0,2.0,explanation_clarity,neutral
William Lincoln ,Economics department,5.0,2.0,teaching_pace,neutral
William Lincoln ,Economics department,5.0,2.0,explanation_clarity,positive
William Lincoln ,Economics department,5.0,2.0,doubt_solving,positive
William Lincoln ,Economics department,5.0,2.0,practical_sessions,positive
William Lincoln ,Economics department,5.0,2.0,faculty_availability,positive
William Lincoln ,Economics department,5.0,1.0,explanation_clarity,positive
William Lincoln ,Economics department,5.0,1.0,doubt_solving,positive
William Lincoln ,Economics department,5.0,1.0,practical_sessions,positive
William Lincoln ,Economics department,5.0,2.0,explanation_clarity,positive
William Lincoln ,Economics department,5.0,2.0,subject_difficulty,positive
Charles Kesler ,Government department,5.0,2.0,study_material,positive
Charles Kesler ,Government department,5.0,2.0,faculty_availability,positive
Charles Kesler ,Government department,5.0,2.0,subject_difficulty,positive
Charles Kesler ,Government department,4.0,4.0,study_material,positive
Charles Kesler ,Government department,5.0,3.0,doubt_solving,positive
Charles Kesler ,Government department,5.0,3.0,study_material,positive
Charles Kesler ,Government department,5.0,3.0,faculty_availability,positive
Charles Kesler ,Government department,5.0,3.0,explanation_clarity,positive
Charles Kesler ,Government department,5.0,3.0,doubt_solving,positive
Charles Kesler ,Government department,5.0,3.0,study_material,positive
Charles Kesler ,Government department,5.0,3.0,faculty_availability,positive
Charles Kesler ,Government department,4.0,4.0,explanation_clarity,positive
Charles Kesler ,Government department,2.5,2.0,explanation_clarity,negative
Charles Kesler ,Government department,2.5,2.0,study_material,positive
Charles Kesler ,Government department,2.5,2.0,subject_difficulty,negative
Charles Kesler ,Government department,5.0,1.0,subject_difficulty,positive
Charles Kesler ,Government department,4.0,2.0,doubt_solving,positive
Charles Kesler ,Government department,4.0,2.0,study_material,positive
Charles Kesler ,Government department,4.0,2.0,subject_difficulty,positive
Charles Kesler ,Government department,5.0,3.0,explanation_clarity,positive
Charles Kesler ,Government department,5.0,3.0,doubt_solving,positive
Charles Kesler ,Government department,5.0,3.0,subject_difficulty,positive
Charles Kesler ,Government department,5.0,3.0,subject_difficulty,positive
Charles Kesler ,Government department,3.5,2.0,study_material,positive
Charles Kesler ,Government department,3.5,2.0,practical_sessions,positive
Charles Kesler ,Government department,3.5,2.0,subject_difficulty,positive
Charles Kesler ,Government department,4.0,2.0,explanation_clarity,neutral
Charles Kesler ,Government department,4.0,2.0,doubt_solving,neutral
Charles Kesler ,Government department,4.0,2.0,study_material,neutral
Charles Kesler ,Government department,4.0,2.0,subject_difficulty,neutral
Charles Kesler ,Government department,3.5,4.0,explanation_clarity,negative
Charles Kesler ,Government department,3.5,4.0,study_material,negative
Charles Kesler ,Government department,5.0,3.0,explanation_clarity,positive
Charles Kesler ,Government department,3.0,3.0,explanation_clarity,negative
Charles Kesler ,Government department,3.0,3.0,subject_difficulty,negative
Charles Kesler ,Government department,4.5,3.0,explanation_clarity,negative
Charles Kesler ,Government department,4.5,3.0,practical_sessions,negative
Charles Kesler ,Government department,4.5,3.0,subject_difficulty,negative
Sam Nelson ,Mathematics department,3.0,1.0,explanation_clarity,positive
Sam Nelson ,Mathematics department,3.0,1.0,doubt_solving,positive
Sam Nelson ,Mathematics department,3.0,1.0,study_material,positive
Sam Nelson ,Mathematics department,3.0,1.0,practical_sessions,positive
Sam Nelson ,Mathematics department,3.0,1.0,faculty_availability,positive
Sam Nelson ,Mathematics department,2.0,2.0,explanation_clarity,negative
Sam Nelson ,Mathematics department,2.0,2.0,study_material,negative
Sam Nelson ,Mathematics department,2.0,2.0,subject_difficulty,negative
Sam Nelson ,Mathematics department,3.0,3.0,explanation_clarity,positive
Sam Nelson ,Mathematics department,4.0,2.0,explanation_clarity,positive
Sam Nelson ,Mathematics department,4.0,2.0,teaching_pace,positive
Sam Nelson ,Mathematics department,4.0,2.0,doubt_solving,positive
Sam Nelson ,Mathematics department,4.0,2.0,practical_sessions,positive
Sam Nelson ,Mathematics department,4.0,2.0,subject_difficulty,positive
Sam Nelson ,Mathematics department,4.0,3.0,explanation_clarity,positive
Sam Nelson ,Mathematics department,4.0,3.0,teaching_pace,positive
Sam Nelson ,Mathematics department,4.0,3.0,study_material,positive
Sam Nelson ,Mathematics department,4.0,3.0,practical_sessions,positive
Sam Nelson ,Mathematics department,4.0,3.0,subject_difficulty,positive
Sam Nelson ,Mathematics department,4.0,2.0,explanation_clarity,positive
Sam Nelson ,Mathematics department,4.0,2.0,teaching_pace,positive
Sam Nelson ,Mathematics department,4.0,2.0,practical_sessions,positive
Sam Nelson ,Mathematics department,4.0,2.0,subject_difficulty,positive
Sam Nelson ,Mathematics department,4.0,3.0,doubt_solving,positive
Sam Nelson ,Mathematics department,4.0,3.0,study_material,positive
Sam Nelson ,Mathematics department,4.0,3.0,faculty_availability,positive
Sam Nelson ,Mathematics department,5.0,3.0,doubt_solving,positive
Sam Nelson ,Mathematics department,5.0,3.0,study_material,positive
Sam Nelson ,Mathematics department,5.0,3.0,practical_sessions,positive
Sam Nelson ,Mathematics department,5.0,3.0,subject_difficulty,positive
Sam Nelson ,Mathematics department,5.0,4.0,explanation_clarity,negative
Sam Nelson ,Mathematics department,5.0,4.0,teaching_pace,neutral
Sam Nelson ,Mathematics department,5.0,4.0,practical_sessions,negative
Sam Nelson ,Mathematics department,5.0,4.0,subject_difficulty,negative
Sam Nelson ,Mathematics department,5.0,2.0,doubt_solving,positive
Sam Nelson ,Mathematics department,5.0,2.0,study_material,positive
Sam Nelson ,Mathematics department,5.0,2.0,practical_sessions,positive
Sam Nelson ,Mathematics department,5.0,2.0,faculty_availability,positive
Sam Nelson ,Mathematics department,5.0,2.0,subject_difficulty,positive
Sam Nelson ,Mathematics department,5.0,3.0,doubt_solving,positive
Sam Nelson ,Mathematics department,5.0,3.0,subject_difficulty,positive
Sam Nelson ,Mathematics department,5.0,2.0,explanation_clarity,positive
Sam Nelson ,Mathematics department,5.0,2.0,study_material,positive
Sam Nelson ,Mathematics department,5.0,2.0,subject_difficulty,positive
Sam Nelson ,Mathematics department,3.0,2.0,explanation_clarity,positive
Sam Nelson ,Mathematics department,3.0,2.0,doubt_solving,positive
Sam Nelson ,Mathematics department,3.0,2.0,practical_sessions,positive
Sam Nelson ,Mathematics department,2.0,3.0,study_material,positive
Sam Nelson ,Mathematics department,2.0,3.0,practical_sessions,positive
Sam Nelson ,Mathematics department,2.0,3.0,subject_difficulty,positive
Sam Nelson ,Mathematics department,1.0,5.0,subject_difficulty,positive
Sam Nelson ,Mathematics department,1.5,4.0,explanation_clarity,negative
Sam Nelson ,Mathematics department,3.5,2.0,explanation_clarity,positive
Sam Nelson ,Mathematics department,3.5,2.0,doubt_solving,positive
Sam Nelson ,Mathematics department,3.5,2.0,study_material,positive
Sam Nelson ,Mathematics department,3.5,2.0,practical_sessions,positive
Sam Nelson ,Mathematics department,3.5,2.0,subject_difficulty,positive
Sam Nelson ,Mathematics department,3.0,1.0,explanation_clarity,neutral
Sam Nelson ,Mathematics department,3.0,1.0,teaching_pace,positive
Sam Nelson ,Mathematics department,3.0,1.0,study_material,positive
Sam Nelson ,Mathematics department,3.0,1.0,practical_sessions,positive
Sam Nelson ,Mathematics department,3.0,1.0,subject_difficulty,neutral
Sam Nelson ,Mathematics department,4.0,3.0,explanation_clarity,positive
Sam Nelson ,Mathematics department,4.0,3.0,doubt_solving,positive
Sam Nelson ,Mathematics department,4.0,3.0,study_material,positive
Sam Nelson ,Mathematics department,4.0,3.0,subject_difficulty,positive
Sam Nelson ,Mathematics department,3.5,2.0,doubt_solving,positive
Sam Nelson ,Mathematics department,3.5,2.0,faculty_availability,positive
Sam Nelson ,Mathematics department,3.5,2.0,subject_difficulty,positive
Sam Nelson ,Mathematics department,4.5,2.0,study_material,positive
Sam Nelson ,Mathematics department,4.5,2.0,practical_sessions,positive
Sam Nelson ,Mathematics department,3.5,3.0,explanation_clarity,positive
Sam Nelson ,Mathematics department,3.5,3.0,doubt_solving,positive
Sam Nelson ,Mathematics department,3.5,3.0,faculty_availability,positive
Sam Nelson ,Mathematics department,3.5,3.0,subject_difficulty,positive
Sam Nelson ,Mathematics department,3.0,2.0,explanation_clarity,positive
Sam Nelson ,Mathematics department,3.0,2.0,doubt_solving,positive
Sam Nelson ,Mathematics department,3.0,2.0,study_material,positive
Sam Nelson ,Mathematics department,3.0,2.0,practical_sessions,positive
Sam Nelson ,Mathematics department,3.0,2.0,subject_difficulty,positive
Sam Nelson ,Mathematics department,3.5,4.0,practical_sessions,positive
Sam Nelson ,Mathematics department,3.5,4.0,subject_difficulty,positive
Sam Nelson ,Mathematics department,4.5,1.0,doubt_solving,positive
Sam Nelson ,Mathematics department,4.5,1.0,study_material,positive
Sam Nelson ,Mathematics department,4.5,1.0,practical_sessions,positive
Sam Nelson ,Mathematics department,5.0,1.0,explanation_clarity,positive
Sam Nelson ,Mathematics department,5.0,1.0,doubt_solving,positive
Sam Nelson ,Mathematics department,5.0,1.0,study_material,positive
Sam Nelson ,Mathematics department,5.0,1.0,practical_sessions,positive
Sam Nelson ,Mathematics department,5.0,1.0,doubt_solving,positive
Sam Nelson ,Mathematics department,5.0,1.0,practical_sessions,positive
Sam Nelson ,Mathematics department,5.0,1.0,faculty_availability,positive
Sam Nelson ,Mathematics department,4.0,1.0,subject_difficulty,positive
Frederick Lynch ,Government department,4.0,2.0,doubt_solving,positive
Frederick Lynch ,Government department,4.0,3.0,doubt_solving,positive
Frederick Lynch ,Government department,4.0,3.0,study_material,positive
Frederick Lynch ,Government department,5.0,4.0,doubt_solving,positive
Frederick Lynch ,Government department,5.0,4.0,study_material,positive
Frederick Lynch ,Government department,5.0,4.0,practical_sessions,positive
Frederick Lynch ,Government department,5.0,3.0,explanation_clarity,positive
Frederick Lynch ,Government department,5.0,3.0,practical_sessions,positive
Frederick Lynch ,Government department,5.0,4.0,doubt_solving,positive
Frederick Lynch ,Government department,5.0,4.0,faculty_availability,positive
Frederick Lynch ,Government department,2.0,4.0,explanation_clarity,positive
Frederick Lynch ,Government department,2.0,4.0,doubt_solving,positive
Frederick Lynch ,Government department,2.0,4.0,study_material,positive
Frederick Lynch ,Government department,2.0,4.0,practical_sessions,positive
Frederick Lynch ,Government department,2.0,4.0,faculty_availability,positive
Frederick Lynch ,Government department,2.0,4.0,subject_difficulty,positive
Frederick Lynch ,Government department,4.0,1.0,subject_difficulty,negative
Frederick Lynch ,Government department,1.5,4.0,explanation_clarity,negative
Frederick Lynch ,Government department,1.5,4.0,study_material,negative
Frederick Lynch ,Government department,2.0,3.0,explanation_clarity,positive
Frederick Lynch ,Government department,2.0,3.0,doubt_solving,positive
Frederick Lynch ,Government department,2.0,3.0,study_material,positive
Frederick Lynch ,Government department,2.0,3.0,practical_sessions,positive
Frederick Lynch ,Government department,4.0,2.0,explanation_clarity,positive
Frederick Lynch ,Government department,5.0,2.0,subject_difficulty,positive
Frederick Lynch ,Government department,4.0,2.0,study_material,positive
Frederick Lynch ,Government department,4.5,2.0,explanation_clarity,negative
Frederick Lynch ,Government department,4.5,2.0,doubt_solving,negative
Frederick Lynch ,Government department,4.5,2.0,study_material,negative
Fan Yu ,Accounting department,2.0,4.0,explanation_clarity,negative
Fan Yu ,Accounting department,2.0,4.0,study_material,negative
Fan Yu ,Accounting department,2.0,4.0,practical_sessions,negative
Fan Yu ,Accounting department,2.0,4.0,subject_difficulty,negative
Fan Yu ,Accounting department,2.0,5.0,doubt_solving,neutral
Fan Yu ,Accounting department,2.0,5.0,faculty_availability,neutral
Fan Yu ,Accounting department,3.0,5.0,explanation_clarity,neutral
Fan Yu ,Accounting department,3.0,5.0,teaching_pace,neutral
Fan Yu ,Accounting department,3.0,5.0,doubt_solving,neutral
Fan Yu ,Accounting department,3.0,5.0,study_material,neutral
Fan Yu ,Accounting department,3.0,5.0,practical_sessions,neutral
Fan Yu ,Accounting department,5.0,4.0,practical_sessions,positive
Fan Yu ,Accounting department,3.0,5.0,teaching_pace,positive
Fan Yu ,Accounting department,3.0,5.0,subject_difficulty,positive
Fan Yu ,Accounting department,4.0,4.0,practical_sessions,negative
Fan Yu ,Accounting department,2.0,4.0,explanation_clarity,negative
Fan Yu ,Accounting department,2.0,4.0,practical_sessions,negative
Fan Yu ,Accounting department,2.0,4.0,subject_difficulty,negative
Fan Yu ,Accounting department,5.0,2.0,explanation_clarity,positive
Mellissa Martinez ,Literature department,5.0,3.0,explanation_clarity,positive
Mellissa Martinez ,Literature department,5.0,3.0,subject_difficulty,positive
Mary Evans ,Economics department,4.0,5.0,teaching_pace,positive
Mary Evans ,Economics department,4.0,5.0,doubt_solving,positive
Mary Evans ,Economics department,4.0,5.0,study_material,positive
Mary Evans ,Economics department,4.0,5.0,practical_sessions,positive
Mary Evans ,Economics department,4.0,5.0,faculty_availability,positive
Mary Evans ,Economics department,4.0,5.0,subject_difficulty,positive
Mary Evans ,Economics department,5.0,4.0,practical_sessions,positive
Mary Evans ,Economics department,5.0,4.0,faculty_availability,positive
Mary Evans ,Economics department,5.0,4.0,subject_difficulty,positive
Mary Evans ,Economics department,5.0,4.0,explanation_clarity,neutral
Mary Evans ,Economics department,5.0,4.0,doubt_solving,neutral
Mary Evans ,Economics department,5.0,4.0,practical_sessions,neutral
Mary Evans ,Economics department,5.0,4.0,faculty_availability,neutral
Mary Evans ,Economics department,5.0,4.0,subject_difficulty,neutral
Mary Evans ,Economics department,5.0,4.0,doubt_solving,positive
Mary Evans ,Economics department,5.0,4.0,practical_sessions,positive
Mary Evans ,Economics department,5.0,4.0,faculty_availability,positive
Mary Evans ,Economics department,5.0,4.0,subject_difficulty,positive
Mary Evans ,Economics department,5.0,4.0,explanation_clarity,positive
Mary Evans ,Economics department,5.0,4.0,practical_sessions,positive
Mary Evans ,Economics department,5.0,4.0,subject_difficulty,positive
Mary Evans ,Economics department,5.0,4.0,doubt_solving,positive
Mary Evans ,Economics department,5.0,4.0,faculty_availability,positive
Mary Evans ,Economics department,5.0,4.0,subject_difficulty,positive
Mary Evans ,Economics department,3.0,4.0,explanation_clarity,positive
Mary Evans ,Economics department,3.0,4.0,study_material,positive
Mary Evans ,Economics department,3.0,4.0,practical_sessions,positive
Mary Evans ,Economics department,3.0,4.0,subject_difficulty,positive
Mary Evans ,Economics department,5.0,3.0,explanation_clarity,positive
Mary Evans ,Economics department,5.0,3.0,teaching_pace,positive
Mary Evans ,Economics department,5.0,3.0,doubt_solving,positive
Mary Evans ,Economics department,5.0,3.0,practical_sessions,positive
Mary Evans ,Economics department,5.0,3.0,faculty_availability,positive
Mary Evans ,Economics department,5.0,3.0,subject_difficulty,positive
Mary Evans ,Economics department,4.0,4.0,explanation_clarity,positive
Mary Evans ,Economics department,4.0,4.0,subject_difficulty,positive
Mary Evans ,Economics department,5.0,3.0,doubt_solving,positive
Mary Evans ,Economics department,5.0,3.0,study_material,positive
Mary Evans ,Economics department,5.0,3.0,practical_sessions,positive
Mary Evans ,Economics department,5.0,3.0,faculty_availability,positive
Mary Evans ,Economics department,5.0,3.0,subject_difficulty,positive
Mary Evans ,Economics department,5.0,3.0,practical_sessions,positive
Mary Evans ,Economics department,5.0,3.0,faculty_availability,positive
Mary Evans ,Economics department,5.0,3.0,subject_difficulty,positive
Mary Evans ,Economics department,5.0,3.0,explanation_clarity,positive
Mary Evans ,Economics department,5.0,3.0,study_material,positive
Mary Evans ,Economics department,5.0,3.0,practical_sessions,positive
Mary Evans ,Economics department,5.0,3.0,subject_difficulty,positive
Mary Evans ,Economics department,3.0,3.0,study_material,positive
Mary Evans ,Economics department,3.0,3.0,practical_sessions,positive
Mary Evans ,Economics department,3.0,3.0,subject_difficulty,positive
Mary Evans ,Economics department,5.0,1.0,explanation_clarity,positive
Mary Evans ,Economics department,5.0,1.0,study_material,positive
Mary Evans ,Economics department,5.0,1.0,practical_sessions,positive
Mary Evans ,Economics department,5.0,1.0,subject_difficulty,positive
Mary Evans ,Economics department,5.0,2.0,study_material,positive
Mary Evans ,Economics department,5.0,1.0,study_material,positive
Mary Evans ,Economics department,5.0,1.0,subject_difficulty,positive
Mary Evans ,Economics department,4.5,3.0,explanation_clarity,positive
Mary Evans ,Economics department,4.5,3.0,teaching_pace,positive
Mary Evans ,Economics department,4.5,3.0,doubt_solving,positive
Mary Evans ,Economics department,4.5,3.0,study_material,positive
Mary Evans ,Economics department,4.5,3.0,practical_sessions,positive
Mary Evans ,Economics department,4.5,3.0,subject_difficulty,positive
Mary Evans ,Economics department,2.0,5.0,doubt_solving,negative
Mary Evans ,Economics department,2.0,5.0,practical_sessions,negative
Mary Evans ,Economics department,4.5,4.0,explanation_clarity,positive
Mary Evans ,Economics department,4.5,4.0,practical_sessions,positive
Mary Evans ,Economics department,5.0,2.0,explanation_clarity,positive
Mary Evans ,Economics department,5.0,2.0,doubt_solving,positive
Mary Evans ,Economics department,5.0,2.0,study_material,positive
Mary Evans ,Economics department,5.0,2.0,practical_sessions,positive
Mary Evans ,Economics department,5.0,5.0,explanation_clarity,positive
Mary Evans ,Economics department,5.0,5.0,teaching_pace,positive
Mary Evans ,Economics department,5.0,5.0,doubt_solving,positive
Mary Evans ,Economics department,5.0,5.0,study_material,positive
Mary Evans ,Economics department,5.0,5.0,practical_sessions,positive
Mary Evans ,Economics department,4.5,3.0,study_material,positive
Mary Evans ,Economics department,4.5,3.0,practical_sessions,positive
Mary Evans ,Economics department,4.5,3.0,subject_difficulty,positive
Mary Evans ,Economics department,5.0,3.0,doubt_solving,positive
Mary Evans ,Economics department,5.0,3.0,study_material,positive
Mary Evans ,Economics department,5.0,3.0,practical_sessions,positive
Mary Evans ,Economics department,5.0,3.0,faculty_availability,positive
Mary Evans ,Economics department,5.0,3.0,explanation_clarity,positive
Mary Evans ,Economics department,5.0,3.0,doubt_solving,positive
Mary Evans ,Economics department,5.0,3.0,study_material,positive
Mary Evans ,Economics department,5.0,3.0,faculty_availability,positive
Mary Evans ,Economics department,5.0,4.0,explanation_clarity,positive
Mary Evans ,Economics department,5.0,4.0,study_material,positive
Mary Evans ,Economics department,5.0,4.0,faculty_availability,positive
Heather Ferguson ,History department,5.0,3.0,practical_sessions,positive
Heather Ferguson ,History department,5.0,3.0,faculty_availability,positive
Heather Ferguson ,History department,5.0,3.0,subject_difficulty,positive
Heather Ferguson ,History department,5.0,3.0,teaching_pace,positive
Heather Ferguson ,History department,5.0,3.0,study_material,positive
Heather Ferguson ,History department,5.0,4.0,study_material,positive
Heather Ferguson ,History department,5.0,4.0,faculty_availability,positive
Heather Ferguson ,History department,5.0,2.0,explanation_clarity,positive
Heather Ferguson ,History department,5.0,2.0,doubt_solving,positive
Heather Ferguson ,History department,5.0,2.0,doubt_solving,negative
Heather Ferguson ,History department,5.0,2.0,study_material,negative
Heather Ferguson ,History department,5.0,2.0,faculty_availability,negative
Heather Ferguson ,History department,5.0,2.0,subject_difficulty,negative
Heather Ferguson ,History department,5.0,3.0,study_material,positive
Heather Ferguson ,History department,5.0,4.0,doubt_solving,positive
Heather Ferguson ,History department,5.0,4.0,study_material,positive
Heather Ferguson ,History department,5.0,4.0,subject_difficulty,positive
Heather Ferguson ,History department,5.0,3.0,study_material,negative
Matthew Faldyn ,Biology department,5.0,3.0,explanation_clarity,positive
Matthew Faldyn ,Biology department,5.0,3.0,doubt_solving,positive
Matthew Faldyn ,Biology department,5.0,3.0,practical_sessions,positive
Matthew Faldyn ,Biology department,5.0,3.0,explanation_clarity,positive
Matthew Faldyn ,Biology department,5.0,3.0,study_material,positive
Matthew Faldyn ,Biology department,5.0,3.0,subject_difficulty,positive
Matthew Faldyn ,Biology department,5.0,4.0,doubt_solving,positive
Matthew Faldyn ,Biology department,5.0,4.0,faculty_availability,positive
Matthew Faldyn ,Biology department,5.0,3.0,doubt_solving,positive
Matthew Faldyn ,Biology department,5.0,3.0,practical_sessions,positive
Matthew Faldyn ,Biology department,5.0,4.0,explanation_clarity,positive
Matthew Faldyn ,Biology department,5.0,4.0,practical_sessions,positive
Matthew Faldyn ,Biology department,5.0,4.0,explanation_clarity,positive
Matthew Faldyn ,Biology department,5.0,4.0,doubt_solving,positive
Matthew Faldyn ,Biology department,5.0,4.0,study_material,positive
Matthew Faldyn ,Biology department,5.0,4.0,practical_sessions,positive
Matthew Faldyn ,Biology department,5.0,4.0,faculty_availability,positive
Matthew Faldyn ,Biology department,4.0,3.0,study_material,neutral
Matthew Faldyn ,Biology department,4.0,3.0,practical_sessions,neutral
Briana Toole ,Philosophy department,5.0,4.0,study_material,positive
Briana Toole ,Philosophy department,5.0,4.0,faculty_availability,positive
Briana Toole ,Philosophy department,4.0,4.0,explanation_clarity,positive
Briana Toole ,Philosophy department,4.0,4.0,doubt_solving,positive
Briana Toole ,Philosophy department,4.0,4.0,study_material,positive
Briana Toole ,Philosophy department,4.0,4.0,faculty_availability,positive
Briana Toole ,Philosophy department,4.0,4.0,subject_difficulty,positive
Briana Toole ,Philosophy department,5.0,2.0,explanation_clarity,positive
Briana Toole ,Philosophy department,5.0,2.0,doubt_solving,positive
Briana Toole ,Philosophy department,5.0,2.0,faculty_availability,positive
Briana Toole ,Philosophy department,5.0,2.0,subject_difficulty,positive
Briana Toole ,Philosophy department,5.0,3.0,explanation_clarity,positive
Briana Toole ,Philosophy department,5.0,3.0,doubt_solving,positive
Briana Toole ,Philosophy department,5.0,3.0,faculty_availability,positive
Briana Toole ,Philosophy department,4.0,2.0,doubt_solving,positive
Briana Toole ,Philosophy department,4.0,2.0,study_material,positive
Briana Toole ,Philosophy department,4.0,2.0,practical_sessions,positive
Briana Toole ,Philosophy department,4.0,2.0,faculty_availability,positive
Scot Gould ,Physics department,5.0,4.0,doubt_solving,negative
Scot Gould ,Physics department,5.0,4.0,practical_sessions,negative
Scot Gould ,Physics department,5.0,4.0,faculty_availability,negative
Scot Gould ,Physics department,5.0,4.0,subject_difficulty,negative
Scot Gould ,Physics department,4.5,4.0,explanation_clarity,positive
Scot Gould ,Physics department,4.5,4.0,doubt_solving,positive
Scot Gould ,Physics department,4.5,4.0,practical_sessions,positive
Scot Gould ,Physics department,4.5,4.0,faculty_availability,positive
Scot Gould ,Physics department,4.5,4.0,subject_difficulty,positive
Scot Gould ,Physics department,4.5,4.0,doubt_solving,positive
Scot Gould ,Physics department,4.5,4.0,faculty_availability,positive
Scot Gould ,Physics department,4.0,4.0,explanation_clarity,neutral
Scot Gould ,Physics department,4.0,4.0,doubt_solving,neutral
Scot Gould ,Physics department,4.0,4.0,practical_sessions,neutral
Scot Gould ,Physics department,4.0,4.0,faculty_availability,neutral
Scot Gould ,Physics department,4.0,4.0,subject_difficulty,neutral
Scot Gould ,Physics department,4.0,4.0,doubt_solving,positive
Scot Gould ,Physics department,4.0,4.0,faculty_availability,positive
Scot Gould ,Physics department,5.0,5.0,practical_sessions,positive
Scot Gould ,Physics department,5.0,5.0,subject_difficulty,positive
Scot Gould ,Physics department,4.0,4.0,practical_sessions,neutral
Patrick Ferree ,Biology department,4.0,3.0,explanation_clarity,positive
Patrick Ferree ,Biology department,4.0,3.0,study_material,positive
Patrick Ferree ,Biology department,4.0,3.0,explanation_clarity,negative
Patrick Ferree ,Biology department,4.0,3.0,doubt_solving,negative
Patrick Ferree ,Biology department,4.0,3.0,study_material,negative
Patrick Ferree ,Biology department,4.0,3.0,subject_difficulty,negative
Patrick Ferree ,Biology department,3.0,4.0,explanation_clarity,negative
Patrick Ferree ,Biology department,3.0,4.0,doubt_solving,negative
Patrick Ferree ,Biology department,3.0,4.0,practical_sessions,negative
Patrick Ferree ,Biology department,4.5,3.0,doubt_solving,positive
Patrick Ferree ,Biology department,4.5,3.0,study_material,positive
Patrick Ferree ,Biology department,4.5,3.0,practical_sessions,positive
Patrick Ferree ,Biology department,4.5,3.0,faculty_availability,positive
Patrick Ferree ,Biology department,5.0,3.0,practical_sessions,positive
Patrick Ferree ,Biology department,5.0,3.0,subject_difficulty,positive
Patrick Ferree ,Biology department,5.0,3.0,explanation_clarity,positive
Patrick Ferree ,Biology department,5.0,3.0,practical_sessions,positive
Patrick Ferree ,Biology department,5.0,3.0,subject_difficulty,positive
Patrick Ferree ,Biology department,5.0,2.0,explanation_clarity,positive
Patrick Ferree ,Biology department,5.0,2.0,faculty_availability,positive
Patrick Ferree ,Biology department,5.0,2.0,explanation_clarity,positive
Patrick Ferree ,Biology department,5.0,2.0,doubt_solving,positive
Patrick Ferree ,Biology department,5.0,2.0,study_material,positive
Patrick Ferree ,Biology department,5.0,2.0,practical_sessions,positive
Patrick Ferree ,Biology department,3.5,2.0,explanation_clarity,positive
Patrick Ferree ,Biology department,3.5,2.0,doubt_solving,positive
Patrick Ferree ,Biology department,3.5,2.0,study_material,positive
Patrick Ferree ,Biology department,3.5,2.0,practical_sessions,positive
Patrick Ferree ,Biology department,3.5,2.0,faculty_availability,positive
Patrick Ferree ,Biology department,4.5,4.0,subject_difficulty,positive
Patrick Ferree ,Biology department,4.5,4.0,doubt_solving,positive
Patrick Ferree ,Biology department,4.5,4.0,study_material,positive
Patrick Ferree ,Biology department,4.5,4.0,subject_difficulty,positive
Patrick Ferree ,Biology department,2.5,4.0,explanation_clarity,neutral
Patrick Ferree ,Biology department,2.5,4.0,doubt_solving,neutral
Patrick Ferree ,Biology department,2.5,4.0,study_material,neutral
Patrick Ferree ,Biology department,2.5,4.0,practical_sessions,neutral
Patrick Ferree ,Biology department,2.5,4.0,faculty_availability,neutral
Bana Dahi ,Modern Languages department,5.0,3.0,practical_sessions,positive
Bana Dahi ,Modern Languages department,2.0,5.0,doubt_solving,neutral
Bana Dahi ,Modern Languages department,2.0,5.0,faculty_availability,neutral
Bana Dahi ,Modern Languages department,2.0,3.0,practical_sessions,negative
Bana Dahi ,Modern Languages department,5.0,3.0,doubt_solving,positive
Bana Dahi ,Modern Languages department,5.0,3.0,doubt_solving,positive
Bana Dahi ,Modern Languages department,5.0,3.0,practical_sessions,neutral
Bana Dahi ,Modern Languages department,5.0,3.0,faculty_availability,neutral
Bana Dahi ,Modern Languages department,5.0,3.0,explanation_clarity,positive
Bana Dahi ,Modern Languages department,5.0,3.0,doubt_solving,positive
Giorgi Areshidze ,Government department,2.0,2.0,explanation_clarity,negative
Giorgi Areshidze ,Government department,2.0,2.0,practical_sessions,negative
Giorgi Areshidze ,Government department,5.0,3.0,study_material,positive
Giorgi Areshidze ,Government department,5.0,4.0,explanation_clarity,positive
Giorgi Areshidze ,Government department,5.0,4.0,practical_sessions,positive
Giorgi Areshidze ,Government department,5.0,4.0,faculty_availability,positive
Giorgi Areshidze ,Government department,5.0,5.0,doubt_solving,positive
Giorgi Areshidze ,Government department,5.0,5.0,study_material,positive
Giorgi Areshidze ,Government department,5.0,2.0,explanation_clarity,positive
Giorgi Areshidze ,Government department,5.0,2.0,study_material,positive
Giorgi Areshidze ,Government department,3.0,3.0,explanation_clarity,neutral
Giorgi Areshidze ,Government department,3.0,3.0,study_material,neutral
Giorgi Areshidze ,Government department,3.0,3.0,practical_sessions,neutral
Giorgi Areshidze ,Government department,3.0,3.0,subject_difficulty,neutral
Giorgi Areshidze ,Government department,4.0,4.0,explanation_clarity,negative
Giorgi Areshidze ,Government department,4.0,4.0,practical_sessions,neutral
Giorgi Areshidze ,Government department,4.0,3.0,study_material,positive
Giorgi Areshidze ,Government department,5.0,3.0,doubt_solving,positive
Giorgi Areshidze ,Government department,5.0,3.0,study_material,positive
Giorgi Areshidze ,Government department,5.0,2.0,teaching_pace,positive
Giorgi Areshidze ,Government department,5.0,2.0,doubt_solving,positive
Giorgi Areshidze ,Government department,5.0,2.0,practical_sessions,positive
Giorgi Areshidze ,Government department,5.0,2.0,subject_difficulty,positive
Giorgi Areshidze ,Government department,5.0,4.0,explanation_clarity,positive
Giorgi Areshidze ,Government department,5.0,2.0,explanation_clarity,positive
Giorgi Areshidze ,Government department,5.0,2.0,study_material,positive
Giorgi Areshidze ,Government department,5.0,2.0,study_material,positive
Giorgi Areshidze ,Government department,5.0,2.0,practical_sessions,positive
Giorgi Areshidze ,Government department,5.0,2.0,subject_difficulty,positive
Giorgi Areshidze ,Government department,5.0,2.0,study_material,neutral
Giorgi Areshidze ,Government department,5.0,2.0,practical_sessions,neutral
Giorgi Areshidze ,Government department,4.5,3.0,subject_difficulty,positive
Daniel Michon ,Religion & Philosophy department,5.0,3.0,explanation_clarity,positive
Daniel Michon ,Religion & Philosophy department,5.0,3.0,doubt_solving,positive
Daniel Michon ,Religion & Philosophy department,5.0,3.0,subject_difficulty,positive
Daniel Michon ,Religion & Philosophy department,5.0,4.0,study_material,positive
Daniel Michon ,Religion & Philosophy department,5.0,4.0,faculty_availability,positive
Daniel Michon ,Religion & Philosophy department,5.0,4.0,subject_difficulty,positive
Daniel Michon ,Religion & Philosophy department,5.0,4.0,explanation_clarity,positive
Daniel Michon ,Religion & Philosophy department,5.0,4.0,study_material,positive
Daniel Michon ,Religion & Philosophy department,2.0,5.0,study_material,negative
Daniel Michon ,Religion & Philosophy department,2.0,5.0,practical_sessions,negative
Daniel Michon ,Religion & Philosophy department,2.0,5.0,subject_difficulty,negative
Daniel Michon ,Religion & Philosophy department,5.0,4.0,doubt_solving,positive
Daniel Michon ,Religion & Philosophy department,5.0,4.0,study_material,positive
Daniel Michon ,Religion & Philosophy department,2.0,5.0,explanation_clarity,negative
Daniel Michon ,Religion & Philosophy department,2.0,5.0,study_material,negative
Daniel Michon ,Religion & Philosophy department,4.0,4.0,doubt_solving,positive
Daniel Michon ,Religion & Philosophy department,4.0,4.0,faculty_availability,positive
Daniel Michon ,Religion & Philosophy department,4.0,4.0,subject_difficulty,positive
Daniel Michon ,Religion & Philosophy department,2.0,4.0,explanation_clarity,negative
Daniel Michon ,Religion & Philosophy department,2.0,4.0,study_material,negative
Daniel Michon ,Religion & Philosophy department,2.0,4.0,subject_difficulty,negative
Daniel Michon ,Religion & Philosophy department,5.0,4.0,teaching_pace,positive
Daniel Michon ,Religion & Philosophy department,5.0,4.0,doubt_solving,positive
Daniel Michon ,Religion & Philosophy department,4.5,3.0,doubt_solving,positive
Daniel Michon ,Religion & Philosophy department,4.5,3.0,study_material,positive
Daniel Michon ,Religion & Philosophy department,4.5,3.0,faculty_availability,positive
Daniel Michon ,Religion & Philosophy department,5.0,3.0,explanation_clarity,positive
Daniel Michon ,Religion & Philosophy department,4.5,2.0,explanation_clarity,positive
Daniel Michon ,Religion & Philosophy department,5.0,2.0,explanation_clarity,positive
Daniel Michon ,Religion & Philosophy department,5.0,3.0,practical_sessions,positive
Daniel Michon ,Religion & Philosophy department,5.0,3.0,subject_difficulty,positive
Daniel Michon ,Religion & Philosophy department,5.0,2.0,doubt_solving,positive
Daniel Michon ,Religion & Philosophy department,5.0,2.0,study_material,positive
Daniel Michon ,Religion & Philosophy department,5.0,2.0,practical_sessions,positive
Daniel Michon ,Religion & Philosophy department,5.0,2.0,subject_difficulty,positive
Lars Schmitz ,Biology department,3.0,2.0,explanation_clarity,neutral
Lars Schmitz ,Biology department,3.0,2.0,practical_sessions,neutral
Lars Schmitz ,Biology department,3.0,2.0,subject_difficulty,neutral
Lars Schmitz ,Biology department,5.0,3.0,practical_sessions,positive
Lars Schmitz ,Biology department,5.0,3.0,subject_difficulty,positive
Lars Schmitz ,Biology department,5.0,2.0,doubt_solving,positive
Lars Schmitz ,Biology department,5.0,2.0,practical_sessions,positive
Lars Schmitz ,Biology department,5.0,2.0,subject_difficulty,positive
Lars Schmitz ,Biology department,5.0,4.0,practical_sessions,positive
Lars Schmitz ,Biology department,5.0,2.0,explanation_clarity,positive
Lars Schmitz ,Biology department,5.0,2.0,study_material,positive
Lars Schmitz ,Biology department,5.0,2.0,practical_sessions,positive
Lars Schmitz ,Biology department,5.0,3.0,practical_sessions,positive
Emma Kalb ,History department,4.0,3.0,explanation_clarity,negative
Emma Kalb ,History department,4.0,3.0,study_material,negative
Emma Kalb ,History department,4.0,3.0,practical_sessions,negative
Emma Kalb ,History department,4.0,3.0,subject_difficulty,negative
Emma Kalb ,History department,5.0,3.0,doubt_solving,positive
Emma Kalb ,History department,5.0,3.0,study_material,positive
Emma Kalb ,History department,5.0,2.0,study_material,positive
Emma Kalb ,History department,5.0,2.0,subject_difficulty,positive
Lisa Koch ,Government department,5.0,4.0,explanation_clarity,positive
Lisa Koch ,Government department,5.0,4.0,doubt_solving,positive
Lisa Koch ,Government department,5.0,3.0,explanation_clarity,positive
Lisa Koch ,Government department,5.0,3.0,explanation_clarity,positive
Lisa Koch ,Government department,5.0,3.0,doubt_solving,positive
Lisa Koch ,Government department,5.0,3.0,study_material,positive
Lisa Koch ,Government department,5.0,3.0,practical_sessions,positive
Lisa Koch ,Government department,5.0,3.0,explanation_clarity,positive
Lisa Koch ,Government department,5.0,3.0,study_material,positive
Lisa Koch ,Government department,5.0,3.0,practical_sessions,positive
Lisa Koch ,Government department,5.0,3.0,explanation_clarity,positive
Lisa Koch ,Government department,5.0,3.0,study_material,positive
Lisa Koch ,Government department,5.0,3.0,practical_sessions,positive
Lisa Koch ,Government department,5.0,4.0,explanation_clarity,positive
Lisa Koch ,Government department,5.0,4.0,doubt_solving,positive
Lisa Koch ,Government department,5.0,4.0,study_material,positive
Lisa Koch ,Government department,5.0,3.0,explanation_clarity,positive
Lisa Koch ,Government department,5.0,3.0,doubt_solving,positive
Lisa Koch ,Government department,5.0,3.0,faculty_availability,positive
Lisa Koch ,Government department,5.0,4.0,explanation_clarity,positive
Lisa Koch ,Government department,4.0,3.0,explanation_clarity,positive
Lisa Koch ,Government department,4.0,3.0,doubt_solving,positive
Lisa Koch ,Government department,4.0,3.0,faculty_availability,positive
Lisa Koch ,Government department,5.0,4.0,explanation_clarity,positive
Lisa Koch ,Government department,5.0,4.0,doubt_solving,positive
Lisa Koch ,Government department,5.0,4.0,faculty_availability,positive
Hilary Appel ,Government department,3.0,4.0,explanation_clarity,negative
Hilary Appel ,Government department,3.0,4.0,study_material,negative
Hilary Appel ,Government department,5.0,4.0,practical_sessions,positive
Hilary Appel ,Government department,4.0,2.0,subject_difficulty,positive
Hilary Appel ,Government department,5.0,4.0,faculty_availability,positive
Hilary Appel ,Government department,5.0,4.0,subject_difficulty,positive
Hilary Appel ,Government department,4.0,3.0,explanation_clarity,positive
Hilary Appel ,Government department,2.0,4.0,doubt_solving,negative
Hilary Appel ,Government department,2.0,4.0,practical_sessions,negative
Hilary Appel ,Government department,4.0,2.0,study_material,negative
Hilary Appel ,Government department,5.0,4.0,explanation_clarity,positive
Hilary Appel ,Government department,4.0,3.0,study_material,positive
Hilary Appel ,Government department,4.0,3.0,practical_sessions,positive
Hilary Appel ,Government department,4.5,2.0,explanation_clarity,positive
Hilary Appel ,Government department,5.0,4.0,explanation_clarity,negative
Hilary Appel ,Government department,4.5,4.0,doubt_solving,positive
Hilary Appel ,Government department,4.5,4.0,subject_difficulty,positive
Hilary Appel ,Government department,4.0,3.0,study_material,positive
Hilary Appel ,Government department,5.0,5.0,explanation_clarity,positive
Hilary Appel ,Government department,5.0,5.0,study_material,positive
Hilary Appel ,Government department,5.0,5.0,subject_difficulty,positive
Hilary Appel ,Government department,4.5,3.0,explanation_clarity,positive
Hilary Appel ,Government department,5.0,4.0,doubt_solving,positive
Hilary Appel ,Government department,5.0,4.0,study_material,positive
Hilary Appel ,Government department,5.0,4.0,faculty_availability,positive
Hilary Appel ,Government department,4.0,5.0,explanation_clarity,positive
Hilary Appel ,Government department,4.0,5.0,study_material,positive
Hilary Appel ,Government department,4.0,5.0,practical_sessions,positive
Hilary Appel ,Government department,4.0,5.0,subject_difficulty,positive
Zachary Courser ,Government department,1.0,4.0,explanation_clarity,negative
Zachary Courser ,Government department,1.0,4.0,subject_difficulty,negative
Zachary Courser ,Government department,4.0,3.0,explanation_clarity,positive
Zachary Courser ,Government department,4.0,3.0,faculty_availability,positive
Zachary Courser ,Government department,2.0,3.0,explanation_clarity,negative
Zachary Courser ,Government department,2.0,3.0,study_material,negative
Zachary Courser ,Government department,2.0,3.0,subject_difficulty,negative
Zachary Courser ,Government department,4.0,2.0,study_material,positive
Zachary Courser ,Government department,4.0,2.0,subject_difficulty,positive
Zachary Courser ,Government department,1.0,3.0,explanation_clarity,negative
Zachary Courser ,Government department,1.0,3.0,subject_difficulty,negative
Zachary Courser ,Government department,4.0,3.0,explanation_clarity,positive
Zachary Courser ,Government department,4.0,2.0,study_material,positive
Zachary Courser ,Government department,1.0,5.0,subject_difficulty,positive
Zachary Courser ,Government department,3.5,4.0,doubt_solving,negative
Zachary Courser ,Government department,3.5,4.0,study_material,negative
Zachary Courser ,Government department,3.5,4.0,subject_difficulty,negative
Zachary Courser ,Government department,4.5,3.0,doubt_solving,negative
Zachary Courser ,Government department,4.5,3.0,study_material,negative
Zachary Courser ,Government department,4.0,3.0,study_material,positive
Steve Naftilan ,Physics department,5.0,4.0,teaching_pace,positive
Steve Naftilan ,Physics department,4.0,2.0,explanation_clarity,positive
Steve Naftilan ,Physics department,4.0,2.0,doubt_solving,positive
Steve Naftilan ,Physics department,4.0,2.0,practical_sessions,positive
Steve Naftilan ,Physics department,4.0,2.0,faculty_availability,positive
Steve Naftilan ,Physics department,4.0,3.0,practical_sessions,positive
Steve Naftilan ,Physics department,4.0,3.0,subject_difficulty,positive
Steve Naftilan ,Physics department,1.5,5.0,practical_sessions,positive
Steve Naftilan ,Physics department,5.0,4.0,explanation_clarity,positive
Steve Naftilan ,Physics department,5.0,4.0,doubt_solving,positive
Steve Naftilan ,Physics department,5.0,4.0,subject_difficulty,positive
Steve Naftilan ,Physics department,5.0,3.0,explanation_clarity,positive
Steve Naftilan ,Physics department,5.0,3.0,doubt_solving,positive
Steve Naftilan ,Physics department,3.0,4.0,doubt_solving,neutral
Steve Naftilan ,Physics department,3.0,4.0,study_material,neutral
Steve Naftilan ,Physics department,3.0,4.0,practical_sessions,neutral
Steve Naftilan ,Physics department,3.0,4.0,faculty_availability,neutral
Steve Naftilan ,Physics department,3.0,4.0,subject_difficulty,negative
Steve Naftilan ,Physics department,4.5,5.0,doubt_solving,negative
Steve Naftilan ,Physics department,4.5,5.0,practical_sessions,negative
Steve Naftilan ,Physics department,4.5,5.0,subject_difficulty,negative
Steve Naftilan ,Physics department,4.5,3.0,explanation_clarity,positive
Steve Naftilan ,Physics department,4.0,4.0,explanation_clarity,positive
Steve Naftilan ,Physics department,4.0,4.0,practical_sessions,positive
Steve Naftilan ,Physics department,4.0,4.0,faculty_availability,positive
Steve Naftilan ,Physics department,4.0,4.0,subject_difficulty,positive
Mark Huber ,Mathematics department,3.0,5.0,doubt_solving,positive
Mark Huber ,Mathematics department,3.0,5.0,practical_sessions,positive
Mark Huber ,Mathematics department,3.0,5.0,faculty_availability,positive
Mark Huber ,Mathematics department,3.0,5.0,subject_difficulty,neutral
Mark Huber ,Mathematics department,5.0,3.0,explanation_clarity,positive
Mark Huber ,Mathematics department,5.0,3.0,doubt_solving,positive
Mark Huber ,Mathematics department,5.0,3.0,study_material,positive
Mark Huber ,Mathematics department,5.0,3.0,practical_sessions,positive
Mark Huber ,Mathematics department,5.0,3.0,faculty_availability,positive
Mark Huber ,Mathematics department,5.0,3.0,subject_difficulty,positive
Mark Huber ,Mathematics department,5.0,3.0,study_material,positive
Mark Huber ,Mathematics department,5.0,2.0,explanation_clarity,positive
Mark Huber ,Mathematics department,5.0,2.0,study_material,positive
Mark Huber ,Mathematics department,5.0,2.0,practical_sessions,positive
Mark Huber ,Mathematics department,5.0,3.0,doubt_solving,positive
Mark Huber ,Mathematics department,5.0,3.0,study_material,positive
Mark Huber ,Mathematics department,5.0,3.0,practical_sessions,positive
Mark Huber ,Mathematics department,5.0,3.0,faculty_availability,positive
Mark Huber ,Mathematics department,5.0,3.0,subject_difficulty,positive
Mark Huber ,Mathematics department,5.0,4.0,practical_sessions,negative
Mark Huber ,Mathematics department,5.0,4.0,subject_difficulty,negative
Mark Huber ,Mathematics department,4.0,4.0,explanation_clarity,positive
Mark Huber ,Mathematics department,4.0,4.0,doubt_solving,positive
Mark Huber ,Mathematics department,4.0,4.0,study_material,positive
Mark Huber ,Mathematics department,4.0,4.0,faculty_availability,positive
Mark Huber ,Mathematics department,4.0,4.0,subject_difficulty,positive
Mark Huber ,Mathematics department,2.0,5.0,explanation_clarity,negative
Mark Huber ,Mathematics department,2.0,5.0,teaching_pace,negative
Mark Huber ,Mathematics department,2.0,5.0,doubt_solving,negative
Mark Huber ,Mathematics department,2.0,5.0,study_material,negative
Mark Huber ,Mathematics department,2.0,5.0,faculty_availability,negative
Mark Huber ,Mathematics department,2.0,5.0,subject_difficulty,negative
Mark Huber ,Mathematics department,1.0,4.0,study_material,negative
Mark Huber ,Mathematics department,2.0,3.0,explanation_clarity,negative
Mark Huber ,Mathematics department,2.0,3.0,study_material,negative
Mark Huber ,Mathematics department,5.0,2.0,doubt_solving,positive
Mark Huber ,Mathematics department,5.0,2.0,study_material,positive
Mark Huber ,Mathematics department,5.0,2.0,practical_sessions,positive
Mark Huber ,Mathematics department,5.0,2.0,faculty_availability,positive
Mark Huber ,Mathematics department,5.0,2.0,subject_difficulty,positive
Mark Huber ,Mathematics department,5.0,1.0,explanation_clarity,positive
Mark Huber ,Mathematics department,5.0,1.0,practical_sessions,positive
Mark Huber ,Mathematics department,5.0,3.0,explanation_clarity,positive
Mark Huber ,Mathematics department,5.0,3.0,doubt_solving,positive
Mark Huber ,Mathematics department,5.0,3.0,practical_sessions,positive
Mark Huber ,Mathematics department,5.0,3.0,faculty_availability,positive
Mark Huber ,Mathematics department,5.0,3.0,subject_difficulty,positive
Mark Huber ,Mathematics department,5.0,3.0,explanation_clarity,positive
Mark Huber ,Mathematics department,5.0,3.0,doubt_solving,positive
Mark Huber ,Mathematics department,5.0,3.0,faculty_availability,positive
Mark Huber ,Mathematics department,5.0,3.0,subject_difficulty,positive
James Morrison ,Literature department,1.0,2.0,subject_difficulty,negative
James Morrison ,Literature department,5.0,2.0,explanation_clarity,positive
James Morrison ,Literature department,5.0,2.0,doubt_solving,positive
James Morrison ,Literature department,4.0,3.0,faculty_availability,positive
James Morrison ,Literature department,5.0,3.0,explanation_clarity,positive
James Morrison ,Literature department,5.0,3.0,doubt_solving,positive
James Morrison ,Literature department,5.0,3.0,subject_difficulty,positive
James Morrison ,Literature department,5.0,3.0,explanation_clarity,positive
James Morrison ,Literature department,5.0,3.0,doubt_solving,positive
James Morrison ,Literature department,5.0,2.0,explanation_clarity,positive
James Morrison ,Literature department,5.0,2.0,study_material,positive
James Morrison ,Literature department,5.0,2.0,subject_difficulty,positive
James Morrison ,Literature department,5.0,2.0,doubt_solving,positive
James Morrison ,Literature department,5.0,3.0,explanation_clarity,positive
James Morrison ,Literature department,5.0,3.0,study_material,positive
James Morrison ,Literature department,5.0,2.0,study_material,positive
James Morrison ,Literature department,5.0,2.0,subject_difficulty,positive
James Morrison ,Literature department,1.5,4.0,explanation_clarity,negative
James Morrison ,Literature department,5.0,1.0,study_material,positive
James Morrison ,Literature department,5.0,4.0,study_material,positive
James Morrison ,Literature department,5.0,4.0,practical_sessions,positive
James Morrison ,Literature department,3.5,4.0,study_material,positive
James Morrison ,Literature department,3.5,4.0,subject_difficulty,positive
James Morrison ,Literature department,2.0,4.0,explanation_clarity,negative
James Morrison ,Literature department,4.0,4.0,doubt_solving,negative
James Morrison ,Literature department,4.0,4.0,subject_difficulty,negative
James Morrison ,Literature department,5.0,4.0,doubt_solving,positive
James Morrison ,Literature department,5.0,4.0,faculty_availability,positive
James Morrison ,Literature department,5.0,4.0,subject_difficulty,positive
James Morrison ,Literature department,4.5,3.0,study_material,positive
James Morrison ,Literature department,4.5,3.0,subject_difficulty,positive
Terril Jones ,Government department,3.0,3.0,doubt_solving,negative
Terril Jones ,Government department,3.0,3.0,subject_difficulty,negative
Terril Jones ,Government department,5.0,3.0,doubt_solving,positive
Terril Jones ,Government department,5.0,3.0,faculty_availability,positive
Terril Jones ,Government department,5.0,3.0,explanation_clarity,positive
Terril Jones ,Government department,5.0,3.0,doubt_solving,positive
Terril Jones ,Government department,5.0,3.0,faculty_availability,positive
Bassam Frangieh ,Modern Languages department,5.0,3.0,subject_difficulty,positive
Bassam Frangieh ,Modern Languages department,5.0,3.0,subject_difficulty,positive
Bassam Frangieh ,Modern Languages department,5.0,4.0,study_material,positive
Bassam Frangieh ,Modern Languages department,5.0,3.0,explanation_clarity,positive
Bassam Frangieh ,Modern Languages department,5.0,3.0,practical_sessions,positive
Bassam Frangieh ,Modern Languages department,5.0,3.0,subject_difficulty,positive
Bassam Frangieh ,Modern Languages department,4.5,4.0,subject_difficulty,positive
Bassam Frangieh ,Modern Languages department,5.0,4.0,subject_difficulty,positive
Bassam Frangieh ,Modern Languages department,5.0,2.0,faculty_availability,positive
Bassam Frangieh ,Modern Languages department,5.0,2.0,faculty_availability,positive
Christine Crockett ,Literature department,5.0,3.0,study_material,positive
Christine Crockett ,Literature department,5.0,3.0,practical_sessions,positive
Christine Crockett ,Literature department,5.0,3.0,subject_difficulty,positive
Christine Crockett ,Literature department,5.0,4.0,explanation_clarity,positive
Christine Crockett ,Literature department,5.0,4.0,doubt_solving,positive
Christine Crockett ,Literature department,5.0,4.0,subject_difficulty,positive
Christine Crockett ,Literature department,5.0,4.0,doubt_solving,positive
Christine Crockett ,Literature department,5.0,3.0,doubt_solving,positive
Christine Crockett ,Literature department,5.0,3.0,faculty_availability,positive
Christine Crockett ,Literature department,4.0,3.0,subject_difficulty,negative
Christine Crockett ,Literature department,5.0,3.0,doubt_solving,positive
Christine Crockett ,Literature department,5.0,3.0,study_material,positive
Christine Crockett ,Literature department,5.0,4.0,subject_difficulty,positive
Saman Olfati ,Economics department,5.0,2.0,explanation_clarity,positive
Saman Olfati ,Economics department,5.0,2.0,study_material,positive
Saman Olfati ,Economics department,5.0,2.0,practical_sessions,positive
Saman Olfati ,Economics department,5.0,2.0,subject_difficulty,positive
Saman Olfati ,Economics department,4.0,5.0,explanation_clarity,negative
Saman Olfati ,Economics department,4.0,5.0,practical_sessions,negative
Saman Olfati ,Economics department,4.0,5.0,subject_difficulty,negative
Saman Olfati ,Economics department,5.0,3.0,doubt_solving,positive
Saman Olfati ,Economics department,5.0,3.0,practical_sessions,positive
Saman Olfati ,Economics department,5.0,2.0,explanation_clarity,positive
Saman Olfati ,Economics department,5.0,2.0,doubt_solving,positive
Saman Olfati ,Economics department,5.0,2.0,practical_sessions,positive
Saman Olfati ,Economics department,5.0,2.0,subject_difficulty,positive
Saman Olfati ,Economics department,5.0,4.0,explanation_clarity,positive
Saman Olfati ,Economics department,5.0,4.0,doubt_solving,positive
Saman Olfati ,Economics department,5.0,4.0,practical_sessions,positive
Saman Olfati ,Economics department,5.0,4.0,subject_difficulty,positive
Saman Olfati ,Economics department,4.0,1.0,explanation_clarity,positive
Saman Olfati ,Economics department,4.0,1.0,practical_sessions,positive
Saman Olfati ,Economics department,4.0,1.0,subject_difficulty,positive
Saman Olfati ,Economics department,4.0,3.0,explanation_clarity,positive
Saman Olfati ,Economics department,4.0,3.0,practical_sessions,positive
Saman Olfati ,Economics department,4.0,3.0,subject_difficulty,positive
Saman Olfati ,Economics department,4.0,4.0,doubt_solving,positive
Saman Olfati ,Economics department,4.0,4.0,study_material,positive
Saman Olfati ,Economics department,4.0,4.0,practical_sessions,positive
Saman Olfati ,Economics department,4.0,4.0,faculty_availability,positive
Saman Olfati ,Economics department,4.0,4.0,subject_difficulty,positive
Saman Olfati ,Economics department,4.0,2.0,explanation_clarity,positive
Saman Olfati ,Economics department,4.0,2.0,doubt_solving,positive
Saman Olfati ,Economics department,4.0,2.0,practical_sessions,positive
Saman Olfati ,Economics department,4.0,2.0,faculty_availability,positive
Saman Olfati ,Economics department,4.0,2.0,doubt_solving,positive
Saman Olfati ,Economics department,4.0,2.0,practical_sessions,positive
Saman Olfati ,Economics department,4.0,2.0,subject_difficulty,positive
Saman Olfati ,Economics department,5.0,2.0,explanation_clarity,positive
Saman Olfati ,Economics department,5.0,2.0,doubt_solving,positive
Saman Olfati ,Economics department,5.0,2.0,practical_sessions,positive
Saman Olfati ,Economics department,5.0,3.0,explanation_clarity,positive
Saman Olfati ,Economics department,5.0,3.0,study_material,positive
Saman Olfati ,Economics department,5.0,3.0,practical_sessions,positive
Saman Olfati ,Economics department,5.0,3.0,subject_difficulty,positive
Saman Olfati ,Economics department,4.5,3.0,doubt_solving,positive
Saman Olfati ,Economics department,4.5,3.0,study_material,positive
Saman Olfati ,Economics department,4.5,3.0,practical_sessions,positive
Saman Olfati ,Economics department,4.5,3.0,faculty_availability,positive
Saman Olfati ,Economics department,3.5,2.0,explanation_clarity,positive
Saman Olfati ,Economics department,3.5,2.0,practical_sessions,positive
Saman Olfati ,Economics department,3.5,2.0,subject_difficulty,positive
Saman Olfati ,Economics department,2.5,3.0,study_material,positive
James Wells ,Physics department,5.0,5.0,doubt_solving,positive
James Wells ,Physics department,5.0,5.0,practical_sessions,positive
James Wells ,Physics department,5.0,5.0,faculty_availability,positive
James Wells ,Physics department,5.0,5.0,subject_difficulty,positive
James Wells ,Physics department,5.0,3.0,practical_sessions,negative
James Wells ,Physics department,2.0,5.0,explanation_clarity,positive
James Wells ,Physics department,2.0,5.0,doubt_solving,positive
James Wells ,Physics department,2.0,5.0,faculty_availability,positive
James Wells ,Physics department,2.0,5.0,subject_difficulty,positive
James Wells ,Physics department,4.0,4.0,explanation_clarity,negative
James Wells ,Physics department,4.0,4.0,subject_difficulty,negative
James Wells ,Physics department,1.0,4.0,explanation_clarity,negative
James Wells ,Physics department,1.0,4.0,doubt_solving,negative
James Wells ,Physics department,1.0,4.0,faculty_availability,negative
James Wells ,Physics department,3.0,5.0,doubt_solving,positive
James Wells ,Physics department,3.0,5.0,practical_sessions,positive
James Wells ,Physics department,3.0,5.0,faculty_availability,positive
James Wells ,Physics department,1.0,5.0,explanation_clarity,negative
James Wells ,Physics department,1.0,5.0,study_material,negative
James Wells ,Physics department,1.0,5.0,practical_sessions,negative
James Wells ,Physics department,1.0,4.0,explanation_clarity,negative
James Wells ,Physics department,1.0,5.0,doubt_solving,negative
James Wells ,Physics department,1.0,5.0,study_material,negative
James Wells ,Physics department,3.0,4.0,practical_sessions,positive
James Wells ,Physics department,3.0,4.0,subject_difficulty,positive
James Wells ,Physics department,1.0,4.0,explanation_clarity,negative
James Wells ,Physics department,1.0,4.0,doubt_solving,negative
James Wells ,Physics department,1.0,4.0,study_material,negative
James Wells ,Physics department,1.0,4.0,faculty_availability,negative
James Wells ,Physics department,1.0,5.0,doubt_solving,negative
James Wells ,Physics department,1.0,5.0,study_material,negative
James Wells ,Physics department,1.0,5.0,faculty_availability,negative
James Wells ,Physics department,1.0,4.0,doubt_solving,negative
James Wells ,Physics department,1.0,4.0,practical_sessions,negative
James Wells ,Physics department,1.0,4.0,faculty_availability,negative
James Wells ,Physics department,1.0,4.0,subject_difficulty,negative
James Wells ,Physics department,3.0,3.0,doubt_solving,negative
James Wells ,Physics department,3.0,3.0,study_material,negative
James Wells ,Physics department,3.0,3.0,faculty_availability,negative
James Wells ,Physics department,3.0,3.0,subject_difficulty,negative
James Wells ,Physics department,2.0,3.0,doubt_solving,negative
James Wells ,Physics department,2.0,3.0,study_material,negative
James Wells ,Physics department,2.0,3.0,practical_sessions,negative
James Wells ,Physics department,2.0,3.0,subject_difficulty,negative
Kevin Setter ,Physics department,5.0,4.0,explanation_clarity,positive
Kevin Setter ,Physics department,5.0,4.0,teaching_pace,positive
Kevin Setter ,Physics department,5.0,4.0,study_material,positive
Kevin Setter ,Physics department,5.0,4.0,subject_difficulty,positive
Kevin Setter ,Physics department,5.0,3.0,doubt_solving,positive
Kevin Setter ,Physics department,5.0,4.0,explanation_clarity,positive
Kevin Setter ,Physics department,5.0,4.0,doubt_solving,positive
Kevin Setter ,Physics department,5.0,4.0,study_material,positive
Kevin Setter ,Physics department,5.0,4.0,practical_sessions,positive
Kevin Setter ,Physics department,5.0,4.0,faculty_availability,positive
Kevin Setter ,Physics department,5.0,3.0,explanation_clarity,positive
Kevin Setter ,Physics department,5.0,3.0,doubt_solving,positive
Kevin Setter ,Physics department,5.0,3.0,practical_sessions,positive
Kevin Setter ,Physics department,5.0,3.0,faculty_availability,positive
Kevin Setter ,Physics department,5.0,3.0,subject_difficulty,positive
Kevin Setter ,Physics department,5.0,4.0,explanation_clarity,positive
Kevin Setter ,Physics department,5.0,4.0,study_material,positive
Kevin Setter ,Physics department,5.0,4.0,practical_sessions,positive
Kevin Setter ,Physics department,4.0,3.0,explanation_clarity,positive
Kevin Setter ,Physics department,4.0,3.0,doubt_solving,positive
Kevin Setter ,Physics department,4.0,3.0,practical_sessions,positive
Aaron Leconte ,Chemistry department,1.0,4.0,subject_difficulty,negative
Aaron Leconte ,Chemistry department,1.0,4.0,doubt_solving,negative
Aaron Leconte ,Chemistry department,1.0,4.0,faculty_availability,negative
Aaron Leconte ,Chemistry department,4.0,4.0,doubt_solving,positive
Aaron Leconte ,Chemistry department,4.0,4.0,subject_difficulty,positive
Aaron Leconte ,Chemistry department,2.0,5.0,explanation_clarity,negative
Aaron Leconte ,Chemistry department,2.0,5.0,doubt_solving,negative
Aaron Leconte ,Chemistry department,2.0,5.0,faculty_availability,negative
Aaron Leconte ,Chemistry department,2.0,5.0,subject_difficulty,negative
Aaron Leconte ,Chemistry department,4.0,3.0,study_material,positive
Aaron Leconte ,Chemistry department,4.0,4.0,explanation_clarity,positive
Aaron Leconte ,Chemistry department,4.0,4.0,teaching_pace,positive
Aaron Leconte ,Chemistry department,4.0,4.0,doubt_solving,positive
Aaron Leconte ,Chemistry department,4.0,4.0,practical_sessions,positive
Aaron Leconte ,Chemistry department,4.0,4.0,faculty_availability,positive
Aaron Leconte ,Chemistry department,5.0,4.0,explanation_clarity,positive
Aaron Leconte ,Chemistry department,5.0,4.0,teaching_pace,positive
Aaron Leconte ,Chemistry department,5.0,4.0,doubt_solving,positive
Aaron Leconte ,Chemistry department,5.0,4.0,practical_sessions,positive
Aaron Leconte ,Chemistry department,5.0,4.0,faculty_availability,positive
Aaron Leconte ,Chemistry department,5.0,3.0,explanation_clarity,positive
Aaron Leconte ,Chemistry department,5.0,3.0,doubt_solving,positive
Aaron Leconte ,Chemistry department,5.0,3.0,practical_sessions,positive
Aaron Leconte ,Chemistry department,5.0,3.0,faculty_availability,positive
Aaron Leconte ,Chemistry department,5.0,3.0,subject_difficulty,positive
Aaron Leconte ,Chemistry department,4.0,4.0,explanation_clarity,positive
Aaron Leconte ,Chemistry department,4.0,4.0,doubt_solving,positive
Aaron Leconte ,Chemistry department,4.5,4.0,explanation_clarity,neutral
Aaron Leconte ,Chemistry department,4.5,4.0,teaching_pace,neutral
Aaron Leconte ,Chemistry department,4.5,4.0,doubt_solving,neutral
Aaron Leconte ,Chemistry department,4.5,4.0,faculty_availability,neutral
Aaron Leconte ,Chemistry department,5.0,3.0,explanation_clarity,positive
Aaron Leconte ,Chemistry department,5.0,3.0,teaching_pace,positive
Aaron Leconte ,Chemistry department,5.0,3.0,doubt_solving,positive
Aaron Leconte ,Chemistry department,5.0,3.0,study_material,positive
Aaron Leconte ,Chemistry department,5.0,3.0,practical_sessions,positive
Aaron Leconte ,Chemistry department,5.0,3.0,faculty_availability,positive
Aaron Leconte ,Chemistry department,5.0,3.0,subject_difficulty,positive
Aaron Leconte ,Chemistry department,5.0,4.0,explanation_clarity,positive
Aaron Leconte ,Chemistry department,5.0,4.0,study_material,positive
Aaron Leconte ,Chemistry department,3.0,5.0,explanation_clarity,neutral
Aaron Leconte ,Chemistry department,3.0,5.0,teaching_pace,neutral
Aaron Leconte ,Chemistry department,3.0,5.0,doubt_solving,neutral
Aaron Leconte ,Chemistry department,3.0,5.0,practical_sessions,neutral
Aaron Leconte ,Chemistry department,3.0,5.0,faculty_availability,neutral
Aaron Leconte ,Chemistry department,3.0,5.0,subject_difficulty,neutral
Aaron Leconte ,Chemistry department,4.0,5.0,doubt_solving,neutral
Aaron Leconte ,Chemistry department,4.0,5.0,subject_difficulty,neutral
Diana Selig ,History department,5.0,4.0,doubt_solving,positive
Diana Selig ,History department,5.0,4.0,study_material,positive
Diana Selig ,History department,5.0,4.0,practical_sessions,positive
Diana Selig ,History department,5.0,4.0,faculty_availability,positive
Diana Selig ,History department,5.0,4.0,subject_difficulty,positive
Diana Selig ,History department,5.0,2.0,study_material,positive
Diana Selig ,History department,5.0,2.0,doubt_solving,positive
Diana Selig ,History department,5.0,2.0,study_material,positive
Diana Selig ,History department,5.0,2.0,subject_difficulty,positive
Diana Selig ,History department,5.0,3.0,study_material,positive
Diana Selig ,History department,5.0,3.0,practical_sessions,positive
Diana Selig ,History department,5.0,3.0,subject_difficulty,positive
Diana Selig ,History department,5.0,3.0,study_material,positive
Diana Selig ,History department,5.0,4.0,explanation_clarity,positive
Diana Selig ,History department,5.0,4.0,study_material,positive
Diana Selig ,History department,5.0,4.0,subject_difficulty,positive
Diana Selig ,History department,5.0,3.0,doubt_solving,positive
Diana Selig ,History department,5.0,3.0,faculty_availability,positive
Diana Selig ,History department,5.0,3.0,doubt_solving,positive
Diana Selig ,History department,5.0,3.0,study_material,positive
Diana Selig ,History department,5.0,3.0,practical_sessions,positive
Diana Selig ,History department,5.0,1.0,study_material,positive
Diana Selig ,History department,5.0,3.0,doubt_solving,positive
Diana Selig ,History department,5.0,3.0,subject_difficulty,positive
Diana Selig ,History department,5.0,3.0,doubt_solving,positive
Diana Selig ,History department,5.0,3.0,faculty_availability,positive
Diana Selig ,History department,5.0,4.0,doubt_solving,positive
Diana Selig ,History department,5.0,4.0,doubt_solving,positive
Diana Selig ,History department,5.0,3.0,study_material,positive
Diana Selig ,History department,5.0,3.0,practical_sessions,positive
Diana Selig ,History department,5.0,2.0,doubt_solving,positive
Diana Selig ,History department,5.0,2.0,study_material,positive
Diana Selig ,History department,3.0,3.0,teaching_pace,negative
Diana Selig ,History department,3.0,3.0,practical_sessions,negative
Diana Selig ,History department,3.0,3.0,subject_difficulty,negative
Diana Selig ,History department,5.0,3.0,doubt_solving,positive
Diana Selig ,History department,5.0,3.0,study_material,positive
Diana Selig ,History department,5.0,2.0,doubt_solving,positive
Diana Selig ,History department,5.0,2.0,faculty_availability,positive
Diana Selig ,History department,5.0,3.0,doubt_solving,positive
Diana Selig ,History department,5.0,3.0,study_material,positive
Diana Selig ,History department,4.0,2.0,teaching_pace,positive
Robert Von Hallberg ,Literature department,5.0,3.0,study_material,positive
Robert Von Hallberg ,Literature department,5.0,3.0,doubt_solving,positive
Robert Von Hallberg ,Literature department,5.0,3.0,faculty_availability,positive
Robert Von Hallberg ,Literature department,5.0,3.0,subject_difficulty,positive
Robert Von Hallberg ,Literature department,3.0,3.0,study_material,positive
Robert Von Hallberg ,Literature department,3.0,3.0,practical_sessions,positive
Robert Von Hallberg ,Literature department,3.0,3.0,faculty_availability,positive
Robert Von Hallberg ,Literature department,5.0,2.0,subject_difficulty,positive
Robert Von Hallberg ,Literature department,5.0,3.0,explanation_clarity,positive
Robert Von Hallberg ,Literature department,5.0,3.0,doubt_solving,positive
Robert Von Hallberg ,Literature department,5.0,3.0,faculty_availability,positive
Adam Landsberg ,Physics department,5.0,4.0,explanation_clarity,positive
Adam Landsberg ,Physics department,5.0,4.0,study_material,positive
Adam Landsberg ,Physics department,5.0,4.0,practical_sessions,positive
Adam Landsberg ,Physics department,5.0,4.0,faculty_availability,positive
Adam Landsberg ,Physics department,5.0,4.0,subject_difficulty,positive
Adam Landsberg ,Physics department,5.0,4.0,explanation_clarity,positive
Adam Landsberg ,Physics department,5.0,4.0,doubt_solving,positive
Adam Landsberg ,Physics department,5.0,4.0,faculty_availability,positive
Adam Landsberg ,Physics department,5.0,4.0,teaching_pace,positive
Adam Landsberg ,Physics department,3.5,4.0,explanation_clarity,negative
Adam Landsberg ,Physics department,3.5,4.0,practical_sessions,neutral
Adam Landsberg ,Physics department,4.5,4.0,doubt_solving,positive
Adam Landsberg ,Physics department,4.5,4.0,practical_sessions,positive
Adam Landsberg ,Physics department,4.5,4.0,faculty_availability,positive
Adam Landsberg ,Physics department,5.0,5.0,explanation_clarity,positive
Adam Landsberg ,Physics department,5.0,5.0,doubt_solving,positive
Adam Landsberg ,Physics department,5.0,5.0,study_material,positive
Adam Landsberg ,Physics department,5.0,5.0,subject_difficulty,positive
Adam Landsberg ,Physics department,5.0,2.0,explanation_clarity,positive
Adam Landsberg ,Physics department,5.0,2.0,doubt_solving,positive
Adam Landsberg ,Physics department,5.0,2.0,study_material,positive
Adam Landsberg ,Physics department,5.0,4.0,explanation_clarity,positive
Adam Landsberg ,Physics department,5.0,4.0,doubt_solving,positive
Adam Landsberg ,Physics department,5.0,4.0,practical_sessions,positive
Adam Landsberg ,Physics department,5.0,4.0,subject_difficulty,positive
Adam Landsberg ,Physics department,5.0,4.0,doubt_solving,positive
Adam Landsberg ,Physics department,5.0,4.0,study_material,positive
Adam Landsberg ,Physics department,5.0,4.0,subject_difficulty,positive
Adam Landsberg ,Physics department,4.0,3.0,explanation_clarity,neutral
Adam Landsberg ,Physics department,4.0,3.0,study_material,neutral
Laura Grant ,Economics department,4.0,4.0,explanation_clarity,positive
Laura Grant ,Economics department,4.0,4.0,practical_sessions,positive
Laura Grant ,Economics department,5.0,3.0,faculty_availability,positive
Laura Grant ,Economics department,5.0,3.0,subject_difficulty,positive
Laura Grant ,Economics department,1.0,5.0,explanation_clarity,negative
Laura Grant ,Economics department,1.0,5.0,doubt_solving,negative
Laura Grant ,Economics department,1.0,5.0,doubt_solving,negative
Laura Grant ,Economics department,1.0,5.0,study_material,negative
Laura Grant ,Economics department,1.0,5.0,practical_sessions,negative
Laura Grant ,Economics department,5.0,3.0,explanation_clarity,positive
Laura Grant ,Economics department,5.0,3.0,teaching_pace,positive
Laura Grant ,Economics department,5.0,3.0,doubt_solving,positive
Laura Grant ,Economics department,5.0,3.0,faculty_availability,positive
Laura Grant ,Economics department,5.0,4.0,explanation_clarity,positive
Laura Grant ,Economics department,5.0,4.0,teaching_pace,positive
Laura Grant ,Economics department,5.0,4.0,doubt_solving,positive
Laura Grant ,Economics department,5.0,4.0,study_material,positive
Laura Grant ,Economics department,5.0,4.0,practical_sessions,positive
Laura Grant ,Economics department,5.0,4.0,subject_difficulty,positive
Laura Grant ,Economics department,5.0,3.0,explanation_clarity,positive
Laura Grant ,Economics department,5.0,3.0,doubt_solving,positive
Laura Grant ,Economics department,5.0,3.0,study_material,positive
Laura Grant ,Economics department,5.0,3.0,practical_sessions,positive
Laura Grant ,Economics department,5.0,3.0,subject_difficulty,positive
Laura Grant ,Economics department,2.0,3.0,doubt_solving,negative
Laura Grant ,Economics department,2.0,3.0,study_material,negative
Laura Grant ,Economics department,2.0,3.0,practical_sessions,negative
Laura Grant ,Economics department,5.0,4.0,doubt_solving,positive
Laura Grant ,Economics department,5.0,4.0,practical_sessions,positive
Laura Grant ,Economics department,5.0,4.0,faculty_availability,positive
Laura Grant ,Economics department,5.0,4.0,subject_difficulty,positive
Laura Grant ,Economics department,5.0,2.0,explanation_clarity,positive
Laura Grant ,Economics department,5.0,2.0,practical_sessions,positive
Laura Grant ,Economics department,5.0,2.0,subject_difficulty,positive
Laura Grant ,Economics department,5.0,2.0,doubt_solving,positive
Laura Grant ,Economics department,5.0,2.0,study_material,positive
Laura Grant ,Economics department,5.0,2.0,practical_sessions,positive
Richard Burdekin ,Economics department,5.0,3.0,explanation_clarity,positive
Richard Burdekin ,Economics department,5.0,3.0,doubt_solving,positive
Richard Burdekin ,Economics department,5.0,3.0,study_material,positive
Richard Burdekin ,Economics department,5.0,3.0,practical_sessions,positive
Richard Burdekin ,Economics department,5.0,3.0,faculty_availability,positive
Richard Burdekin ,Economics department,5.0,3.0,explanation_clarity,positive
Richard Burdekin ,Economics department,5.0,3.0,study_material,positive
Richard Burdekin ,Economics department,5.0,3.0,practical_sessions,positive
Richard Burdekin ,Economics department,5.0,3.0,doubt_solving,positive
Richard Burdekin ,Economics department,5.0,3.0,study_material,positive
Richard Burdekin ,Economics department,5.0,3.0,practical_sessions,positive
Richard Burdekin ,Economics department,5.0,3.0,doubt_solving,positive
Richard Burdekin ,Economics department,5.0,3.0,study_material,positive
Richard Burdekin ,Economics department,5.0,3.0,practical_sessions,positive
Richard Burdekin ,Economics department,5.0,3.0,faculty_availability,positive
Richard Burdekin ,Economics department,5.0,3.0,explanation_clarity,positive
Richard Burdekin ,Economics department,5.0,3.0,doubt_solving,positive
Richard Burdekin ,Economics department,5.0,3.0,practical_sessions,positive
Richard Burdekin ,Economics department,5.0,3.0,faculty_availability,positive
Richard Burdekin ,Economics department,5.0,3.0,subject_difficulty,positive
Richard Burdekin ,Economics department,5.0,3.0,doubt_solving,positive
Richard Burdekin ,Economics department,5.0,3.0,study_material,positive
Richard Burdekin ,Economics department,5.0,3.0,practical_sessions,positive
Richard Burdekin ,Economics department,5.0,3.0,faculty_availability,positive
Richard Burdekin ,Economics department,5.0,4.0,explanation_clarity,positive
Richard Burdekin ,Economics department,5.0,4.0,practical_sessions,positive
Richard Burdekin ,Economics department,5.0,4.0,subject_difficulty,positive
Richard Burdekin ,Economics department,5.0,3.0,doubt_solving,positive
Richard Burdekin ,Economics department,5.0,3.0,study_material,positive
Richard Burdekin ,Economics department,5.0,3.0,faculty_availability,positive
Richard Burdekin ,Economics department,5.0,3.0,subject_difficulty,positive
Richard Burdekin ,Economics department,4.0,2.0,explanation_clarity,neutral
Richard Burdekin ,Economics department,4.0,2.0,teaching_pace,neutral
Richard Burdekin ,Economics department,4.0,2.0,doubt_solving,neutral
Richard Burdekin ,Economics department,4.0,2.0,study_material,negative
Richard Burdekin ,Economics department,4.0,2.0,faculty_availability,neutral
Richard Burdekin ,Economics department,4.5,3.0,explanation_clarity,positive
Richard Burdekin ,Economics department,4.5,3.0,doubt_solving,positive
Richard Burdekin ,Economics department,4.5,3.0,doubt_solving,positive
Richard Burdekin ,Economics department,4.5,3.0,study_material,positive
Richard Burdekin ,Economics department,4.5,3.0,faculty_availability,positive
Richard Burdekin ,Economics department,4.5,2.0,doubt_solving,positive
Richard Burdekin ,Economics department,4.0,3.0,practical_sessions,negative
Richard Burdekin ,Economics department,4.0,3.0,subject_difficulty,negative
Richard Burdekin ,Economics department,4.5,3.0,explanation_clarity,negative
Richard Burdekin ,Economics department,4.5,3.0,study_material,negative
Richard Burdekin ,Economics department,4.5,3.0,practical_sessions,negative
Richard Burdekin ,Economics department,1.0,5.0,study_material,positive
Richard Burdekin ,Economics department,1.0,5.0,subject_difficulty,positive
Richard Burdekin ,Economics department,4.5,2.0,study_material,positive
Richard Burdekin ,Economics department,4.5,2.0,practical_sessions,positive
Michael Gelman ,Economics department,4.0,3.0,explanation_clarity,positive
Michael Gelman ,Economics department,4.0,3.0,practical_sessions,positive
Michael Gelman ,Economics department,4.0,3.0,subject_difficulty,positive
Michael Gelman ,Economics department,5.0,3.0,explanation_clarity,positive
Paul Hurley ,Philosophy department,5.0,3.0,subject_difficulty,positive
Paul Hurley ,Philosophy department,5.0,4.0,doubt_solving,positive
Paul Hurley ,Philosophy department,5.0,4.0,study_material,positive
Paul Hurley ,Philosophy department,5.0,4.0,doubt_solving,positive
Paul Hurley ,Philosophy department,5.0,4.0,faculty_availability,positive
Paul Hurley ,Philosophy department,5.0,4.0,study_material,positive
Paul Hurley ,Philosophy department,5.0,4.0,practical_sessions,positive
Paul Hurley ,Philosophy department,5.0,4.0,explanation_clarity,positive
Paul Hurley ,Philosophy department,5.0,4.0,explanation_clarity,positive
Paul Hurley ,Philosophy department,5.0,4.0,doubt_solving,positive
Paul Hurley ,Philosophy department,5.0,4.0,subject_difficulty,positive
Paul Hurley ,Philosophy department,4.5,3.0,explanation_clarity,positive
Ahona Panda ,History department,2.0,5.0,explanation_clarity,negative
Ahona Panda ,History department,2.0,5.0,doubt_solving,negative
Ahona Panda ,History department,2.0,5.0,study_material,negative
Ahona Panda ,History department,2.0,5.0,faculty_availability,negative
Peter McAniff ,Economics department,5.0,4.0,doubt_solving,positive
Peter McAniff ,Economics department,5.0,4.0,study_material,positive
Peter McAniff ,Economics department,5.0,4.0,subject_difficulty,positive
Peter McAniff ,Economics department,5.0,4.0,doubt_solving,positive
Peter McAniff ,Economics department,5.0,4.0,subject_difficulty,positive
Peter McAniff ,Economics department,5.0,4.0,doubt_solving,positive
Peter McAniff ,Economics department,5.0,4.0,study_material,positive
Peter McAniff ,Economics department,5.0,4.0,practical_sessions,positive
Peter McAniff ,Economics department,5.0,4.0,faculty_availability,positive
Peter McAniff ,Economics department,4.0,4.0,study_material,positive
Tomoe Kanaya ,Psychology department,4.0,3.0,practical_sessions,positive
Tomoe Kanaya ,Psychology department,4.0,4.0,practical_sessions,positive
Tomoe Kanaya ,Psychology department,5.0,4.0,explanation_clarity,positive
Tomoe Kanaya ,Psychology department,5.0,4.0,doubt_solving,positive
Tomoe Kanaya ,Psychology department,5.0,4.0,faculty_availability,positive
Tomoe Kanaya ,Psychology department,2.0,4.0,doubt_solving,negative
Tomoe Kanaya ,Psychology department,2.0,4.0,faculty_availability,negative
Tomoe Kanaya ,Psychology department,5.0,3.0,doubt_solving,positive
Tomoe Kanaya ,Psychology department,5.0,3.0,practical_sessions,positive
Tomoe Kanaya ,Psychology department,5.0,3.0,subject_difficulty,positive
Tomoe Kanaya ,Psychology department,5.0,4.0,subject_difficulty,neutral
Tomoe Kanaya ,Psychology department,3.0,4.0,explanation_clarity,negative
Tomoe Kanaya ,Psychology department,3.0,4.0,subject_difficulty,negative
Tomoe Kanaya ,Psychology department,4.0,4.0,explanation_clarity,positive
Tomoe Kanaya ,Psychology department,4.0,4.0,study_material,positive
Tomoe Kanaya ,Psychology department,4.0,4.0,practical_sessions,positive
Tomoe Kanaya ,Psychology department,3.5,4.0,explanation_clarity,neutral
Tomoe Kanaya ,Psychology department,3.5,4.0,doubt_solving,neutral
Tomoe Kanaya ,Psychology department,3.5,4.0,study_material,neutral
Tomoe Kanaya ,Psychology department,5.0,3.0,doubt_solving,positive
Tomoe Kanaya ,Psychology department,5.0,3.0,practical_sessions,positive
Tomoe Kanaya ,Psychology department,5.0,3.0,subject_difficulty,positive
Tomoe Kanaya ,Psychology department,4.5,3.0,explanation_clarity,positive
Tomoe Kanaya ,Psychology department,4.5,3.0,study_material,positive
Tomoe Kanaya ,Psychology department,4.5,3.0,practical_sessions,positive
Tomoe Kanaya ,Psychology department,2.5,5.0,study_material,negative
Tomoe Kanaya ,Psychology department,2.5,5.0,practical_sessions,negative
Lily Geismer ,History department,3.0,2.0,doubt_solving,positive
Lily Geismer ,History department,3.0,2.0,study_material,positive
Lily Geismer ,History department,3.0,2.0,practical_sessions,positive
Lily Geismer ,History department,3.0,2.0,subject_difficulty,positive
Lily Geismer ,History department,3.0,3.0,doubt_solving,negative
Lily Geismer ,History department,3.0,3.0,faculty_availability,negative
Lily Geismer ,History department,4.0,4.0,subject_difficulty,negative
Lily Geismer ,History department,5.0,3.0,doubt_solving,positive
Lily Geismer ,History department,5.0,3.0,study_material,positive
Lily Geismer ,History department,2.5,4.0,doubt_solving,neutral
Lily Geismer ,History department,2.5,4.0,study_material,negative
Lily Geismer ,History department,5.0,4.0,study_material,positive
Lily Geismer ,History department,5.0,4.0,subject_difficulty,positive
Lily Geismer ,History department,4.5,4.0,explanation_clarity,positive
Lily Geismer ,History department,4.5,4.0,doubt_solving,positive
Lily Geismer ,History department,4.5,4.0,study_material,positive
Lily Geismer ,History department,4.5,4.0,practical_sessions,positive
Lily Geismer ,History department,4.5,4.0,faculty_availability,positive
Lily Geismer ,History department,5.0,4.0,study_material,positive
Lily Geismer ,History department,5.0,4.0,subject_difficulty,positive
Lily Geismer ,History department,4.5,4.0,doubt_solving,positive
Lily Geismer ,History department,4.5,4.0,subject_difficulty,positive
Yaron Raviv ,Economics department,2.0,4.0,study_material,negative
Yaron Raviv ,Economics department,2.0,4.0,subject_difficulty,negative
Yaron Raviv ,Economics department,4.0,3.0,teaching_pace,positive
Yaron Raviv ,Economics department,4.0,3.0,doubt_solving,positive
Yaron Raviv ,Economics department,4.0,3.0,study_material,positive
Yaron Raviv ,Economics department,4.0,3.0,practical_sessions,positive
Yaron Raviv ,Economics department,4.0,3.0,subject_difficulty,positive
Yaron Raviv ,Economics department,5.0,4.0,doubt_solving,positive
Yaron Raviv ,Economics department,5.0,4.0,practical_sessions,positive
Yaron Raviv ,Economics department,5.0,4.0,faculty_availability,positive
Yaron Raviv ,Economics department,2.0,4.0,explanation_clarity,negative
Yaron Raviv ,Economics department,2.0,4.0,study_material,negative
Yaron Raviv ,Economics department,2.0,4.0,practical_sessions,negative
Yaron Raviv ,Economics department,5.0,3.0,explanation_clarity,positive
Yaron Raviv ,Economics department,5.0,3.0,teaching_pace,positive
Yaron Raviv ,Economics department,5.0,3.0,doubt_solving,positive
Yaron Raviv ,Economics department,5.0,3.0,practical_sessions,positive
Yaron Raviv ,Economics department,5.0,3.0,faculty_availability,positive
Yaron Raviv ,Economics department,5.0,3.0,subject_difficulty,positive
Yaron Raviv ,Economics department,4.0,3.0,explanation_clarity,positive
Yaron Raviv ,Economics department,4.0,3.0,practical_sessions,positive
Yaron Raviv ,Economics department,4.0,3.0,subject_difficulty,positive
Yaron Raviv ,Economics department,4.5,3.0,doubt_solving,positive
Yaron Raviv ,Economics department,4.5,3.0,faculty_availability,positive
Yaron Raviv ,Economics department,4.5,3.0,subject_difficulty,positive
Yaron Raviv ,Economics department,1.0,5.0,explanation_clarity,negative
Yaron Raviv ,Economics department,1.0,5.0,teaching_pace,negative
Yaron Raviv ,Economics department,1.0,5.0,subject_difficulty,negative
Yaron Raviv ,Economics department,3.0,4.0,explanation_clarity,negative
Yaron Raviv ,Economics department,3.0,4.0,doubt_solving,negative
Yaron Raviv ,Economics department,3.0,4.0,practical_sessions,negative
Yaron Raviv ,Economics department,3.0,4.0,subject_difficulty,negative
Yaron Raviv ,Economics department,1.5,5.0,explanation_clarity,negative
Yaron Raviv ,Economics department,1.5,5.0,subject_difficulty,negative
Yaron Raviv ,Economics department,4.0,2.0,explanation_clarity,positive
Yaron Raviv ,Economics department,4.0,2.0,doubt_solving,positive
Yaron Raviv ,Economics department,4.0,2.0,study_material,positive
Yaron Raviv ,Economics department,4.0,2.0,practical_sessions,positive
Yaron Raviv ,Economics department,4.0,2.0,subject_difficulty,positive
Yaron Raviv ,Economics department,2.5,3.0,subject_difficulty,negative
Yaron Raviv ,Economics department,1.5,4.0,subject_difficulty,positive
Yaron Raviv ,Economics department,4.0,3.0,doubt_solving,positive
Yaron Raviv ,Economics department,4.0,3.0,practical_sessions,positive
Yaron Raviv ,Economics department,4.0,3.0,subject_difficulty,positive
Yaron Raviv ,Economics department,3.5,5.0,study_material,neutral
Yaron Raviv ,Economics department,3.5,5.0,subject_difficulty,neutral
Yaron Raviv ,Economics department,4.5,4.0,doubt_solving,positive
Yaron Raviv ,Economics department,4.5,4.0,subject_difficulty,positive
Yaron Raviv ,Economics department,4.5,1.0,doubt_solving,positive
Yaron Raviv ,Economics department,4.5,1.0,practical_sessions,positive
Yaron Raviv ,Economics department,4.5,1.0,subject_difficulty,positive
Yaron Raviv ,Economics department,2.5,5.0,doubt_solving,negative
Yaron Raviv ,Economics department,2.5,5.0,study_material,negative
Yaron Raviv ,Economics department,2.5,5.0,practical_sessions,negative
Yaron Raviv ,Economics department,2.5,5.0,subject_difficulty,negative
Yaron Raviv ,Economics department,2.0,5.0,practical_sessions,positive
Yaron Raviv ,Economics department,2.0,5.0,subject_difficulty,positive
Yaron Raviv ,Economics department,4.0,3.0,explanation_clarity,neutral
Yaron Raviv ,Economics department,4.0,3.0,doubt_solving,neutral
Yaron Raviv ,Economics department,4.0,3.0,study_material,neutral
Yaron Raviv ,Economics department,4.0,3.0,subject_difficulty,neutral
Yaron Raviv ,Economics department,3.5,4.0,doubt_solving,positive
Yaron Raviv ,Economics department,5.0,4.0,teaching_pace,neutral
Yaron Raviv ,Economics department,5.0,4.0,doubt_solving,neutral
Yaron Raviv ,Economics department,5.0,4.0,study_material,neutral
Yaron Raviv ,Economics department,5.0,4.0,practical_sessions,neutral
Yaron Raviv ,Economics department,5.0,4.0,subject_difficulty,neutral
Yaron Raviv ,Economics department,3.0,2.0,study_material,negative
Yaron Raviv ,Economics department,3.5,5.0,explanation_clarity,negative
Yaron Raviv ,Economics department,3.5,5.0,doubt_solving,negative
Yaron Raviv ,Economics department,3.5,5.0,practical_sessions,negative
Yaron Raviv ,Economics department,3.5,5.0,subject_difficulty,negative
Yaron Raviv ,Economics department,4.0,3.0,explanation_clarity,positive
Yaron Raviv ,Economics department,4.0,3.0,doubt_solving,positive
Yaron Raviv ,Economics department,4.0,3.0,study_material,positive
Yaron Raviv ,Economics department,4.0,3.0,subject_difficulty,positive
Yaron Raviv ,Economics department,2.5,4.0,explanation_clarity,negative
Yaron Raviv ,Economics department,2.5,4.0,study_material,negative
Yaron Raviv ,Economics department,2.5,4.0,practical_sessions,negative
Yaron Raviv ,Economics department,2.5,4.0,subject_difficulty,negative
Yaron Raviv ,Economics department,2.5,3.0,explanation_clarity,neutral
Yaron Raviv ,Economics department,2.5,3.0,doubt_solving,neutral
Yaron Raviv ,Economics department,2.5,3.0,practical_sessions,neutral
Yaron Raviv ,Economics department,2.5,3.0,subject_difficulty,neutral
Aseema Sinha ,Government department,5.0,4.0,subject_difficulty,positive
Aseema Sinha ,Government department,5.0,4.0,doubt_solving,positive
Aseema Sinha ,Government department,5.0,4.0,faculty_availability,positive
Aseema Sinha ,Government department,2.5,3.0,explanation_clarity,negative
Aseema Sinha ,Government department,2.5,3.0,doubt_solving,negative
Aseema Sinha ,Government department,2.5,3.0,study_material,negative
Aseema Sinha ,Government department,2.5,3.0,practical_sessions,negative
Aseema Sinha ,Government department,4.0,4.0,study_material,positive
Aseema Sinha ,Government department,4.5,3.0,doubt_solving,positive
Aseema Sinha ,Government department,4.5,3.0,faculty_availability,positive
Aseema Sinha ,Government department,5.0,3.0,explanation_clarity,positive
Aseema Sinha ,Government department,5.0,3.0,doubt_solving,positive
Aseema Sinha ,Government department,5.0,3.0,faculty_availability,positive
Aseema Sinha ,Government department,5.0,3.0,doubt_solving,positive
Aseema Sinha ,Government department,5.0,3.0,doubt_solving,positive
Aseema Sinha ,Government department,2.5,3.0,explanation_clarity,negative
Aseema Sinha ,Government department,2.5,3.0,study_material,negative
Aseema Sinha ,Government department,2.0,4.0,explanation_clarity,negative
Aseema Sinha ,Government department,2.0,4.0,study_material,negative
Aseema Sinha ,Government department,2.5,2.0,doubt_solving,negative
Aseema Sinha ,Government department,2.5,2.0,study_material,negative
Aseema Sinha ,Government department,4.0,2.0,explanation_clarity,positive
Aseema Sinha ,Government department,4.0,2.0,doubt_solving,positive
Aseema Sinha ,Government department,4.0,2.0,practical_sessions,positive
Aseema Sinha ,Government department,4.0,2.0,subject_difficulty,positive
shane Bjornlie ,History department,4.0,3.0,study_material,positive
shane Bjornlie ,History department,4.0,3.0,practical_sessions,positive
shane Bjornlie ,History department,4.0,3.0,subject_difficulty,positive
shane Bjornlie ,History department,5.0,4.0,explanation_clarity,positive
shane Bjornlie ,History department,5.0,4.0,doubt_solving,positive
shane Bjornlie ,History department,5.0,4.0,study_material,positive
shane Bjornlie ,History department,5.0,4.0,faculty_availability,positive
shane Bjornlie ,History department,5.0,4.0,subject_difficulty,positive
shane Bjornlie ,History department,5.0,4.0,subject_difficulty,positive
shane Bjornlie ,History department,4.0,3.0,explanation_clarity,positive
shane Bjornlie ,History department,4.0,3.0,study_material,positive
shane Bjornlie ,History department,5.0,3.0,doubt_solving,positive
shane Bjornlie ,History department,5.0,3.0,faculty_availability,positive
shane Bjornlie ,History department,5.0,3.0,subject_difficulty,positive
shane Bjornlie ,History department,5.0,4.0,explanation_clarity,positive
shane Bjornlie ,History department,5.0,4.0,study_material,positive
shane Bjornlie ,History department,5.0,4.0,subject_difficulty,positive
shane Bjornlie ,History department,2.5,3.0,explanation_clarity,positive
shane Bjornlie ,History department,2.5,3.0,study_material,positive
shane Bjornlie ,History department,4.5,3.0,explanation_clarity,positive
shane Bjornlie ,History department,4.5,3.0,study_material,positive
shane Bjornlie ,History department,5.0,3.0,study_material,positive
shane Bjornlie ,History department,5.0,3.0,explanation_clarity,positive
shane Bjornlie ,History department,5.0,3.0,doubt_solving,positive
shane Bjornlie ,History department,5.0,3.0,study_material,positive
shane Bjornlie ,History department,5.0,3.0,practical_sessions,positive
shane Bjornlie ,History department,5.0,3.0,faculty_availability,positive
shane Bjornlie ,History department,5.0,3.0,doubt_solving,positive
shane Bjornlie ,History department,5.0,3.0,subject_difficulty,positive
shane Bjornlie ,History department,4.0,3.0,study_material,neutral
shane Bjornlie ,History department,3.5,4.0,explanation_clarity,positive
shane Bjornlie ,History department,3.5,4.0,study_material,positive
shane Bjornlie ,History department,3.5,4.0,subject_difficulty,positive
shane Bjornlie ,History department,4.5,5.0,doubt_solving,positive
shane Bjornlie ,History department,4.5,5.0,study_material,positive
shane Bjornlie ,History department,4.5,5.0,faculty_availability,positive
shane Bjornlie ,History department,4.0,4.0,explanation_clarity,positive
shane Bjornlie ,History department,4.0,4.0,doubt_solving,positive
shane Bjornlie ,History department,5.0,2.0,explanation_clarity,positive
shane Bjornlie ,History department,5.0,2.0,doubt_solving,positive
shane Bjornlie ,History department,5.0,2.0,study_material,positive
shane Bjornlie ,History department,5.0,2.0,subject_difficulty,positive
shane Bjornlie ,History department,5.0,5.0,doubt_solving,positive
shane Bjornlie ,History department,5.0,5.0,subject_difficulty,positive
shane Bjornlie ,History department,4.5,2.0,doubt_solving,positive
shane Bjornlie ,History department,4.5,2.0,study_material,positive
shane Bjornlie ,History department,4.5,2.0,practical_sessions,positive
shane Bjornlie ,History department,4.5,2.0,faculty_availability,positive
shane Bjornlie ,History department,3.0,4.0,explanation_clarity,positive
shane Bjornlie ,History department,3.0,4.0,practical_sessions,positive
Kevin Moffett ,Literature department,5.0,4.0,study_material,positive
Kevin Moffett ,Literature department,5.0,4.0,practical_sessions,positive
Kevin Moffett ,Literature department,5.0,3.0,doubt_solving,positive
Kevin Moffett ,Literature department,5.0,3.0,study_material,positive
Kevin Moffett ,Literature department,5.0,3.0,doubt_solving,positive
Kevin Moffett ,Literature department,5.0,3.0,practical_sessions,positive
Kevin Moffett ,Literature department,5.0,4.0,study_material,positive
Kevin Moffett ,Literature department,5.0,4.0,subject_difficulty,positive
Kevin Moffett ,Literature department,5.0,4.0,doubt_solving,positive
Kevin Moffett ,Literature department,5.0,4.0,subject_difficulty,positive
Kevin Moffett ,Literature department,4.0,4.0,doubt_solving,positive
Kevin Moffett ,Literature department,4.0,3.0,doubt_solving,positive
Kevin Moffett ,Literature department,4.0,3.0,faculty_availability,positive
Alex Rajczi ,Philosophy department,3.0,4.0,doubt_solving,negative
Alex Rajczi ,Philosophy department,3.0,4.0,study_material,negative
Alex Rajczi ,Philosophy department,3.0,4.0,faculty_availability,negative
Alex Rajczi ,Philosophy department,3.0,4.0,subject_difficulty,negative
Alex Rajczi ,Philosophy department,5.0,3.0,doubt_solving,positive
Alex Rajczi ,Philosophy department,5.0,5.0,explanation_clarity,positive
Alex Rajczi ,Philosophy department,5.0,5.0,doubt_solving,positive
Alex Rajczi ,Philosophy department,5.0,5.0,study_material,positive
Alex Rajczi ,Philosophy department,5.0,5.0,subject_difficulty,positive
Alex Rajczi ,Philosophy department,4.0,3.0,doubt_solving,positive
Alex Rajczi ,Philosophy department,4.0,3.0,practical_sessions,positive
Alex Rajczi ,Philosophy department,4.0,3.0,faculty_availability,positive
Alex Rajczi ,Philosophy department,4.0,4.0,doubt_solving,positive
Alex Rajczi ,Philosophy department,4.0,4.0,faculty_availability,positive
Alex Rajczi ,Philosophy department,4.0,4.0,subject_difficulty,positive
Alex Rajczi ,Philosophy department,5.0,3.0,explanation_clarity,positive
Alex Rajczi ,Philosophy department,5.0,3.0,doubt_solving,positive
Alex Rajczi ,Philosophy department,5.0,3.0,faculty_availability,positive
Alex Rajczi ,Philosophy department,5.0,4.0,study_material,positive
Alex Rajczi ,Philosophy department,5.0,3.0,doubt_solving,positive
Alex Rajczi ,Philosophy department,5.0,3.0,study_material,positive
Alex Rajczi ,Philosophy department,5.0,3.0,practical_sessions,positive
Alex Rajczi ,Philosophy department,5.0,3.0,faculty_availability,positive
Alex Rajczi ,Philosophy department,5.0,3.0,subject_difficulty,positive
Alex Rajczi ,Philosophy department,4.0,4.0,doubt_solving,positive
Alex Rajczi ,Philosophy department,4.0,4.0,faculty_availability,positive
Alex Rajczi ,Philosophy department,4.0,4.0,subject_difficulty,positive
Alex Rajczi ,Philosophy department,5.0,2.0,doubt_solving,positive
Alex Rajczi ,Philosophy department,3.5,4.0,subject_difficulty,positive
Alex Rajczi ,Philosophy department,4.5,4.0,doubt_solving,positive
Alex Rajczi ,Philosophy department,4.5,4.0,practical_sessions,positive
Alex Rajczi ,Philosophy department,4.5,4.0,subject_difficulty,positive
Alex Rajczi ,Philosophy department,5.0,4.0,subject_difficulty,positive
Alex Rajczi ,Philosophy department,5.0,4.0,doubt_solving,positive
Alex Rajczi ,Philosophy department,5.0,4.0,subject_difficulty,positive
Alex Rajczi ,Philosophy department,2.0,5.0,faculty_availability,negative
Alex Rajczi ,Philosophy department,2.0,5.0,teaching_pace,negative
Alex Rajczi ,Philosophy department,5.0,4.0,doubt_solving,positive
Alex Rajczi ,Philosophy department,4.5,4.0,faculty_availability,positive
Alex Rajczi ,Philosophy department,5.0,4.0,doubt_solving,positive
Alex Rajczi ,Philosophy department,3.5,4.0,explanation_clarity,neutral
Alex Rajczi ,Philosophy department,3.5,4.0,study_material,positive
Alex Rajczi ,Philosophy department,3.5,4.0,practical_sessions,positive
Alex Rajczi ,Philosophy department,5.0,3.0,doubt_solving,positive
Alex Rajczi ,Philosophy department,5.0,3.0,study_material,positive
Alex Rajczi ,Philosophy department,5.0,3.0,practical_sessions,positive
Alex Rajczi ,Philosophy department,5.0,3.0,faculty_availability,positive
Alex Rajczi ,Philosophy department,5.0,3.0,doubt_solving,neutral
Alex Rajczi ,Philosophy department,5.0,3.0,faculty_availability,neutral
Alex Rajczi ,Philosophy department,5.0,3.0,subject_difficulty,neutral
Alex Rajczi ,Philosophy department,4.5,2.0,doubt_solving,neutral
Alex Rajczi ,Philosophy department,4.5,2.0,subject_difficulty,neutral
Sharda Umanath ,Psychology department,5.0,5.0,practical_sessions,positive
Sharda Umanath ,Psychology department,5.0,5.0,subject_difficulty,positive
Sharda Umanath ,Psychology department,5.0,5.0,doubt_solving,negative
Sharda Umanath ,Psychology department,5.0,5.0,faculty_availability,negative
Sharda Umanath ,Psychology department,5.0,5.0,subject_difficulty,negative
Sharda Umanath ,Psychology department,5.0,4.0,practical_sessions,positive
Sharda Umanath ,Psychology department,4.0,4.0,study_material,positive
Sharda Umanath ,Psychology department,4.0,4.0,subject_difficulty,positive
Sharda Umanath ,Psychology department,2.0,5.0,doubt_solving,negative
Sharda Umanath ,Psychology department,5.0,5.0,subject_difficulty,positive
Sharda Umanath ,Psychology department,4.5,4.0,subject_difficulty,positive
Sharda Umanath ,Psychology department,5.0,4.0,explanation_clarity,positive
Jennifer Taw ,Government department,5.0,4.0,doubt_solving,positive
Jennifer Taw ,Government department,5.0,4.0,faculty_availability,positive
Jennifer Taw ,Government department,5.0,4.0,subject_difficulty,positive
Jennifer Taw ,Government department,5.0,4.0,doubt_solving,positive
Jennifer Taw ,Government department,5.0,4.0,faculty_availability,positive
Jennifer Taw ,Government department,5.0,4.0,subject_difficulty,positive
Jennifer Taw ,Government department,5.0,4.0,explanation_clarity,positive
Jennifer Taw ,Government department,5.0,4.0,study_material,positive
Jennifer Taw ,Government department,5.0,4.0,explanation_clarity,positive
Jennifer Taw ,Government department,5.0,4.0,teaching_pace,positive
Jennifer Taw ,Government department,5.0,4.0,doubt_solving,positive
Jennifer Taw ,Government department,5.0,4.0,faculty_availability,positive
Jennifer Taw ,Government department,5.0,4.0,subject_difficulty,negative
Jennifer Taw ,Government department,5.0,4.0,subject_difficulty,positive
Jennifer Taw ,Government department,3.0,4.0,explanation_clarity,neutral
Jennifer Taw ,Government department,3.0,4.0,study_material,negative
Jennifer Taw ,Government department,3.0,4.0,subject_difficulty,neutral
Jennifer Taw ,Government department,3.5,4.0,doubt_solving,positive
Jennifer Taw ,Government department,3.5,4.0,study_material,positive
Jennifer Taw ,Government department,3.5,4.0,subject_difficulty,positive
Jennifer Taw ,Government department,4.5,3.0,doubt_solving,positive
Jennifer Taw ,Government department,4.0,4.0,teaching_pace,positive
Jennifer Taw ,Government department,4.0,4.0,practical_sessions,positive
Jennifer Taw ,Government department,1.0,5.0,subject_difficulty,negative
Jennifer Taw ,Government department,5.0,4.0,study_material,positive
Jennifer Taw ,Government department,5.0,2.0,explanation_clarity,positive
Jennifer Taw ,Government department,5.0,2.0,doubt_solving,positive
Jennifer Taw ,Government department,4.0,4.0,explanation_clarity,positive
Jennifer Taw ,Government department,4.0,4.0,doubt_solving,positive
Jennifer Taw ,Government department,4.0,4.0,practical_sessions,positive
Jennifer Taw ,Government department,4.0,4.0,faculty_availability,positive
Jennifer Taw ,Government department,5.0,4.0,doubt_solving,positive
Jennifer Taw ,Government department,5.0,4.0,practical_sessions,positive
Jennifer Taw ,Government department,5.0,4.0,faculty_availability,positive
Jennifer Taw ,Government department,5.0,4.0,subject_difficulty,positive
Jennifer Taw ,Government department,2.0,4.0,study_material,negative
Jennifer Taw ,Government department,2.0,4.0,practical_sessions,negative
Jennifer Taw ,Government department,5.0,3.0,doubt_solving,positive
Seth Lobis ,Literature department,5.0,4.0,doubt_solving,positive
Seth Lobis ,Literature department,5.0,4.0,subject_difficulty,positive
Seth Lobis ,Literature department,4.0,3.0,explanation_clarity,positive
Seth Lobis ,Literature department,4.0,3.0,subject_difficulty,positive
Seth Lobis ,Literature department,5.0,4.0,faculty_availability,positive
Seth Lobis ,Literature department,5.0,4.0,subject_difficulty,positive
Seth Lobis ,Literature department,4.0,4.0,subject_difficulty,positive
Seth Lobis ,Literature department,5.0,4.0,doubt_solving,positive
Seth Lobis ,Literature department,5.0,4.0,study_material,positive
Seth Lobis ,Literature department,5.0,4.0,subject_difficulty,positive
Seth Lobis ,Literature department,5.0,3.0,faculty_availability,positive
Seth Lobis ,Literature department,5.0,3.0,subject_difficulty,positive
Seth Lobis ,Literature department,5.0,4.0,explanation_clarity,positive
Seth Lobis ,Literature department,5.0,4.0,doubt_solving,positive
Seth Lobis ,Literature department,5.0,4.0,faculty_availability,positive
Seth Lobis ,Literature department,5.0,4.0,subject_difficulty,positive
Seth Lobis ,Literature department,5.0,3.0,doubt_solving,positive
Seth Lobis ,Literature department,5.0,3.0,faculty_availability,positive
Seth Lobis ,Literature department,5.0,3.0,doubt_solving,positive
Seth Lobis ,Literature department,5.0,3.0,subject_difficulty,positive
Seth Lobis ,Literature department,5.0,4.0,doubt_solving,positive
Seth Lobis ,Literature department,5.0,5.0,doubt_solving,positive
Seth Lobis ,Literature department,5.0,5.0,study_material,positive
Seth Lobis ,Literature department,5.0,5.0,faculty_availability,positive
Seth Lobis ,Literature department,5.0,5.0,subject_difficulty,positive
Seth Lobis ,Literature department,5.0,5.0,doubt_solving,positive
Seth Lobis ,Literature department,5.0,4.0,doubt_solving,positive
Seth Lobis ,Literature department,5.0,4.0,faculty_availability,positive
Seth Lobis ,Literature department,5.0,4.0,subject_difficulty,positive
Seth Lobis ,Literature department,5.0,4.0,practical_sessions,positive
Seth Lobis ,Literature department,5.0,4.0,subject_difficulty,positive
Seth Lobis ,Literature department,5.0,2.0,doubt_solving,positive
Seth Lobis ,Literature department,5.0,2.0,faculty_availability,positive
Mioy Huynh ,Chemistry department,5.0,3.0,explanation_clarity,positive
Mioy Huynh ,Chemistry department,5.0,3.0,doubt_solving,positive
Mioy Huynh ,Chemistry department,5.0,3.0,doubt_solving,positive
Mioy Huynh ,Chemistry department,5.0,3.0,study_material,positive
Mioy Huynh ,Chemistry department,5.0,3.0,practical_sessions,positive
Mioy Huynh ,Chemistry department,5.0,3.0,subject_difficulty,positive
Mioy Huynh ,Chemistry department,5.0,4.0,explanation_clarity,positive
Mioy Huynh ,Chemistry department,4.0,3.0,explanation_clarity,positive
Mioy Huynh ,Chemistry department,2.0,3.0,explanation_clarity,negative
Mioy Huynh ,Chemistry department,2.0,3.0,doubt_solving,negative
Mioy Huynh ,Chemistry department,2.0,3.0,practical_sessions,negative
Mioy Huynh ,Chemistry department,2.0,3.0,subject_difficulty,negative
Norman Valencia ,Modern Languages department,5.0,2.0,doubt_solving,positive
Norman Valencia ,Modern Languages department,5.0,2.0,practical_sessions,positive
Norman Valencia ,Modern Languages department,5.0,2.0,subject_difficulty,positive
Norman Valencia ,Modern Languages department,5.0,2.0,subject_difficulty,positive
Norman Valencia ,Modern Languages department,5.0,2.0,doubt_solving,positive
Nicholas Warner ,Literature department,5.0,3.0,explanation_clarity,positive
Nicholas Warner ,Literature department,5.0,3.0,doubt_solving,positive
Nicholas Warner ,Literature department,5.0,3.0,practical_sessions,positive
Nicholas Warner ,Literature department,5.0,3.0,faculty_availability,positive
Nicholas Warner ,Literature department,5.0,3.0,subject_difficulty,positive
Nicholas Warner ,Literature department,5.0,3.0,explanation_clarity,positive
Nicholas Warner ,Literature department,5.0,3.0,doubt_solving,positive
Nicholas Warner ,Literature department,5.0,4.0,explanation_clarity,positive
Nicholas Warner ,Literature department,5.0,4.0,faculty_availability,positive
Nicholas Warner ,Literature department,5.0,4.0,subject_difficulty,positive
Nicholas Warner ,Literature department,5.0,4.0,doubt_solving,positive
Nicholas Warner ,Literature department,5.0,4.0,faculty_availability,positive
Nicholas Warner ,Literature department,5.0,4.0,doubt_solving,positive
Nicholas Warner ,Literature department,5.0,4.0,practical_sessions,positive
Nicholas Warner ,Literature department,5.0,4.0,doubt_solving,positive
Nicholas Warner ,Literature department,5.0,4.0,study_material,positive
Nicholas Warner ,Literature department,5.0,4.0,subject_difficulty,positive
Nicholas Warner ,Literature department,4.0,4.0,doubt_solving,positive
Nicholas Warner ,Literature department,4.0,4.0,practical_sessions,positive
Nicholas Warner ,Literature department,4.0,4.0,faculty_availability,positive
Nicholas Warner ,Literature department,5.0,4.0,explanation_clarity,positive
Nicholas Warner ,Literature department,5.0,4.0,doubt_solving,positive
Nicholas Warner ,Literature department,5.0,4.0,study_material,positive
Nicholas Warner ,Literature department,5.0,4.0,doubt_solving,positive
Nicholas Warner ,Literature department,5.0,4.0,subject_difficulty,positive
Nicholas Warner ,Literature department,4.0,4.0,doubt_solving,positive
Nicholas Warner ,Literature department,4.0,4.0,faculty_availability,positive
Nicholas Warner ,Literature department,4.0,4.0,subject_difficulty,positive
Nicholas Warner ,Literature department,5.0,4.0,explanation_clarity,positive
Nicholas Warner ,Literature department,5.0,4.0,doubt_solving,positive
Nicholas Warner ,Literature department,5.0,4.0,practical_sessions,positive
Nicholas Warner ,Literature department,5.0,4.0,faculty_availability,positive
Nicholas Warner ,Literature department,5.0,4.0,doubt_solving,positive
Nicholas Warner ,Literature department,5.0,4.0,subject_difficulty,positive
Nicholas Warner ,Literature department,5.0,4.0,doubt_solving,positive
Nicholas Warner ,Literature department,5.0,4.0,practical_sessions,positive
Nicholas Warner ,Literature department,5.0,4.0,faculty_availability,positive
Nicholas Warner ,Literature department,5.0,4.0,doubt_solving,positive
Nicholas Warner ,Literature department,5.0,4.0,faculty_availability,positive
Nicholas Warner ,Literature department,5.0,2.0,explanation_clarity,positive
Nicholas Warner ,Literature department,5.0,4.0,doubt_solving,positive
Nicholas Warner ,Literature department,5.0,4.0,study_material,positive
Nicholas Warner ,Literature department,5.0,4.0,faculty_availability,positive
Nicholas Warner ,Literature department,5.0,4.0,subject_difficulty,positive
Nicholas Warner ,Literature department,5.0,2.0,explanation_clarity,positive
Nicholas Warner ,Literature department,5.0,2.0,doubt_solving,positive
Nicholas Warner ,Literature department,4.5,4.0,doubt_solving,positive
Nicholas Warner ,Literature department,4.5,4.0,subject_difficulty,positive
Nicholas Warner ,Literature department,5.0,4.0,doubt_solving,positive
Nicholas Warner ,Literature department,5.0,5.0,explanation_clarity,positive
Nicholas Warner ,Literature department,5.0,5.0,doubt_solving,positive
Nicholas Warner ,Literature department,5.0,5.0,subject_difficulty,positive
Nicholas Warner ,Literature department,1.0,4.0,explanation_clarity,negative
Nicholas Warner ,Literature department,1.0,4.0,study_material,negative
Nicholas Warner ,Literature department,1.0,4.0,practical_sessions,negative
Nicholas Warner ,Literature department,1.0,4.0,subject_difficulty,negative
Nicholas Warner ,Literature department,5.0,4.0,explanation_clarity,positive
Nicholas Warner ,Literature department,5.0,4.0,study_material,positive
Nicholas Warner ,Literature department,5.0,4.0,practical_sessions,positive
Nicholas Warner ,Literature department,4.0,3.0,faculty_availability,positive
Nicholas Warner ,Literature department,5.0,5.0,teaching_pace,positive
Nicholas Warner ,Literature department,4.5,4.0,explanation_clarity,positive
Nicholas Warner ,Literature department,4.5,3.0,faculty_availability,positive
Nicholas Warner ,Literature department,4.5,3.0,subject_difficulty,positive
Philip Luck ,Economics department,4.0,3.0,doubt_solving,positive
Philip Luck ,Economics department,4.0,3.0,study_material,positive
Philip Luck ,Economics department,4.0,3.0,practical_sessions,positive
Philip Luck ,Economics department,4.0,3.0,faculty_availability,positive
Philip Luck ,Economics department,4.0,3.0,subject_difficulty,positive
Philip Luck ,Economics department,3.0,2.0,explanation_clarity,negative
Philip Luck ,Economics department,5.0,2.0,explanation_clarity,positive
Philip Luck ,Economics department,5.0,2.0,doubt_solving,positive
Philip Luck ,Economics department,5.0,2.0,faculty_availability,positive
Megan Gallagher ,Literature department,1.0,5.0,doubt_solving,negative
Megan Gallagher ,Literature department,1.0,5.0,study_material,negative
Megan Gallagher ,Literature department,4.0,4.0,subject_difficulty,positive
Megan Gallagher ,Literature department,2.0,4.0,subject_difficulty,negative
Megan Gallagher ,Literature department,3.0,4.0,study_material,positive
Megan Gallagher ,Literature department,3.0,4.0,subject_difficulty,positive
Megan Gallagher ,Literature department,2.0,4.0,subject_difficulty,negative
Joseph Frigault ,Philosophy department,5.0,4.0,doubt_solving,positive
Joseph Frigault ,Philosophy department,5.0,4.0,study_material,positive
Joseph Frigault ,Philosophy department,5.0,4.0,practical_sessions,positive
Joseph Frigault ,Philosophy department,5.0,4.0,faculty_availability,positive
Joseph Frigault ,Philosophy department,5.0,4.0,subject_difficulty,positive
Joseph Frigault ,Philosophy department,5.0,2.0,study_material,positive
Joseph Frigault ,Philosophy department,4.0,3.0,study_material,positive
Joseph Frigault ,Philosophy department,5.0,3.0,doubt_solving,positive
Joseph Frigault ,Philosophy department,5.0,3.0,study_material,positive
Ellen Rentz ,Literature department,5.0,3.0,doubt_solving,positive
Ellen Rentz ,Literature department,5.0,3.0,study_material,positive
Ellen Rentz ,Literature department,5.0,3.0,practical_sessions,positive
Ellen Rentz ,Literature department,5.0,3.0,faculty_availability,positive
Ellen Rentz ,Literature department,5.0,3.0,subject_difficulty,positive
Ellen Rentz ,Literature department,5.0,3.0,study_material,positive
Ellen Rentz ,Literature department,5.0,3.0,practical_sessions,positive
Ellen Rentz ,Literature department,5.0,2.0,faculty_availability,positive
Ellen Rentz ,Literature department,5.0,3.0,doubt_solving,positive
Ellen Rentz ,Literature department,5.0,3.0,study_material,positive
Ellen Rentz ,Literature department,5.0,3.0,practical_sessions,positive
Ellen Rentz ,Literature department,5.0,3.0,subject_difficulty,positive
Ellen Rentz ,Literature department,5.0,3.0,faculty_availability,positive
Ellen Rentz ,Literature department,5.0,3.0,subject_difficulty,positive
Ellen Rentz ,Literature department,5.0,3.0,subject_difficulty,positive
Ellen Rentz ,Literature department,5.0,3.0,doubt_solving,positive
Ellen Rentz ,Literature department,5.0,3.0,subject_difficulty,positive
Ellen Rentz ,Literature department,5.0,3.0,study_material,positive
Ellen Rentz ,Literature department,5.0,3.0,practical_sessions,positive
Ellen Rentz ,Literature department,5.0,2.0,explanation_clarity,positive
Ellen Rentz ,Literature department,5.0,2.0,teaching_pace,positive
Ellen Rentz ,Literature department,5.0,2.0,study_material,positive
Ellen Rentz ,Literature department,5.0,2.0,subject_difficulty,positive
Ellen Rentz ,Literature department,5.0,2.0,practical_sessions,positive
Ellen Rentz ,Literature department,4.5,3.0,doubt_solving,negative
Ellen Rentz ,Literature department,4.5,3.0,practical_sessions,negative
Ellen Rentz ,Literature department,4.5,3.0,faculty_availability,negative
Ellen Rentz ,Literature department,5.0,2.0,doubt_solving,positive
Ellen Rentz ,Literature department,5.0,2.0,study_material,positive
Ellen Rentz ,Literature department,5.0,2.0,doubt_solving,positive
Ellen Rentz ,Literature department,5.0,2.0,study_material,positive
Ellen Rentz ,Literature department,5.0,2.0,practical_sessions,positive
Ellen Rentz ,Literature department,5.0,2.0,faculty_availability,positive
Ellen Rentz ,Literature department,4.0,2.0,doubt_solving,neutral
Ellen Rentz ,Literature department,5.0,2.0,doubt_solving,positive
Ellen Rentz ,Literature department,5.0,2.0,study_material,positive
Ellen Rentz ,Literature department,5.0,2.0,subject_difficulty,positive
Ellen Rentz ,Literature department,5.0,2.0,doubt_solving,positive
Ellen Rentz ,Literature department,5.0,2.0,faculty_availability,positive
Kathleen Purvis-Roberts ,Chemistry department,5.0,3.0,explanation_clarity,positive
Kathleen Purvis-Roberts ,Chemistry department,5.0,3.0,doubt_solving,positive
Kathleen Purvis-Roberts ,Chemistry department,5.0,3.0,practical_sessions,positive
Kathleen Purvis-Roberts ,Chemistry department,5.0,3.0,faculty_availability,positive
Kathleen Purvis-Roberts ,Chemistry department,4.5,4.0,doubt_solving,positive
Kathleen Purvis-Roberts ,Chemistry department,4.5,4.0,practical_sessions,positive
Kathleen Purvis-Roberts ,Chemistry department,4.5,4.0,faculty_availability,positive
Kathleen Purvis-Roberts ,Chemistry department,4.5,4.0,subject_difficulty,positive
Kathleen Purvis-Roberts ,Chemistry department,5.0,5.0,practical_sessions,positive
Kathleen Purvis-Roberts ,Chemistry department,5.0,5.0,subject_difficulty,positive
Kathleen Purvis-Roberts ,Chemistry department,5.0,2.0,explanation_clarity,positive
Kathleen Purvis-Roberts ,Chemistry department,5.0,2.0,doubt_solving,positive
Kathleen Purvis-Roberts ,Chemistry department,5.0,2.0,study_material,positive
Kathleen Purvis-Roberts ,Chemistry department,5.0,2.0,practical_sessions,positive
Kathleen Purvis-Roberts ,Chemistry department,5.0,2.0,faculty_availability,positive
Stacey Doan ,Psychology department,5.0,2.0,explanation_clarity,negative
Stacey Doan ,Psychology department,5.0,2.0,doubt_solving,negative
Stacey Doan ,Psychology department,5.0,2.0,study_material,negative
Stacey Doan ,Psychology department,5.0,2.0,practical_sessions,negative
Stacey Doan ,Psychology department,5.0,2.0,subject_difficulty,negative
Stacey Doan ,Psychology department,4.0,4.0,doubt_solving,positive
Stacey Doan ,Psychology department,4.0,4.0,subject_difficulty,positive
Stacey Doan ,Psychology department,5.0,4.0,subject_difficulty,positive
Stacey Doan ,Psychology department,5.0,4.0,explanation_clarity,positive
Stacey Doan ,Psychology department,5.0,4.0,doubt_solving,positive
Stacey Doan ,Psychology department,5.0,4.0,faculty_availability,positive
Stacey Doan ,Psychology department,5.0,4.0,subject_difficulty,positive
Stacey Doan ,Psychology department,4.0,1.0,explanation_clarity,positive
Stacey Doan ,Psychology department,4.0,1.0,study_material,positive
Stacey Doan ,Psychology department,2.5,4.0,explanation_clarity,negative
Stacey Doan ,Psychology department,2.5,4.0,doubt_solving,negative
Stacey Doan ,Psychology department,2.5,4.0,practical_sessions,negative
Stacey Doan ,Psychology department,2.5,4.0,subject_difficulty,negative
Stacey Doan ,Psychology department,1.0,5.0,subject_difficulty,negative
Stacey Doan ,Psychology department,1.0,5.0,practical_sessions,negative
Stacey Doan ,Psychology department,1.0,5.0,subject_difficulty,negative
Stacey Doan ,Psychology department,5.0,4.0,subject_difficulty,positive
Stacey Doan ,Psychology department,5.0,4.0,study_material,negative
Stacey Doan ,Psychology department,5.0,4.0,subject_difficulty,negative
Stacey Doan ,Psychology department,5.0,4.0,explanation_clarity,positive
Stacey Doan ,Psychology department,5.0,4.0,subject_difficulty,positive
John Meany ,Speech department,5.0,2.0,doubt_solving,positive
John Meany ,Speech department,5.0,2.0,practical_sessions,positive
John Meany ,Speech department,5.0,2.0,faculty_availability,positive
John Meany ,Speech department,5.0,2.0,subject_difficulty,positive
John Meany ,Speech department,5.0,1.0,doubt_solving,positive
John Meany ,Speech department,5.0,1.0,subject_difficulty,positive
John Meany ,Speech department,5.0,3.0,doubt_solving,positive
John Meany ,Speech department,5.0,3.0,doubt_solving,positive
John Meany ,Speech department,5.0,3.0,faculty_availability,positive
John Meany ,Speech department,5.0,3.0,subject_difficulty,positive
John Meany ,Speech department,4.5,3.0,faculty_availability,positive
John Meany ,Speech department,5.0,4.0,subject_difficulty,positive
Michael Izbicki ,Computer Science department,5.0,4.0,practical_sessions,positive
Michael Izbicki ,Computer Science department,5.0,4.0,subject_difficulty,positive
Michael Izbicki ,Computer Science department,4.0,4.0,explanation_clarity,positive
Michael Izbicki ,Computer Science department,4.0,4.0,doubt_solving,positive
Michael Izbicki ,Computer Science department,4.0,4.0,study_material,positive
Michael Izbicki ,Computer Science department,4.0,4.0,practical_sessions,positive
Michael Izbicki ,Computer Science department,4.0,4.0,subject_difficulty,positive
Michael Izbicki ,Computer Science department,1.0,5.0,practical_sessions,positive
Michael Izbicki ,Computer Science department,1.0,5.0,subject_difficulty,positive
Michael Izbicki ,Computer Science department,5.0,4.0,study_material,positive
Michael Izbicki ,Computer Science department,5.0,4.0,practical_sessions,positive
Michael Izbicki ,Computer Science department,5.0,4.0,faculty_availability,positive
Michael Izbicki ,Computer Science department,5.0,4.0,subject_difficulty,positive
Michael Izbicki ,Computer Science department,4.0,2.0,practical_sessions,positive
Michael Izbicki ,Computer Science department,4.0,2.0,subject_difficulty,positive
Michael Izbicki ,Computer Science department,5.0,4.0,subject_difficulty,positive
Michael Izbicki ,Computer Science department,5.0,4.0,explanation_clarity,positive
Michael Izbicki ,Computer Science department,5.0,4.0,doubt_solving,positive
Michael Izbicki ,Computer Science department,5.0,4.0,study_material,positive
Michael Izbicki ,Computer Science department,5.0,4.0,practical_sessions,positive
Michael Izbicki ,Computer Science department,5.0,4.0,faculty_availability,positive
Michael Izbicki ,Computer Science department,5.0,4.0,subject_difficulty,positive
Michael Izbicki ,Computer Science department,4.0,2.0,explanation_clarity,positive
Michael Izbicki ,Computer Science department,4.0,2.0,doubt_solving,positive
Michael Izbicki ,Computer Science department,4.0,2.0,study_material,positive
Michael Izbicki ,Computer Science department,4.0,2.0,practical_sessions,positive
Michael Izbicki ,Computer Science department,4.0,2.0,faculty_availability,positive
Michael Izbicki ,Computer Science department,4.0,2.0,subject_difficulty,positive
Michael Izbicki ,Computer Science department,2.0,2.0,explanation_clarity,negative
Michael Izbicki ,Computer Science department,2.0,2.0,subject_difficulty,negative
Craig Bowman ,Psychology department,3.0,4.0,explanation_clarity,positive
Craig Bowman ,Psychology department,3.0,4.0,doubt_solving,positive
Craig Bowman ,Psychology department,3.0,4.0,study_material,positive
Craig Bowman ,Psychology department,3.0,4.0,practical_sessions,positive
Craig Bowman ,Psychology department,3.0,4.0,faculty_availability,positive
Craig Bowman ,Psychology department,3.0,4.0,subject_difficulty,positive
Craig Bowman ,Psychology department,5.0,3.0,explanation_clarity,positive
Craig Bowman ,Psychology department,5.0,3.0,doubt_solving,positive
Craig Bowman ,Psychology department,5.0,3.0,study_material,positive
Craig Bowman ,Psychology department,5.0,3.0,practical_sessions,positive
Craig Bowman ,Psychology department,5.0,3.0,subject_difficulty,positive
Craig Bowman ,Psychology department,2.0,4.0,explanation_clarity,negative
Craig Bowman ,Psychology department,2.0,4.0,practical_sessions,negative
Craig Bowman ,Psychology department,4.0,1.0,doubt_solving,neutral
Craig Bowman ,Psychology department,4.0,1.0,practical_sessions,neutral
Craig Bowman ,Psychology department,4.0,1.0,subject_difficulty,neutral
Craig Bowman ,Psychology department,5.0,1.0,explanation_clarity,positive
Craig Bowman ,Psychology department,5.0,1.0,teaching_pace,positive
Craig Bowman ,Psychology department,5.0,1.0,doubt_solving,positive
Craig Bowman ,Psychology department,5.0,1.0,study_material,positive
Craig Bowman ,Psychology department,5.0,1.0,practical_sessions,positive
Craig Bowman ,Psychology department,4.0,2.0,explanation_clarity,positive
Craig Bowman ,Psychology department,4.0,2.0,practical_sessions,positive
Craig Bowman ,Psychology department,4.0,2.0,subject_difficulty,positive
Craig Bowman ,Psychology department,4.5,2.0,explanation_clarity,positive
Craig Bowman ,Psychology department,4.5,2.0,practical_sessions,positive
Craig Bowman ,Psychology department,4.0,2.0,practical_sessions,positive
Craig Bowman ,Psychology department,4.0,2.0,subject_difficulty,positive
Salvador Velazco ,Modern Languages department,1.0,4.0,explanation_clarity,negative
Salvador Velazco ,Modern Languages department,1.0,4.0,doubt_solving,negative
Salvador Velazco ,Modern Languages department,1.0,4.0,faculty_availability,negative
Salvador Velazco ,Modern Languages department,1.0,4.0,subject_difficulty,negative
Salvador Velazco ,Modern Languages department,5.0,3.0,study_material,positive
Salvador Velazco ,Modern Languages department,5.0,2.0,explanation_clarity,positive
Salvador Velazco ,Modern Languages department,5.0,2.0,doubt_solving,positive
Salvador Velazco ,Modern Languages department,5.0,2.0,practical_sessions,positive
Salvador Velazco ,Modern Languages department,5.0,2.0,subject_difficulty,positive
Salvador Velazco ,Modern Languages department,4.5,1.0,subject_difficulty,positive
Salvador Velazco ,Modern Languages department,4.0,1.0,study_material,positive
Salvador Velazco ,Modern Languages department,4.5,1.0,subject_difficulty,positive
Salvador Velazco ,Modern Languages department,4.5,2.0,doubt_solving,positive
Salvador Velazco ,Modern Languages department,5.0,3.0,study_material,positive
Salvador Velazco ,Modern Languages department,4.0,2.0,doubt_solving,positive
Salvador Velazco ,Modern Languages department,4.0,2.0,practical_sessions,positive
Salvador Velazco ,Modern Languages department,4.0,2.0,subject_difficulty,positive
Salvador Velazco ,Modern Languages department,2.5,2.0,doubt_solving,negative
Salvador Velazco ,Modern Languages department,2.5,2.0,subject_difficulty,negative
Salvador Velazco ,Modern Languages department,4.5,3.0,practical_sessions,positive
Salvador Velazco ,Modern Languages department,5.0,1.0,study_material,positive
Salvador Velazco ,Modern Languages department,4.0,3.0,doubt_solving,positive
Salvador Velazco ,Modern Languages department,4.0,3.0,study_material,positive
Salvador Velazco ,Modern Languages department,4.0,3.0,practical_sessions,positive
Cory Davia ,Philosophy department,4.0,3.0,doubt_solving,positive
Cory Davia ,Philosophy department,4.0,3.0,study_material,positive
Cory Davia ,Philosophy department,4.0,3.0,practical_sessions,positive
Cory Davia ,Philosophy department,4.0,3.0,subject_difficulty,positive
Gabbrielle Johnson ,Philosophy department,5.0,4.0,subject_difficulty,positive
Gabbrielle Johnson ,Philosophy department,5.0,4.0,subject_difficulty,negative
Gabbrielle Johnson ,Philosophy department,5.0,3.0,explanation_clarity,positive
Gabbrielle Johnson ,Philosophy department,5.0,3.0,subject_difficulty,positive
Gabbrielle Johnson ,Philosophy department,5.0,5.0,explanation_clarity,negative
Gabbrielle Johnson ,Philosophy department,5.0,5.0,subject_difficulty,negative
Suzanne Obdrzalek ,Philosophy department,5.0,4.0,subject_difficulty,positive
Suzanne Obdrzalek ,Philosophy department,2.0,5.0,explanation_clarity,negative
Suzanne Obdrzalek ,Philosophy department,2.0,5.0,doubt_solving,negative
Suzanne Obdrzalek ,Philosophy department,2.0,5.0,subject_difficulty,negative
Suzanne Obdrzalek ,Philosophy department,4.0,5.0,explanation_clarity,positive
Suzanne Obdrzalek ,Philosophy department,4.0,5.0,subject_difficulty,positive
Suzanne Obdrzalek ,Philosophy department,5.0,5.0,explanation_clarity,positive
Suzanne Obdrzalek ,Philosophy department,5.0,5.0,subject_difficulty,positive
Suzanne Obdrzalek ,Philosophy department,4.0,2.0,study_material,positive
Suzanne Obdrzalek ,Philosophy department,4.0,2.0,subject_difficulty,positive
Suzanne Obdrzalek ,Philosophy department,4.0,5.0,doubt_solving,positive
Suzanne Obdrzalek ,Philosophy department,4.0,5.0,faculty_availability,positive
Suzanne Obdrzalek ,Philosophy department,4.0,5.0,subject_difficulty,positive
Suzanne Obdrzalek ,Philosophy department,5.0,4.0,explanation_clarity,positive
Suzanne Obdrzalek ,Philosophy department,4.5,4.0,explanation_clarity,positive
Suzanne Obdrzalek ,Philosophy department,4.5,4.0,doubt_solving,positive
Suzanne Obdrzalek ,Philosophy department,4.5,4.0,study_material,positive
Suzanne Obdrzalek ,Philosophy department,4.5,4.0,faculty_availability,positive
Suzanne Obdrzalek ,Philosophy department,4.5,4.0,subject_difficulty,positive
Suzanne Obdrzalek ,Philosophy department,5.0,3.0,explanation_clarity,positive
Suzanne Obdrzalek ,Philosophy department,5.0,3.0,doubt_solving,positive
Suzanne Obdrzalek ,Philosophy department,5.0,3.0,study_material,positive
Suzanne Obdrzalek ,Philosophy department,5.0,3.0,subject_difficulty,positive
Suzanne Obdrzalek ,Philosophy department,5.0,4.0,doubt_solving,positive
Suzanne Obdrzalek ,Philosophy department,5.0,4.0,study_material,positive
Suzanne Obdrzalek ,Philosophy department,5.0,4.0,explanation_clarity,positive
Suzanne Obdrzalek ,Philosophy department,4.0,5.0,study_material,positive
Suzanne Obdrzalek ,Philosophy department,5.0,3.0,explanation_clarity,positive
Suzanne Obdrzalek ,Philosophy department,5.0,3.0,doubt_solving,positive
Suzanne Obdrzalek ,Philosophy department,5.0,3.0,faculty_availability,positive
Suzanne Obdrzalek ,Philosophy department,5.0,4.0,subject_difficulty,positive
Suzanne Obdrzalek ,Philosophy department,5.0,3.0,faculty_availability,positive
Suzanne Obdrzalek ,Philosophy department,4.5,4.0,faculty_availability,positive
Suzanne Obdrzalek ,Philosophy department,5.0,4.0,subject_difficulty,positive
Suzanne Obdrzalek ,Philosophy department,4.5,4.0,doubt_solving,positive
Suzanne Obdrzalek ,Philosophy department,4.5,4.0,faculty_availability,positive
Suzanne Obdrzalek ,Philosophy department,1.0,5.0,study_material,negative
Suzanne Obdrzalek ,Philosophy department,4.0,4.0,doubt_solving,positive
Suzanne Obdrzalek ,Philosophy department,4.0,4.0,faculty_availability,positive
Suzanne Obdrzalek ,Philosophy department,4.0,4.0,subject_difficulty,positive
Suzanne Obdrzalek ,Philosophy department,3.5,5.0,subject_difficulty,positive
Suzanne Obdrzalek ,Philosophy department,2.0,4.0,teaching_pace,negative
Suzanne Obdrzalek ,Philosophy department,2.0,4.0,study_material,negative
Suzanne Obdrzalek ,Philosophy department,3.5,5.0,explanation_clarity,negative
Suzanne Obdrzalek ,Philosophy department,3.5,5.0,study_material,negative
Suzanne Obdrzalek ,Philosophy department,3.5,5.0,subject_difficulty,negative
Suzanne Obdrzalek ,Philosophy department,2.0,5.0,explanation_clarity,negative
Suzanne Obdrzalek ,Philosophy department,2.0,5.0,study_material,negative
Amy Kind ,Philosophy department,5.0,4.0,doubt_solving,positive
Amy Kind ,Philosophy department,5.0,4.0,practical_sessions,positive
Amy Kind ,Philosophy department,5.0,4.0,faculty_availability,positive
Amy Kind ,Philosophy department,5.0,4.0,subject_difficulty,positive
Amy Kind ,Philosophy department,5.0,4.0,doubt_solving,positive
Amy Kind ,Philosophy department,5.0,4.0,faculty_availability,positive
Amy Kind ,Philosophy department,5.0,4.0,subject_difficulty,positive
Amy Kind ,Philosophy department,5.0,4.0,study_material,positive
Amy Kind ,Philosophy department,5.0,4.0,subject_difficulty,positive
Amy Kind ,Philosophy department,5.0,4.0,practical_sessions,positive
Amy Kind ,Philosophy department,5.0,4.0,faculty_availability,positive
Amy Kind ,Philosophy department,5.0,4.0,subject_difficulty,positive
Amy Kind ,Philosophy department,5.0,3.0,practical_sessions,positive
Amy Kind ,Philosophy department,5.0,3.0,subject_difficulty,positive
Amy Kind ,Philosophy department,5.0,4.0,study_material,positive
Amy Kind ,Philosophy department,5.0,4.0,subject_difficulty,positive
Amy Kind ,Philosophy department,5.0,3.0,doubt_solving,positive
Amy Kind ,Philosophy department,5.0,3.0,explanation_clarity,positive
Amy Kind ,Philosophy department,5.0,3.0,doubt_solving,positive
Amy Kind ,Philosophy department,5.0,3.0,faculty_availability,positive
Amy Kind ,Philosophy department,5.0,3.0,subject_difficulty,positive
Amy Kind ,Philosophy department,5.0,3.0,doubt_solving,positive
Amy Kind ,Philosophy department,5.0,3.0,study_material,positive
Amy Kind ,Philosophy department,5.0,3.0,faculty_availability,positive
Amy Kind ,Philosophy department,5.0,3.0,subject_difficulty,positive
Amy Kind ,Philosophy department,5.0,3.0,explanation_clarity,positive
Amy Kind ,Philosophy department,5.0,3.0,doubt_solving,positive
Amy Kind ,Philosophy department,5.0,3.0,doubt_solving,positive
Amy Kind ,Philosophy department,5.0,3.0,explanation_clarity,positive
Amy Kind ,Philosophy department,4.0,4.0,explanation_clarity,positive
Amy Kind ,Philosophy department,4.0,4.0,study_material,positive
Amy Kind ,Philosophy department,4.0,4.0,subject_difficulty,positive
Amy Kind ,Philosophy department,3.5,4.0,explanation_clarity,neutral
Amy Kind ,Philosophy department,3.5,4.0,doubt_solving,neutral
Amy Kind ,Philosophy department,3.5,4.0,subject_difficulty,neutral
Amy Kind ,Philosophy department,5.0,1.0,practical_sessions,positive
Amy Kind ,Philosophy department,5.0,1.0,subject_difficulty,positive
Amy Kind ,Philosophy department,5.0,4.0,doubt_solving,neutral
Amy Kind ,Philosophy department,5.0,4.0,practical_sessions,neutral
Amy Kind ,Philosophy department,5.0,4.0,subject_difficulty,neutral
Amy Kind ,Philosophy department,4.5,4.0,subject_difficulty,positive
Chiu-Yen Kao ,Mathematics department,4.0,3.0,explanation_clarity,positive
Chiu-Yen Kao ,Mathematics department,4.0,3.0,study_material,positive
Chiu-Yen Kao ,Mathematics department,4.0,3.0,practical_sessions,positive
Chiu-Yen Kao ,Mathematics department,4.0,3.0,subject_difficulty,negative
Chiu-Yen Kao ,Mathematics department,5.0,2.0,doubt_solving,positive
Chiu-Yen Kao ,Mathematics department,5.0,2.0,practical_sessions,positive
Chiu-Yen Kao ,Mathematics department,5.0,2.0,faculty_availability,positive
Chiu-Yen Kao ,Mathematics department,5.0,2.0,subject_difficulty,positive
Chiu-Yen Kao ,Mathematics department,4.0,3.0,explanation_clarity,positive
Chiu-Yen Kao ,Mathematics department,4.0,3.0,doubt_solving,positive
Chiu-Yen Kao ,Mathematics department,4.0,3.0,study_material,positive
Chiu-Yen Kao ,Mathematics department,4.0,3.0,practical_sessions,positive
Chiu-Yen Kao ,Mathematics department,4.0,3.0,faculty_availability,positive
Chiu-Yen Kao ,Mathematics department,4.0,3.0,subject_difficulty,positive
Chiu-Yen Kao ,Mathematics department,5.0,2.0,explanation_clarity,positive
Chiu-Yen Kao ,Mathematics department,5.0,2.0,doubt_solving,positive
Chiu-Yen Kao ,Mathematics department,5.0,2.0,practical_sessions,positive
Chiu-Yen Kao ,Mathematics department,5.0,2.0,faculty_availability,positive
Chiu-Yen Kao ,Mathematics department,3.0,4.0,doubt_solving,negative
Chiu-Yen Kao ,Mathematics department,3.0,4.0,practical_sessions,negative
Chiu-Yen Kao ,Mathematics department,3.0,4.0,faculty_availability,negative
Chiu-Yen Kao ,Mathematics department,5.0,4.0,explanation_clarity,positive
Chiu-Yen Kao ,Mathematics department,5.0,4.0,doubt_solving,positive
Chiu-Yen Kao ,Mathematics department,5.0,4.0,practical_sessions,positive
Chiu-Yen Kao ,Mathematics department,5.0,4.0,subject_difficulty,positive
Chiu-Yen Kao ,Mathematics department,3.0,3.0,explanation_clarity,negative
Chiu-Yen Kao ,Mathematics department,3.0,3.0,doubt_solving,negative
Chiu-Yen Kao ,Mathematics department,3.0,3.0,practical_sessions,negative
Chiu-Yen Kao ,Mathematics department,3.0,3.0,faculty_availability,negative
Adrienne Martin ,Philosophy department,3.0,4.0,doubt_solving,negative
Adrienne Martin ,Philosophy department,3.0,4.0,practical_sessions,negative
Adrienne Martin ,Philosophy department,3.0,4.0,subject_difficulty,negative
James Kreines ,Philosophy department,5.0,4.0,study_material,positive
James Kreines ,Philosophy department,5.0,3.0,study_material,positive
James Kreines ,Philosophy department,5.0,3.0,subject_difficulty,positive
James Kreines ,Philosophy department,5.0,5.0,subject_difficulty,neutral
James Kreines ,Philosophy department,5.0,3.0,doubt_solving,positive
James Kreines ,Philosophy department,5.0,4.0,doubt_solving,positive
James Kreines ,Philosophy department,5.0,4.0,practical_sessions,positive
James Kreines ,Philosophy department,5.0,4.0,subject_difficulty,positive
James Kreines ,Philosophy department,5.0,4.0,doubt_solving,positive
James Kreines ,Philosophy department,5.0,4.0,faculty_availability,positive
James Kreines ,Philosophy department,5.0,4.0,subject_difficulty,positive
James Kreines ,Philosophy department,5.0,4.0,study_material,positive
James Kreines ,Philosophy department,5.0,4.0,subject_difficulty,positive
James Kreines ,Philosophy department,5.0,3.0,study_material,positive
James Kreines ,Philosophy department,5.0,3.0,subject_difficulty,positive
James Kreines ,Philosophy department,5.0,4.0,explanation_clarity,neutral
James Kreines ,Philosophy department,5.0,4.0,teaching_pace,neutral
James Kreines ,Philosophy department,5.0,4.0,doubt_solving,neutral
James Kreines ,Philosophy department,5.0,4.0,faculty_availability,neutral
James Kreines ,Philosophy department,5.0,4.0,subject_difficulty,neutral
James Kreines ,Philosophy department,4.0,4.0,explanation_clarity,positive
James Kreines ,Philosophy department,4.0,4.0,doubt_solving,positive
James Kreines ,Philosophy department,4.0,4.0,study_material,positive
James Kreines ,Philosophy department,4.0,4.0,practical_sessions,positive
James Kreines ,Philosophy department,4.5,5.0,explanation_clarity,negative
James Kreines ,Philosophy department,4.5,5.0,doubt_solving,negative
James Kreines ,Philosophy department,4.5,5.0,study_material,negative
James Kreines ,Philosophy department,4.5,5.0,faculty_availability,neutral
James Kreines ,Philosophy department,5.0,3.0,subject_difficulty,positive
James Kreines ,Philosophy department,5.0,5.0,explanation_clarity,positive
James Kreines ,Philosophy department,5.0,5.0,subject_difficulty,positive
James Kreines ,Philosophy department,4.0,5.0,subject_difficulty,positive
James Kreines ,Philosophy department,4.5,4.0,study_material,positive
Joel Mackey ,Chemistry department,3.0,5.0,doubt_solving,negative
Joel Mackey ,Chemistry department,3.0,5.0,study_material,negative
Joel Mackey ,Chemistry department,3.0,5.0,practical_sessions,negative
Joel Mackey ,Chemistry department,3.0,5.0,subject_difficulty,negative
Joel Mackey ,Chemistry department,5.0,5.0,explanation_clarity,positive
Joel Mackey ,Chemistry department,5.0,5.0,doubt_solving,positive
Joel Mackey ,Chemistry department,5.0,5.0,study_material,positive
Joel Mackey ,Chemistry department,5.0,5.0,practical_sessions,positive
Joel Mackey ,Chemistry department,1.0,4.0,doubt_solving,negative
Joel Mackey ,Chemistry department,1.0,4.0,faculty_availability,negative
Joel Mackey ,Chemistry department,5.0,4.0,doubt_solving,positive
Joel Mackey ,Chemistry department,5.0,4.0,faculty_availability,positive
Joel Mackey ,Chemistry department,5.0,4.0,doubt_solving,positive
Joel Mackey ,Chemistry department,5.0,4.0,study_material,positive
Joel Mackey ,Chemistry department,5.0,4.0,subject_difficulty,positive
Joel Mackey ,Chemistry department,3.0,5.0,explanation_clarity,neutral
Joel Mackey ,Chemistry department,3.0,5.0,doubt_solving,neutral
Joel Mackey ,Chemistry department,3.0,5.0,practical_sessions,neutral
Joel Mackey ,Chemistry department,4.0,3.0,explanation_clarity,positive
Joel Mackey ,Chemistry department,4.0,3.0,practical_sessions,positive
Joel Mackey ,Chemistry department,4.0,3.0,subject_difficulty,positive
Peter Uvin ,Government department,5.0,4.0,study_material,positive
Peter Uvin ,Government department,5.0,4.0,practical_sessions,positive
Peter Uvin ,Government department,5.0,4.0,subject_difficulty,positive
Peter Uvin ,Government department,5.0,3.0,explanation_clarity,positive
Peter Uvin ,Government department,5.0,3.0,doubt_solving,positive
Peter Uvin ,Government department,5.0,3.0,study_material,positive
Peter Uvin ,Government department,5.0,2.0,faculty_availability,positive
Peter Uvin ,Government department,1.0,2.0,doubt_solving,negative
Peter Uvin ,Government department,1.0,2.0,study_material,negative
Peter Uvin ,Government department,1.0,2.0,practical_sessions,negative
Peter Uvin ,Government department,1.0,2.0,subject_difficulty,negative
Peter Uvin ,Government department,2.0,3.0,doubt_solving,neutral
Peter Uvin ,Government department,2.0,3.0,study_material,neutral
Peter Uvin ,Government department,1.0,3.0,doubt_solving,negative
Peter Uvin ,Government department,1.0,3.0,study_material,negative
Peter Uvin ,Government department,5.0,3.0,study_material,positive
Peter Uvin ,Government department,5.0,3.0,subject_difficulty,positive
Findley Finseth ,Biology department,5.0,3.0,explanation_clarity,positive
Findley Finseth ,Biology department,5.0,3.0,doubt_solving,positive
Findley Finseth ,Biology department,5.0,3.0,explanation_clarity,positive
Findley Finseth ,Biology department,5.0,3.0,doubt_solving,positive
Findley Finseth ,Biology department,5.0,3.0,faculty_availability,positive
Findley Finseth ,Biology department,5.0,3.0,explanation_clarity,positive
Findley Finseth ,Biology department,5.0,3.0,doubt_solving,positive
Findley Finseth ,Biology department,5.0,3.0,practical_sessions,positive
Findley Finseth ,Biology department,5.0,4.0,explanation_clarity,positive
Findley Finseth ,Biology department,5.0,4.0,teaching_pace,positive
Findley Finseth ,Biology department,5.0,4.0,doubt_solving,positive
Findley Finseth ,Biology department,5.0,4.0,study_material,positive
Findley Finseth ,Biology department,5.0,4.0,practical_sessions,positive
Findley Finseth ,Biology department,5.0,4.0,faculty_availability,positive
Findley Finseth ,Biology department,5.0,4.0,subject_difficulty,positive
Findley Finseth ,Biology department,5.0,3.0,doubt_solving,positive
Findley Finseth ,Biology department,5.0,3.0,study_material,positive
Findley Finseth ,Biology department,5.0,3.0,practical_sessions,positive
Findley Finseth ,Biology department,5.0,3.0,faculty_availability,positive
Findley Finseth ,Biology department,5.0,2.0,explanation_clarity,positive
Findley Finseth ,Biology department,5.0,2.0,study_material,positive
Findley Finseth ,Biology department,5.0,2.0,practical_sessions,positive
Findley Finseth ,Biology department,5.0,4.0,explanation_clarity,positive
Findley Finseth ,Biology department,5.0,4.0,doubt_solving,positive
Findley Finseth ,Biology department,5.0,4.0,study_material,positive
Findley Finseth ,Biology department,5.0,4.0,practical_sessions,positive
Findley Finseth ,Biology department,5.0,4.0,faculty_availability,positive
Findley Finseth ,Biology department,5.0,4.0,subject_difficulty,positive
Findley Finseth ,Biology department,4.0,3.0,explanation_clarity,positive
Findley Finseth ,Biology department,4.0,3.0,teaching_pace,positive
Findley Finseth ,Biology department,4.0,3.0,study_material,positive
Findley Finseth ,Biology department,4.0,3.0,practical_sessions,positive
Findley Finseth ,Biology department,3.0,4.0,explanation_clarity,negative
Findley Finseth ,Biology department,3.0,4.0,teaching_pace,negative
Findley Finseth ,Biology department,3.0,4.0,doubt_solving,neutral
Findley Finseth ,Biology department,3.0,4.0,study_material,negative
Findley Finseth ,Biology department,3.0,4.0,faculty_availability,neutral
Findley Finseth ,Biology department,3.0,4.0,subject_difficulty,negative
Findley Finseth ,Biology department,2.0,4.0,explanation_clarity,negative
Findley Finseth ,Biology department,2.0,4.0,teaching_pace,negative
Findley Finseth ,Biology department,2.0,4.0,study_material,negative
Findley Finseth ,Biology department,2.0,4.0,practical_sessions,negative
Findley Finseth ,Biology department,2.0,4.0,subject_difficulty,negative
Pete Chandrangsu ,Biology department,5.0,2.0,explanation_clarity,neutral
Pete Chandrangsu ,Biology department,5.0,2.0,doubt_solving,neutral
Pete Chandrangsu ,Biology department,5.0,2.0,explanation_clarity,positive
Pete Chandrangsu ,Biology department,5.0,2.0,doubt_solving,positive
Pete Chandrangsu ,Biology department,5.0,2.0,practical_sessions,positive
Pete Chandrangsu ,Biology department,4.0,2.0,study_material,positive
Pete Chandrangsu ,Biology department,4.0,2.0,practical_sessions,positive
Pete Chandrangsu ,Biology department,4.0,2.0,subject_difficulty,positive
Pete Chandrangsu ,Biology department,2.0,2.0,explanation_clarity,negative
Pete Chandrangsu ,Biology department,2.0,2.0,subject_difficulty,negative
Pete Chandrangsu ,Biology department,3.0,3.0,explanation_clarity,negative
Pete Chandrangsu ,Biology department,3.0,3.0,doubt_solving,negative
Pete Chandrangsu ,Biology department,3.0,3.0,study_material,negative
Pete Chandrangsu ,Biology department,3.0,3.0,practical_sessions,negative
Pete Chandrangsu ,Biology department,5.0,2.0,study_material,positive
Pete Chandrangsu ,Biology department,5.0,2.0,practical_sessions,positive
Pete Chandrangsu ,Biology department,5.0,2.0,subject_difficulty,positive
Ricardo Fernholz ,Economics department,4.0,5.0,study_material,neutral
Ricardo Fernholz ,Economics department,4.0,5.0,practical_sessions,neutral
Ricardo Fernholz ,Economics department,4.0,5.0,subject_difficulty,neutral
Ricardo Fernholz ,Economics department,3.0,4.0,practical_sessions,positive
Ricardo Fernholz ,Economics department,3.0,4.0,subject_difficulty,positive
Ricardo Fernholz ,Economics department,4.0,4.0,explanation_clarity,positive
Ricardo Fernholz ,Economics department,4.0,4.0,doubt_solving,positive
Ricardo Fernholz ,Economics department,4.0,4.0,study_material,positive
Ricardo Fernholz ,Economics department,4.0,4.0,practical_sessions,positive
Ricardo Fernholz ,Economics department,4.0,4.0,subject_difficulty,positive
Ricardo Fernholz ,Economics department,5.0,4.0,explanation_clarity,positive
Ricardo Fernholz ,Economics department,5.0,4.0,doubt_solving,positive
Ricardo Fernholz ,Economics department,5.0,4.0,subject_difficulty,positive
Ricardo Fernholz ,Economics department,4.0,4.0,doubt_solving,negative
Ricardo Fernholz ,Economics department,4.0,4.0,study_material,negative
Ricardo Fernholz ,Economics department,4.0,4.0,practical_sessions,negative
Ricardo Fernholz ,Economics department,4.0,4.0,faculty_availability,negative
Ricardo Fernholz ,Economics department,5.0,3.0,study_material,positive
Ricardo Fernholz ,Economics department,3.0,5.0,study_material,negative
Ricardo Fernholz ,Economics department,3.0,5.0,practical_sessions,negative
Ricardo Fernholz ,Economics department,3.0,5.0,subject_difficulty,negative
Ricardo Fernholz ,Economics department,4.0,5.0,doubt_solving,positive
Ricardo Fernholz ,Economics department,4.0,5.0,practical_sessions,positive
Ricardo Fernholz ,Economics department,4.0,5.0,subject_difficulty,positive
Ricardo Fernholz ,Economics department,3.0,3.0,explanation_clarity,negative
Ricardo Fernholz ,Economics department,3.0,3.0,teaching_pace,negative
Ricardo Fernholz ,Economics department,3.0,3.0,doubt_solving,negative
Ricardo Fernholz ,Economics department,3.0,3.0,practical_sessions,negative
Ricardo Fernholz ,Economics department,3.0,3.0,faculty_availability,negative
Ricardo Fernholz ,Economics department,5.0,3.0,explanation_clarity,positive
Ricardo Fernholz ,Economics department,5.0,3.0,doubt_solving,positive
Ricardo Fernholz ,Economics department,5.0,3.0,study_material,positive
Ricardo Fernholz ,Economics department,5.0,3.0,practical_sessions,positive
Ricardo Fernholz ,Economics department,5.0,3.0,subject_difficulty,positive
Ricardo Fernholz ,Economics department,5.0,4.0,explanation_clarity,positive
Ricardo Fernholz ,Economics department,5.0,4.0,doubt_solving,positive
Ricardo Fernholz ,Economics department,5.0,4.0,practical_sessions,positive
Ricardo Fernholz ,Economics department,5.0,4.0,faculty_availability,positive
Ricardo Fernholz ,Economics department,5.0,3.0,explanation_clarity,positive
Ricardo Fernholz ,Economics department,5.0,3.0,doubt_solving,positive
Ricardo Fernholz ,Economics department,5.0,3.0,study_material,positive
Ricardo Fernholz ,Economics department,5.0,3.0,practical_sessions,positive
Ricardo Fernholz ,Economics department,5.0,3.0,faculty_availability,positive
Ricardo Fernholz ,Economics department,5.0,3.0,subject_difficulty,positive
Ricardo Fernholz ,Economics department,5.0,3.0,doubt_solving,positive
Ricardo Fernholz ,Economics department,5.0,3.0,study_material,positive
Ricardo Fernholz ,Economics department,5.0,3.0,faculty_availability,positive
Ricardo Fernholz ,Economics department,4.5,3.0,explanation_clarity,positive
Ricardo Fernholz ,Economics department,4.5,3.0,study_material,positive
Ricardo Fernholz ,Economics department,4.5,3.0,practical_sessions,positive
Ricardo Fernholz ,Economics department,5.0,3.0,doubt_solving,positive
Ricardo Fernholz ,Economics department,5.0,3.0,practical_sessions,positive
Ricardo Fernholz ,Economics department,5.0,3.0,subject_difficulty,positive
Ricardo Fernholz ,Economics department,4.5,3.0,doubt_solving,positive
Ricardo Fernholz ,Economics department,4.5,3.0,practical_sessions,positive
Ricardo Fernholz ,Economics department,4.5,3.0,faculty_availability,positive
Ricardo Fernholz ,Economics department,4.5,3.0,subject_difficulty,positive
Ricardo Fernholz ,Economics department,5.0,4.0,explanation_clarity,positive
Ricardo Fernholz ,Economics department,5.0,4.0,teaching_pace,positive
Ricardo Fernholz ,Economics department,5.0,4.0,practical_sessions,positive
Ricardo Fernholz ,Economics department,5.0,4.0,subject_difficulty,positive
Ricardo Fernholz ,Economics department,4.5,2.0,subject_difficulty,positive
Daniel Livesay ,History department,4.0,2.0,study_material,negative
Daniel Livesay ,History department,4.0,2.0,subject_difficulty,negative
Daniel Livesay ,History department,5.0,4.0,doubt_solving,positive
Daniel Livesay ,History department,5.0,4.0,faculty_availability,positive
Daniel Livesay ,History department,5.0,3.0,doubt_solving,positive
Daniel Livesay ,History department,5.0,2.0,study_material,positive
Daniel Livesay ,History department,5.0,2.0,practical_sessions,positive
Daniel Livesay ,History department,5.0,2.0,subject_difficulty,positive
Daniel Livesay ,History department,5.0,2.0,study_material,positive
Daniel Livesay ,History department,5.0,2.0,practical_sessions,positive
Daniel Livesay ,History department,5.0,3.0,explanation_clarity,positive
Daniel Livesay ,History department,5.0,3.0,doubt_solving,positive
Daniel Livesay ,History department,4.0,2.0,study_material,positive
Daniel Livesay ,History department,4.0,2.0,subject_difficulty,positive
Daniel Livesay ,History department,5.0,3.0,explanation_clarity,positive
Daniel Livesay ,History department,5.0,3.0,doubt_solving,positive
Daniel Livesay ,History department,5.0,3.0,study_material,positive
Jennifer Feitosa ,Psychology department,1.0,5.0,study_material,negative
Jennifer Feitosa ,Psychology department,1.0,5.0,practical_sessions,negative
Jennifer Feitosa ,Psychology department,1.0,5.0,subject_difficulty,negative
Jennifer Feitosa ,Psychology department,1.0,4.0,doubt_solving,negative
Jennifer Feitosa ,Psychology department,1.0,4.0,study_material,negative
Jennifer Feitosa ,Psychology department,1.0,4.0,practical_sessions,negative
Jennifer Feitosa ,Psychology department,1.0,4.0,subject_difficulty,negative
Jennifer Feitosa ,Psychology department,4.0,4.0,explanation_clarity,positive
Jennifer Feitosa ,Psychology department,4.0,4.0,doubt_solving,positive
Jennifer Feitosa ,Psychology department,4.0,4.0,study_material,positive
Jennifer Feitosa ,Psychology department,4.0,4.0,practical_sessions,positive
Jennifer Feitosa ,Psychology department,4.0,4.0,subject_difficulty,positive
Jennifer Feitosa ,Psychology department,1.0,5.0,subject_difficulty,positive
Jennifer Feitosa ,Psychology department,5.0,3.0,explanation_clarity,positive
Jennifer Feitosa ,Psychology department,5.0,3.0,doubt_solving,positive
Jennifer Feitosa ,Psychology department,5.0,3.0,practical_sessions,positive
Jennifer Feitosa ,Psychology department,5.0,3.0,faculty_availability,positive
Jennifer Feitosa ,Psychology department,5.0,3.0,faculty_availability,positive
Jennifer Feitosa ,Psychology department,5.0,3.0,subject_difficulty,positive
Dustin Locke ,Philosophy department,5.0,2.0,doubt_solving,positive
Dustin Locke ,Philosophy department,5.0,2.0,study_material,positive
Dustin Locke ,Philosophy department,5.0,2.0,practical_sessions,positive
Dustin Locke ,Philosophy department,5.0,2.0,subject_difficulty,positive
Dustin Locke ,Philosophy department,5.0,4.0,doubt_solving,positive
Dustin Locke ,Philosophy department,5.0,4.0,study_material,positive
Dustin Locke ,Philosophy department,5.0,4.0,practical_sessions,positive
Dustin Locke ,Philosophy department,5.0,4.0,subject_difficulty,positive
Dustin Locke ,Philosophy department,5.0,4.0,doubt_solving,positive
Dustin Locke ,Philosophy department,5.0,4.0,study_material,positive
Dustin Locke ,Philosophy department,5.0,4.0,practical_sessions,positive
Dustin Locke ,Philosophy department,5.0,3.0,doubt_solving,positive
Dustin Locke ,Philosophy department,5.0,3.0,study_material,positive
Dustin Locke ,Philosophy department,4.0,4.0,study_material,positive
Dustin Locke ,Philosophy department,4.0,4.0,practical_sessions,positive
Dustin Locke ,Philosophy department,5.0,4.0,explanation_clarity,positive
Dustin Locke ,Philosophy department,5.0,4.0,doubt_solving,positive
Dustin Locke ,Philosophy department,5.0,4.0,study_material,positive
Dustin Locke ,Philosophy department,5.0,4.0,faculty_availability,positive
Dustin Locke ,Philosophy department,5.0,4.0,doubt_solving,positive
Dustin Locke ,Philosophy department,5.0,4.0,study_material,positive
Dustin Locke ,Philosophy department,5.0,4.0,practical_sessions,positive
Dustin Locke ,Philosophy department,5.0,4.0,faculty_availability,positive
Dustin Locke ,Philosophy department,5.0,4.0,subject_difficulty,positive
Dustin Locke ,Philosophy department,5.0,3.0,doubt_solving,positive
Dustin Locke ,Philosophy department,5.0,3.0,study_material,positive
Dustin Locke ,Philosophy department,5.0,3.0,practical_sessions,positive
Dustin Locke ,Philosophy department,4.0,4.0,doubt_solving,positive
Dustin Locke ,Philosophy department,4.0,4.0,subject_difficulty,positive
Dustin Locke ,Philosophy department,1.0,5.0,doubt_solving,negative
Dustin Locke ,Philosophy department,1.0,5.0,subject_difficulty,negative
Dustin Locke ,Philosophy department,5.0,3.0,doubt_solving,positive
Dustin Locke ,Philosophy department,5.0,3.0,study_material,positive
Dustin Locke ,Philosophy department,5.0,3.0,faculty_availability,positive
Dustin Locke ,Philosophy department,4.0,4.0,explanation_clarity,positive
Dustin Locke ,Philosophy department,4.0,4.0,doubt_solving,positive
Dustin Locke ,Philosophy department,4.0,4.0,faculty_availability,positive
Dustin Locke ,Philosophy department,4.0,4.0,subject_difficulty,positive
Dustin Locke ,Philosophy department,4.5,4.0,doubt_solving,positive
Dustin Locke ,Philosophy department,4.5,4.0,practical_sessions,positive
Dustin Locke ,Philosophy department,4.5,4.0,faculty_availability,positive
Dustin Locke ,Philosophy department,4.5,4.0,subject_difficulty,positive
Dustin Locke ,Philosophy department,5.0,4.0,explanation_clarity,negative
Dustin Locke ,Philosophy department,5.0,4.0,doubt_solving,negative
Dustin Locke ,Philosophy department,5.0,4.0,faculty_availability,negative
Dustin Locke ,Philosophy department,5.0,4.0,subject_difficulty,positive
Dustin Locke ,Philosophy department,5.0,3.0,doubt_solving,positive
Dustin Locke ,Philosophy department,5.0,3.0,subject_difficulty,positive
Dustin Locke ,Philosophy department,5.0,4.0,explanation_clarity,positive
Dustin Locke ,Philosophy department,5.0,4.0,doubt_solving,positive
Dustin Locke ,Philosophy department,5.0,4.0,faculty_availability,positive
Dustin Locke ,Philosophy department,4.5,4.0,doubt_solving,positive
Dustin Locke ,Philosophy department,4.0,4.0,doubt_solving,positive
Dustin Locke ,Philosophy department,4.0,4.0,faculty_availability,positive
Dustin Locke ,Philosophy department,4.0,4.0,subject_difficulty,positive
Dustin Locke ,Philosophy department,1.0,5.0,subject_difficulty,negative
Dustin Locke ,Philosophy department,2.0,5.0,doubt_solving,negative
Dustin Locke ,Philosophy department,2.0,5.0,faculty_availability,negative
Dustin Locke ,Philosophy department,1.5,5.0,doubt_solving,negative
Dustin Locke ,Philosophy department,1.5,5.0,study_material,negative
Dustin Locke ,Philosophy department,4.5,5.0,explanation_clarity,positive
Dustin Locke ,Philosophy department,4.5,5.0,doubt_solving,positive
Dustin Locke ,Philosophy department,4.5,5.0,faculty_availability,positive
Dustin Locke ,Philosophy department,4.5,5.0,subject_difficulty,positive
Dustin Locke ,Philosophy department,2.0,5.0,teaching_pace,negative
Dustin Locke ,Philosophy department,2.0,5.0,subject_difficulty,negative
Dustin Locke ,Philosophy department,3.0,4.0,subject_difficulty,neutral
Nicole Altamirano ,Modern Languages department,3.0,3.0,explanation_clarity,negative
Nicole Altamirano ,Modern Languages department,3.0,3.0,doubt_solving,negative
Nicole Altamirano ,Modern Languages department,3.0,3.0,practical_sessions,negative
Nicole Altamirano ,Modern Languages department,3.0,3.0,subject_difficulty,negative
Nicole Altamirano ,Modern Languages department,5.0,2.0,explanation_clarity,positive
Nicole Altamirano ,Modern Languages department,5.0,2.0,practical_sessions,positive
Nicole Altamirano ,Modern Languages department,2.0,4.0,practical_sessions,negative
Nicole Altamirano ,Modern Languages department,2.0,4.0,faculty_availability,negative
Nicole Altamirano ,Modern Languages department,5.0,3.0,subject_difficulty,positive
Nicole Altamirano ,Modern Languages department,4.0,2.0,teaching_pace,positive
Nicole Altamirano ,Modern Languages department,4.0,2.0,doubt_solving,positive
Nicole Altamirano ,Modern Languages department,4.0,2.0,study_material,positive
Nicole Altamirano ,Modern Languages department,4.0,2.0,faculty_availability,positive
Nicole Altamirano ,Modern Languages department,5.0,2.0,explanation_clarity,positive
Nicole Altamirano ,Modern Languages department,5.0,2.0,practical_sessions,positive
Nicole Altamirano ,Modern Languages department,5.0,2.0,faculty_availability,positive
Nicole Altamirano ,Modern Languages department,5.0,2.0,subject_difficulty,positive
Nicole Altamirano ,Modern Languages department,4.0,2.0,doubt_solving,positive
Nicole Altamirano ,Modern Languages department,4.0,2.0,study_material,positive
Nicole Altamirano ,Modern Languages department,4.0,2.0,practical_sessions,positive
Nicole Altamirano ,Modern Languages department,4.0,2.0,subject_difficulty,positive
Nicole Altamirano ,Modern Languages department,5.0,3.0,study_material,positive
Nicole Altamirano ,Modern Languages department,5.0,3.0,practical_sessions,positive
Nicole Altamirano ,Modern Languages department,5.0,3.0,subject_difficulty,positive
Nicole Altamirano ,Modern Languages department,5.0,3.0,explanation_clarity,positive
Nicole Altamirano ,Modern Languages department,5.0,3.0,doubt_solving,positive
Nicole Altamirano ,Modern Languages department,5.0,3.0,study_material,positive
Nicole Altamirano ,Modern Languages department,5.0,3.0,practical_sessions,positive
Nicole Altamirano ,Modern Languages department,5.0,3.0,faculty_availability,positive
Nicole Altamirano ,Modern Languages department,5.0,2.0,doubt_solving,positive
Nicole Altamirano ,Modern Languages department,5.0,2.0,practical_sessions,positive
Nicole Altamirano ,Modern Languages department,5.0,3.0,doubt_solving,positive
Nicole Altamirano ,Modern Languages department,5.0,3.0,practical_sessions,positive
Nicole Altamirano ,Modern Languages department,5.0,3.0,faculty_availability,positive
Nicole Altamirano ,Modern Languages department,5.0,3.0,subject_difficulty,positive
Nicole Altamirano ,Modern Languages department,5.0,1.0,doubt_solving,positive
Nicole Altamirano ,Modern Languages department,3.0,3.0,subject_difficulty,positive
Nicole Altamirano ,Modern Languages department,5.0,2.0,doubt_solving,positive
Nicole Altamirano ,Modern Languages department,5.0,2.0,faculty_availability,positive
Nicole Altamirano ,Modern Languages department,3.5,2.0,explanation_clarity,positive
Nicole Altamirano ,Modern Languages department,3.5,2.0,study_material,positive
Nicole Altamirano ,Modern Languages department,4.5,2.0,practical_sessions,positive
Nicole Altamirano ,Modern Languages department,4.5,2.0,subject_difficulty,positive
Nicole Altamirano ,Modern Languages department,5.0,2.0,doubt_solving,positive
Nicole Altamirano ,Modern Languages department,5.0,2.0,subject_difficulty,positive
Nicole Altamirano ,Modern Languages department,2.5,3.0,study_material,neutral
Nicole Altamirano ,Modern Languages department,5.0,3.0,doubt_solving,positive
Nicole Altamirano ,Modern Languages department,5.0,3.0,practical_sessions,positive
Nicole Altamirano ,Modern Languages department,4.5,2.0,subject_difficulty,positive
Nicole Altamirano ,Modern Languages department,4.0,2.0,doubt_solving,positive
Nicole Altamirano ,Modern Languages department,4.0,2.0,study_material,positive
Nicole Altamirano ,Modern Languages department,4.0,2.0,practical_sessions,positive
Nicole Altamirano ,Modern Languages department,5.0,2.0,doubt_solving,positive
Nicole Altamirano ,Modern Languages department,4.5,2.0,subject_difficulty,positive
Nicole Altamirano ,Modern Languages department,4.0,3.0,doubt_solving,positive
Nicole Altamirano ,Modern Languages department,4.0,3.0,practical_sessions,positive
Nicole Altamirano ,Modern Languages department,4.0,3.0,subject_difficulty,positive
Nicole Altamirano ,Modern Languages department,5.0,3.0,practical_sessions,positive
Nicole Altamirano ,Modern Languages department,3.5,3.0,study_material,positive
John J. Pitney ,Government department,5.0,3.0,explanation_clarity,positive
John J. Pitney ,Government department,5.0,3.0,subject_difficulty,positive
John J. Pitney ,Government department,4.0,5.0,doubt_solving,positive
John J. Pitney ,Government department,4.0,5.0,study_material,positive
John J. Pitney ,Government department,4.0,5.0,faculty_availability,positive
John J. Pitney ,Government department,5.0,3.0,explanation_clarity,positive
John J. Pitney ,Government department,5.0,4.0,explanation_clarity,positive
John J. Pitney ,Government department,5.0,4.0,doubt_solving,positive
John J. Pitney ,Government department,5.0,4.0,subject_difficulty,positive
John J. Pitney ,Government department,5.0,3.0,faculty_availability,negative
John J. Pitney ,Government department,4.5,4.0,practical_sessions,positive
John J. Pitney ,Government department,5.0,4.0,doubt_solving,positive
John J. Pitney ,Government department,5.0,4.0,subject_difficulty,positive
John J. Pitney ,Government department,4.5,3.0,doubt_solving,positive
John J. Pitney ,Government department,4.5,2.0,study_material,positive
John J. Pitney ,Government department,5.0,3.0,doubt_solving,positive
John J. Pitney ,Government department,5.0,4.0,doubt_solving,negative
John J. Pitney ,Government department,5.0,4.0,subject_difficulty,negative
John J. Pitney ,Government department,5.0,4.0,doubt_solving,positive
John J. Pitney ,Government department,5.0,4.0,subject_difficulty,positive
John J. Pitney ,Government department,5.0,3.0,explanation_clarity,positive
John J. Pitney ,Government department,3.5,4.0,subject_difficulty,negative
John J. Pitney ,Government department,4.5,4.0,explanation_clarity,negative
John J. Pitney ,Government department,4.5,4.0,study_material,negative
John J. Pitney ,Government department,5.0,3.0,faculty_availability,positive
John J. Pitney ,Government department,3.5,3.0,explanation_clarity,positive
John J. Pitney ,Government department,4.0,5.0,study_material,positive
John J. Pitney ,Government department,4.0,5.0,subject_difficulty,positive
John J. Pitney ,Government department,3.5,4.0,subject_difficulty,negative
John J. Pitney ,Government department,3.0,4.0,doubt_solving,positive
John J. Pitney ,Government department,3.0,4.0,study_material,positive
John J. Pitney ,Government department,3.0,4.0,faculty_availability,positive
John J. Pitney ,Government department,3.0,4.0,subject_difficulty,positive
John J. Pitney ,Government department,4.5,4.0,teaching_pace,positive
John J. Pitney ,Government department,4.5,4.0,study_material,positive
John J. Pitney ,Government department,4.0,5.0,subject_difficulty,neutral
John J. Pitney ,Government department,5.0,4.0,explanation_clarity,positive
John J. Pitney ,Government department,2.5,3.0,doubt_solving,positive
John J. Pitney ,Government department,5.0,5.0,subject_difficulty,positive
John J. Pitney ,Government department,3.0,3.0,doubt_solving,positive
John J. Pitney ,Government department,5.0,3.0,doubt_solving,positive
John J. Pitney ,Government department,5.0,4.0,doubt_solving,positive
John J. Pitney ,Government department,5.0,4.0,doubt_solving,positive
John J. Pitney ,Government department,5.0,3.0,explanation_clarity,positive
John J. Pitney ,Government department,5.0,3.0,doubt_solving,positive
John J. Pitney ,Government department,5.0,3.0,study_material,positive
John J. Pitney ,Government department,5.0,3.0,faculty_availability,positive
John J. Pitney ,Government department,5.0,3.0,subject_difficulty,positive
John J. Pitney ,Government department,4.5,4.0,doubt_solving,positive
John J. Pitney ,Government department,4.5,4.0,study_material,positive
John J. Pitney ,Government department,4.5,4.0,subject_difficulty,positive
John J. Pitney ,Government department,1.0,4.0,subject_difficulty,negative
John J. Pitney ,Government department,5.0,3.0,explanation_clarity,positive
John J. Pitney ,Government department,5.0,3.0,teaching_pace,positive
John J. Pitney ,Government department,5.0,3.0,doubt_solving,positive
John J. Pitney ,Government department,3.0,5.0,subject_difficulty,positive
John J. Pitney ,Government department,5.0,4.0,practical_sessions,positive
John J. Pitney ,Government department,5.0,4.0,subject_difficulty,positive
John J. Pitney ,Government department,5.0,4.0,doubt_solving,positive
John J. Pitney ,Government department,5.0,4.0,faculty_availability,positive
John J. Pitney ,Government department,5.0,4.0,subject_difficulty,positive
John J. Pitney ,Government department,4.5,4.0,subject_difficulty,positive
Asuman Aksoy ,Mathematics department,4.0,3.0,explanation_clarity,positive
Asuman Aksoy ,Mathematics department,4.0,3.0,study_material,positive
Asuman Aksoy ,Mathematics department,4.0,3.0,practical_sessions,positive
Asuman Aksoy ,Mathematics department,4.0,3.0,subject_difficulty,positive
Asuman Aksoy ,Mathematics department,4.0,4.0,explanation_clarity,neutral
Asuman Aksoy ,Mathematics department,4.0,4.0,doubt_solving,neutral
Asuman Aksoy ,Mathematics department,4.0,4.0,study_material,neutral
Asuman Aksoy ,Mathematics department,4.0,4.0,practical_sessions,neutral
Asuman Aksoy ,Mathematics department,4.0,4.0,subject_difficulty,neutral
Asuman Aksoy ,Mathematics department,1.0,3.0,explanation_clarity,negative
Asuman Aksoy ,Mathematics department,1.0,3.0,doubt_solving,negative
Asuman Aksoy ,Mathematics department,1.0,3.0,study_material,negative
Asuman Aksoy ,Mathematics department,1.0,3.0,practical_sessions,negative
Asuman Aksoy ,Mathematics department,1.0,3.0,faculty_availability,negative
Asuman Aksoy ,Mathematics department,1.0,3.0,explanation_clarity,negative
Asuman Aksoy ,Mathematics department,1.0,3.0,doubt_solving,negative
Asuman Aksoy ,Mathematics department,1.0,3.0,subject_difficulty,negative
Asuman Aksoy ,Mathematics department,3.0,2.0,explanation_clarity,negative
Asuman Aksoy ,Mathematics department,3.0,2.0,subject_difficulty,negative
Asuman Aksoy ,Mathematics department,4.0,4.0,explanation_clarity,positive
Asuman Aksoy ,Mathematics department,4.0,4.0,study_material,positive
Asuman Aksoy ,Mathematics department,4.0,4.0,practical_sessions,positive
Asuman Aksoy ,Mathematics department,4.0,4.0,subject_difficulty,positive
Asuman Aksoy ,Mathematics department,3.0,5.0,study_material,negative
Asuman Aksoy ,Mathematics department,3.0,5.0,practical_sessions,negative
Asuman Aksoy ,Mathematics department,3.0,5.0,faculty_availability,negative
Asuman Aksoy ,Mathematics department,3.0,5.0,subject_difficulty,negative
Asuman Aksoy ,Mathematics department,5.0,3.0,study_material,positive
Asuman Aksoy ,Mathematics department,5.0,3.0,practical_sessions,positive
Asuman Aksoy ,Mathematics department,5.0,4.0,practical_sessions,positive
Asuman Aksoy ,Mathematics department,3.5,5.0,teaching_pace,negative
Asuman Aksoy ,Mathematics department,3.5,5.0,doubt_solving,negative
Asuman Aksoy ,Mathematics department,3.5,5.0,study_material,negative
Asuman Aksoy ,Mathematics department,3.5,5.0,subject_difficulty,negative
Asuman Aksoy ,Mathematics department,4.0,4.0,doubt_solving,positive
Asuman Aksoy ,Mathematics department,4.0,4.0,practical_sessions,positive
Asuman Aksoy ,Mathematics department,4.0,4.0,subject_difficulty,positive
Asuman Aksoy ,Mathematics department,2.0,3.0,explanation_clarity,negative
Asuman Aksoy ,Mathematics department,2.0,3.0,study_material,negative
Asuman Aksoy ,Mathematics department,4.0,4.0,explanation_clarity,neutral
Asuman Aksoy ,Mathematics department,5.0,4.0,explanation_clarity,positive
Asuman Aksoy ,Mathematics department,5.0,4.0,doubt_solving,positive
Asuman Aksoy ,Mathematics department,5.0,4.0,practical_sessions,positive
Asuman Aksoy ,Mathematics department,5.0,4.0,faculty_availability,positive
Asuman Aksoy ,Mathematics department,3.5,5.0,doubt_solving,negative
Asuman Aksoy ,Mathematics department,3.5,5.0,practical_sessions,negative
Asuman Aksoy ,Mathematics department,3.5,5.0,subject_difficulty,negative
Asuman Aksoy ,Mathematics department,3.5,5.0,doubt_solving,negative
Asuman Aksoy ,Mathematics department,3.5,5.0,study_material,negative
Asuman Aksoy ,Mathematics department,3.5,5.0,subject_difficulty,negative
Asuman Aksoy ,Mathematics department,5.0,2.0,explanation_clarity,negative
Asuman Aksoy ,Mathematics department,5.0,2.0,practical_sessions,positive
Asuman Aksoy ,Mathematics department,5.0,2.0,subject_difficulty,negative
Asuman Aksoy ,Mathematics department,1.0,1.0,subject_difficulty,negative
Asuman Aksoy ,Mathematics department,4.0,5.0,teaching_pace,positive
Asuman Aksoy ,Mathematics department,4.0,5.0,doubt_solving,positive
Asuman Aksoy ,Mathematics department,4.0,5.0,practical_sessions,positive
Asuman Aksoy ,Mathematics department,4.0,5.0,faculty_availability,positive
Asuman Aksoy ,Mathematics department,4.0,5.0,subject_difficulty,positive
Asuman Aksoy ,Mathematics department,5.0,4.0,teaching_pace,positive
Asuman Aksoy ,Mathematics department,5.0,4.0,doubt_solving,positive
Asuman Aksoy ,Mathematics department,5.0,4.0,practical_sessions,positive
Asuman Aksoy ,Mathematics department,5.0,4.0,subject_difficulty,positive
Asuman Aksoy ,Mathematics department,4.0,3.0,doubt_solving,positive
Asuman Aksoy ,Mathematics department,4.0,3.0,practical_sessions,positive
Asuman Aksoy ,Mathematics department,4.0,3.0,subject_difficulty,positive
Asuman Aksoy ,Mathematics department,4.5,4.0,doubt_solving,positive
Asuman Aksoy ,Mathematics department,4.5,4.0,faculty_availability,positive
Asuman Aksoy ,Mathematics department,3.0,4.0,practical_sessions,positive
Asuman Aksoy ,Mathematics department,3.0,4.0,subject_difficulty,positive
Asuman Aksoy ,Mathematics department,5.0,3.0,explanation_clarity,positive
Asuman Aksoy ,Mathematics department,5.0,3.0,doubt_solving,positive
Asuman Aksoy ,Mathematics department,5.0,3.0,teaching_pace,positive
Asuman Aksoy ,Mathematics department,5.0,3.0,doubt_solving,positive
Asuman Aksoy ,Mathematics department,5.0,3.0,study_material,positive
Asuman Aksoy ,Mathematics department,5.0,3.0,explanation_clarity,positive
Asuman Aksoy ,Mathematics department,5.0,2.0,explanation_clarity,positive
Asuman Aksoy ,Mathematics department,5.0,2.0,doubt_solving,positive
Asuman Aksoy ,Mathematics department,5.0,2.0,practical_sessions,positive
Asuman Aksoy ,Mathematics department,5.0,2.0,subject_difficulty,positive
Asuman Aksoy ,Mathematics department,3.5,2.0,teaching_pace,positive
Asuman Aksoy ,Mathematics department,3.5,2.0,doubt_solving,positive
Asuman Aksoy ,Mathematics department,3.5,2.0,faculty_availability,positive
Asuman Aksoy ,Mathematics department,3.5,2.0,subject_difficulty,positive
Asuman Aksoy ,Mathematics department,5.0,4.0,explanation_clarity,positive
Asuman Aksoy ,Mathematics department,5.0,4.0,doubt_solving,positive
Asuman Aksoy ,Mathematics department,5.0,4.0,practical_sessions,positive
Asuman Aksoy ,Mathematics department,5.0,4.0,subject_difficulty,positive
Asuman Aksoy ,Mathematics department,4.5,4.0,doubt_solving,positive
Asuman Aksoy ,Mathematics department,4.5,4.0,study_material,positive
Asuman Aksoy ,Mathematics department,4.5,3.0,teaching_pace,positive
Asuman Aksoy ,Mathematics department,4.5,3.0,study_material,positive
Chloe Martinez ,Religious Studies department,3.0,4.0,explanation_clarity,neutral
Chloe Martinez ,Religious Studies department,3.0,4.0,doubt_solving,positive
Chloe Martinez ,Religious Studies department,3.0,4.0,study_material,positive
Chloe Martinez ,Religious Studies department,3.0,4.0,practical_sessions,positive
Chloe Martinez ,Religious Studies department,5.0,3.0,explanation_clarity,positive
Chloe Martinez ,Religious Studies department,5.0,3.0,doubt_solving,positive
Chloe Martinez ,Religious Studies department,5.0,3.0,study_material,positive
Chloe Martinez ,Religious Studies department,4.0,2.0,explanation_clarity,negative
Chloe Martinez ,Religious Studies department,4.0,2.0,subject_difficulty,negative
Ken Miller ,Government department,3.0,4.0,explanation_clarity,neutral
Ken Miller ,Government department,3.0,4.0,doubt_solving,neutral
Ken Miller ,Government department,3.0,4.0,study_material,neutral
Ken Miller ,Government department,3.0,4.0,faculty_availability,neutral
Ken Miller ,Government department,3.0,4.0,subject_difficulty,neutral
Ken Miller ,Government department,4.0,4.0,explanation_clarity,positive
Ken Miller ,Government department,4.0,4.0,doubt_solving,positive
Ken Miller ,Government department,4.0,4.0,practical_sessions,positive
Ken Miller ,Government department,4.0,4.0,faculty_availability,positive
Ken Miller ,Government department,5.0,3.0,doubt_solving,positive
Ken Miller ,Government department,5.0,3.0,study_material,positive
Ken Miller ,Government department,5.0,3.0,faculty_availability,positive
Ken Miller ,Government department,5.0,3.0,doubt_solving,positive
Ken Miller ,Government department,5.0,3.0,study_material,positive
Ken Miller ,Government department,5.0,3.0,faculty_availability,positive
Ken Miller ,Government department,5.0,3.0,explanation_clarity,positive
Ken Miller ,Government department,5.0,3.0,teaching_pace,positive
Ken Miller ,Government department,3.5,3.0,explanation_clarity,positive
Ken Miller ,Government department,3.5,3.0,doubt_solving,positive
Ken Miller ,Government department,3.5,3.0,study_material,positive
Ken Miller ,Government department,3.5,3.0,practical_sessions,positive
Ken Miller ,Government department,3.5,3.0,subject_difficulty,positive
Ken Miller ,Government department,4.0,2.0,explanation_clarity,negative
Ken Miller ,Government department,4.0,2.0,doubt_solving,negative
Ken Miller ,Government department,4.0,2.0,study_material,negative
Ken Miller ,Government department,4.0,2.0,practical_sessions,negative
Ken Miller ,Government department,4.0,2.0,subject_difficulty,negative
Ken Miller ,Government department,4.5,3.0,explanation_clarity,positive
Ken Miller ,Government department,4.5,3.0,teaching_pace,positive
Ken Miller ,Government department,4.5,3.0,doubt_solving,positive
Ken Miller ,Government department,4.5,3.0,faculty_availability,positive
Ken Miller ,Government department,4.5,3.0,subject_difficulty,positive
Ken Miller ,Government department,3.0,3.0,doubt_solving,positive
Ken Miller ,Government department,3.0,3.0,faculty_availability,positive
Ken Miller ,Government department,5.0,3.0,subject_difficulty,positive
Ken Miller ,Government department,5.0,3.0,study_material,positive
Ken Miller ,Government department,5.0,3.0,practical_sessions,positive
Ken Miller ,Government department,5.0,3.0,subject_difficulty,positive
Ken Miller ,Government department,4.0,3.0,doubt_solving,positive
Ken Miller ,Government department,4.0,3.0,practical_sessions,positive
Ken Miller ,Government department,5.0,2.0,explanation_clarity,positive
Ken Miller ,Government department,5.0,2.0,doubt_solving,positive
Ken Miller ,Government department,5.0,2.0,practical_sessions,positive
Ken Miller ,Government department,5.0,2.0,faculty_availability,positive
Ken Miller ,Government department,5.0,2.0,subject_difficulty,positive
Ken Miller ,Government department,4.0,3.0,doubt_solving,positive
Ken Miller ,Government department,4.0,3.0,practical_sessions,positive
Ken Miller ,Government department,3.0,4.0,study_material,positive
Ken Miller ,Government department,4.5,3.0,explanation_clarity,positive
Ken Miller ,Government department,5.0,4.0,explanation_clarity,positive
Ken Miller ,Government department,5.0,4.0,doubt_solving,positive
Ken Miller ,Government department,5.0,4.0,practical_sessions,positive
Ken Miller ,Government department,5.0,4.0,faculty_availability,positive
Ken Miller ,Government department,5.0,4.0,subject_difficulty,positive
Ken Miller ,Government department,4.5,4.0,doubt_solving,positive
Ken Miller ,Government department,4.5,4.0,faculty_availability,positive
Ken Miller ,Government department,4.5,4.0,subject_difficulty,positive
Ken Miller ,Government department,5.0,1.0,doubt_solving,positive
Ken Miller ,Government department,5.0,1.0,faculty_availability,positive
Ken Miller ,Government department,5.0,1.0,subject_difficulty,positive
Ken Miller ,Government department,5.0,3.0,study_material,positive
Ken Miller ,Government department,4.0,3.0,doubt_solving,positive
Ken Miller ,Government department,4.5,4.0,practical_sessions,positive
Ken Miller ,Government department,4.5,4.0,subject_difficulty,positive
Carlos Gonzales ,Modern Languages department,5.0,3.0,doubt_solving,positive
Carlos Gonzales ,Modern Languages department,5.0,3.0,faculty_availability,positive
Carlos Gonzales ,Modern Languages department,5.0,3.0,practical_sessions,positive
Carlos Gonzales ,Modern Languages department,5.0,3.0,subject_difficulty,positive
Carlos Gonzales ,Modern Languages department,4.0,4.0,doubt_solving,positive
Carlos Gonzales ,Modern Languages department,4.0,4.0,study_material,positive
Carlos Gonzales ,Modern Languages department,4.0,4.0,practical_sessions,positive
Carlos Gonzales ,Modern Languages department,4.0,4.0,faculty_availability,positive
Carlos Gonzales ,Modern Languages department,4.0,2.0,doubt_solving,positive
Carlos Gonzales ,Modern Languages department,4.0,2.0,practical_sessions,positive
Carlos Gonzales ,Modern Languages department,4.0,2.0,faculty_availability,positive
Carlos Gonzales ,Modern Languages department,5.0,2.0,doubt_solving,positive
Carlos Gonzales ,Modern Languages department,5.0,2.0,practical_sessions,positive
Carlos Gonzales ,Modern Languages department,5.0,2.0,subject_difficulty,positive
Carlos Gonzales ,Modern Languages department,5.0,3.0,explanation_clarity,positive
Carlos Gonzales ,Modern Languages department,5.0,3.0,doubt_solving,positive
Carlos Gonzales ,Modern Languages department,5.0,3.0,subject_difficulty,positive
Carlos Gonzales ,Modern Languages department,5.0,3.0,doubt_solving,positive
Carlos Gonzales ,Modern Languages department,5.0,3.0,faculty_availability,positive
Carlos Gonzales ,Modern Languages department,5.0,3.0,subject_difficulty,positive
Carlos Gonzales ,Modern Languages department,3.0,2.0,explanation_clarity,negative
Carlos Gonzales ,Modern Languages department,3.0,2.0,practical_sessions,negative
Carlos Gonzales ,Modern Languages department,3.0,2.0,subject_difficulty,negative
Carlos Gonzales ,Modern Languages department,3.0,1.0,explanation_clarity,positive
Carlos Gonzales ,Modern Languages department,3.5,2.0,practical_sessions,positive
Carlos Gonzales ,Modern Languages department,3.5,2.0,subject_difficulty,positive
Carlos Gonzales ,Modern Languages department,1.0,4.0,explanation_clarity,positive
Carlos Gonzales ,Modern Languages department,2.0,1.0,subject_difficulty,positive
Carlos Gonzales ,Modern Languages department,3.0,3.0,teaching_pace,neutral
Carlos Gonzales ,Modern Languages department,3.0,3.0,practical_sessions,neutral
Carlos Gonzales ,Modern Languages department,3.0,3.0,subject_difficulty,neutral
Carlos Gonzales ,Modern Languages department,1.0,4.0,study_material,negative
Carlos Gonzales ,Modern Languages department,4.0,2.0,study_material,positive
Carlos Gonzales ,Modern Languages department,4.0,2.0,practical_sessions,positive
Carlos Gonzales ,Modern Languages department,4.5,1.0,study_material,positive
Carlos Gonzales ,Modern Languages department,3.5,2.0,explanation_clarity,neutral
Carlos Gonzales ,Modern Languages department,3.5,2.0,practical_sessions,neutral
Carlos Gonzales ,Modern Languages department,3.5,2.0,subject_difficulty,neutral
Carlos Gonzales ,Modern Languages department,3.5,3.0,doubt_solving,negative
Carlos Gonzales ,Modern Languages department,3.5,3.0,faculty_availability,neutral
Carlos Gonzales ,Modern Languages department,3.0,4.0,doubt_solving,positive
Carlos Gonzales ,Modern Languages department,3.0,4.0,practical_sessions,positive
Carlos Gonzales ,Modern Languages department,3.0,4.0,faculty_availability,positive
Carlos Gonzales ,Modern Languages department,3.0,4.0,subject_difficulty,positive
Carlos Gonzales ,Modern Languages department,3.0,2.0,subject_difficulty,neutral
Thomas Schur ,Literature department,5.0,4.0,faculty_availability,positive
Thomas Schur ,Literature department,5.0,1.0,explanation_clarity,positive
Thomas Schur ,Literature department,5.0,1.0,doubt_solving,positive
Thomas Schur ,Literature department,5.0,1.0,subject_difficulty,positive
Thomas Schur ,Literature department,4.0,2.0,explanation_clarity,positive
Thomas Schur ,Literature department,4.0,2.0,doubt_solving,positive
Thomas Schur ,Literature department,4.0,1.0,doubt_solving,positive
Thomas Schur ,Literature department,4.0,1.0,faculty_availability,positive
Thomas Schur ,Literature department,5.0,2.0,study_material,positive
Thomas Schur ,Literature department,5.0,2.0,practical_sessions,positive
Thomas Schur ,Literature department,5.0,1.0,study_material,positive
Thomas Schur ,Literature department,5.0,1.0,practical_sessions,positive
Thomas Schur ,Literature department,5.0,1.0,subject_difficulty,positive
Thomas Schur ,Literature department,5.0,4.0,subject_difficulty,positive
Thomas Schur ,Literature department,3.0,4.0,doubt_solving,positive
Thomas Schur ,Literature department,3.0,4.0,faculty_availability,positive
Thomas Schur ,Literature department,4.0,5.0,doubt_solving,positive
Thomas Schur ,Literature department,4.0,5.0,faculty_availability,positive
Thomas Schur ,Literature department,3.0,2.0,study_material,positive
Thomas Schur ,Literature department,3.0,2.0,subject_difficulty,positive
Thomas Schur ,Literature department,4.0,1.0,subject_difficulty,negative
Thomas Schur ,Literature department,5.0,2.0,explanation_clarity,positive
Thomas Schur ,Literature department,5.0,2.0,doubt_solving,positive
Thomas Schur ,Literature department,5.0,2.0,faculty_availability,positive
Thomas Schur ,Literature department,4.0,2.0,explanation_clarity,positive
Thomas Schur ,Literature department,4.0,2.0,doubt_solving,positive
Thomas Schur ,Literature department,4.0,2.0,study_material,positive
Thomas Schur ,Literature department,4.0,2.0,practical_sessions,positive
Thomas Schur ,Literature department,4.0,2.0,faculty_availability,positive
Thomas Schur ,Literature department,5.0,3.0,doubt_solving,positive
Thomas Schur ,Literature department,5.0,3.0,faculty_availability,positive
Thomas Schur ,Literature department,5.0,3.0,subject_difficulty,positive
Thomas Schur ,Literature department,4.5,3.0,doubt_solving,positive
Thomas Schur ,Literature department,4.5,3.0,study_material,positive
Thomas Schur ,Literature department,4.5,3.0,practical_sessions,positive
Thomas Schur ,Literature department,4.5,3.0,subject_difficulty,positive
Sarah Cannon ,Mathematics department,5.0,2.0,teaching_pace,positive
Sarah Cannon ,Mathematics department,5.0,2.0,study_material,positive
Sarah Cannon ,Mathematics department,5.0,2.0,subject_difficulty,positive
Sarah Cannon ,Mathematics department,5.0,3.0,explanation_clarity,positive
Sarah Cannon ,Mathematics department,5.0,3.0,doubt_solving,positive
Sarah Cannon ,Mathematics department,5.0,3.0,study_material,positive
Sarah Cannon ,Mathematics department,5.0,3.0,faculty_availability,positive
Sarah Cannon ,Mathematics department,5.0,5.0,explanation_clarity,negative
Sarah Cannon ,Mathematics department,5.0,5.0,subject_difficulty,negative
Sarah Cannon ,Mathematics department,5.0,3.0,explanation_clarity,positive
Sarah Cannon ,Mathematics department,5.0,3.0,doubt_solving,positive
Sarah Cannon ,Mathematics department,5.0,3.0,subject_difficulty,positive
Bhaven Mistry ,Mathematics department,3.0,2.0,doubt_solving,negative
Bhaven Mistry ,Mathematics department,3.0,2.0,faculty_availability,negative
Bhaven Mistry ,Mathematics department,5.0,1.0,practical_sessions,positive
Bhaven Mistry ,Mathematics department,5.0,1.0,practical_sessions,positive
Bhaven Mistry ,Mathematics department,5.0,1.0,subject_difficulty,positive
Bhaven Mistry ,Mathematics department,4.0,2.0,explanation_clarity,positive
Bhaven Mistry ,Mathematics department,4.0,2.0,teaching_pace,positive
Bhaven Mistry ,Mathematics department,4.0,2.0,subject_difficulty,positive
Yong Kim ,Economics department,4.0,4.0,explanation_clarity,negative
Yong Kim ,Economics department,4.0,4.0,teaching_pace,positive
Yong Kim ,Economics department,4.0,4.0,practical_sessions,negative
Yong Kim ,Economics department,4.0,4.0,explanation_clarity,positive
Yong Kim ,Economics department,4.0,4.0,subject_difficulty,positive
Yong Kim ,Economics department,5.0,2.0,doubt_solving,positive
Yong Kim ,Economics department,5.0,2.0,study_material,positive
Yong Kim ,Economics department,5.0,2.0,practical_sessions,positive
Yong Kim ,Economics department,5.0,2.0,faculty_availability,positive
Yong Kim ,Economics department,5.0,3.0,explanation_clarity,positive
Yong Kim ,Economics department,5.0,3.0,doubt_solving,positive
Yong Kim ,Economics department,5.0,3.0,study_material,positive
Yong Kim ,Economics department,5.0,3.0,practical_sessions,positive
Yong Kim ,Economics department,5.0,3.0,subject_difficulty,positive
Yong Kim ,Economics department,5.0,3.0,explanation_clarity,positive
Yong Kim ,Economics department,5.0,3.0,study_material,positive
Yong Kim ,Economics department,5.0,3.0,faculty_availability,positive
Gary Gilbert ,Religious Studies department,5.0,3.0,explanation_clarity,positive
Gary Gilbert ,Religious Studies department,5.0,3.0,study_material,positive
Gary Gilbert ,Religious Studies department,5.0,3.0,subject_difficulty,positive
Gary Gilbert ,Religious Studies department,5.0,4.0,practical_sessions,positive
Gary Gilbert ,Religious Studies department,5.0,4.0,faculty_availability,positive
Gary Gilbert ,Religious Studies department,4.0,3.0,explanation_clarity,positive
Gary Gilbert ,Religious Studies department,4.0,3.0,teaching_pace,positive
Gary Gilbert ,Religious Studies department,4.0,3.0,study_material,positive
Gary Gilbert ,Religious Studies department,4.0,3.0,subject_difficulty,positive
Gary Gilbert ,Religious Studies department,5.0,3.0,doubt_solving,positive
Gary Gilbert ,Religious Studies department,5.0,3.0,study_material,positive
Gary Gilbert ,Religious Studies department,5.0,3.0,practical_sessions,positive
Gary Gilbert ,Religious Studies department,5.0,3.0,doubt_solving,positive
Gary Gilbert ,Religious Studies department,5.0,3.0,study_material,positive
Gary Gilbert ,Religious Studies department,5.0,3.0,faculty_availability,positive
Gary Gilbert ,Religious Studies department,5.0,3.0,doubt_solving,positive
Gary Gilbert ,Religious Studies department,5.0,3.0,study_material,positive
Gary Gilbert ,Religious Studies department,5.0,2.0,explanation_clarity,positive
Gary Gilbert ,Religious Studies department,2.0,3.0,explanation_clarity,negative
Gary Gilbert ,Religious Studies department,2.0,3.0,subject_difficulty,negative
Gary Gilbert ,Religious Studies department,5.0,3.0,faculty_availability,positive
Gary Gilbert ,Religious Studies department,4.0,3.0,subject_difficulty,positive
Gary Gilbert ,Religious Studies department,5.0,4.0,explanation_clarity,neutral
Gary Gilbert ,Religious Studies department,5.0,4.0,practical_sessions,neutral
Gary Gilbert ,Religious Studies department,5.0,4.0,subject_difficulty,neutral
Gary Gilbert ,Religious Studies department,5.0,3.0,study_material,positive
Gary Gilbert ,Religious Studies department,5.0,3.0,explanation_clarity,positive
Gary Gilbert ,Religious Studies department,5.0,3.0,subject_difficulty,positive
Gary Gilbert ,Religious Studies department,3.0,3.0,teaching_pace,negative
Gary Gilbert ,Religious Studies department,3.0,3.0,practical_sessions,negative
Gary Gilbert ,Religious Studies department,3.0,3.0,subject_difficulty,negative
Gary Gilbert ,Religious Studies department,5.0,3.0,explanation_clarity,positive
Gary Gilbert ,Religious Studies department,5.0,3.0,study_material,positive
Gary Gilbert ,Religious Studies department,5.0,4.0,doubt_solving,positive
Gary Gilbert ,Religious Studies department,5.0,4.0,study_material,positive
Gary Gilbert ,Religious Studies department,5.0,4.0,practical_sessions,positive
Gary Gilbert ,Religious Studies department,5.0,4.0,faculty_availability,positive
Gary Gilbert ,Religious Studies department,5.0,4.0,subject_difficulty,positive
Gary Gilbert ,Religious Studies department,4.0,3.0,explanation_clarity,neutral
Gary Gilbert ,Religious Studies department,4.0,3.0,study_material,neutral
Gary Gilbert ,Religious Studies department,5.0,4.0,explanation_clarity,positive
Gary Gilbert ,Religious Studies department,5.0,4.0,study_material,positive
Gary Gilbert ,Religious Studies department,5.0,4.0,explanation_clarity,positive
Gary Gilbert ,Religious Studies department,5.0,4.0,doubt_solving,positive
Gary Gilbert ,Religious Studies department,4.5,3.0,explanation_clarity,positive
Gary Gilbert ,Religious Studies department,4.5,3.0,doubt_solving,positive
Gary Gilbert ,Religious Studies department,4.5,3.0,study_material,positive
Gary Gilbert ,Religious Studies department,4.5,3.0,faculty_availability,positive
Gary Gilbert ,Religious Studies department,3.0,3.0,explanation_clarity,negative
Gary Gilbert ,Religious Studies department,3.0,3.0,study_material,negative
Gary Gilbert ,Religious Studies department,3.0,3.0,practical_sessions,negative
Gary Gilbert ,Religious Studies department,3.0,3.0,subject_difficulty,negative
Gary Gilbert ,Religious Studies department,5.0,3.0,explanation_clarity,positive
Gary Gilbert ,Religious Studies department,5.0,3.0,doubt_solving,positive
Gary Gilbert ,Religious Studies department,5.0,3.0,practical_sessions,positive
Gary Gilbert ,Religious Studies department,5.0,3.0,faculty_availability,positive
Gary Gilbert ,Religious Studies department,5.0,3.0,subject_difficulty,positive
Gary Gilbert ,Religious Studies department,5.0,3.0,explanation_clarity,negative
Gary Gilbert ,Religious Studies department,5.0,3.0,faculty_availability,negative
Gary Gilbert ,Religious Studies department,5.0,3.0,subject_difficulty,negative
Gary Gilbert ,Religious Studies department,3.5,3.0,doubt_solving,positive
Gary Gilbert ,Religious Studies department,5.0,3.0,study_material,positive
Gary Gilbert ,Religious Studies department,4.0,4.0,study_material,negative
Gary Gilbert ,Religious Studies department,5.0,1.0,study_material,positive
Gary Gilbert ,Religious Studies department,5.0,3.0,study_material,positive
Gary Gilbert ,Religious Studies department,4.0,4.0,explanation_clarity,neutral
Gary Gilbert ,Religious Studies department,4.0,4.0,study_material,neutral
Gary Gilbert ,Religious Studies department,4.0,4.0,practical_sessions,neutral
Gary Gilbert ,Religious Studies department,4.0,4.0,subject_difficulty,neutral
Gary Gilbert ,Religious Studies department,4.5,3.0,explanation_clarity,positive
Gary Gilbert ,Religious Studies department,4.5,3.0,study_material,positive
Gary Gilbert ,Religious Studies department,4.0,4.0,study_material,positive
Gary Gilbert ,Religious Studies department,5.0,3.0,doubt_solving,positive
Gary Gilbert ,Religious Studies department,5.0,3.0,doubt_solving,positive
Gary Gilbert ,Religious Studies department,5.0,3.0,subject_difficulty,positive
Gary Gilbert ,Religious Studies department,5.0,3.0,study_material,positive
Gary Gilbert ,Religious Studies department,5.0,3.0,doubt_solving,positive
Gary Gilbert ,Religious Studies department,5.0,2.0,doubt_solving,positive
Gary Gilbert ,Religious Studies department,5.0,2.0,study_material,positive
Gary Gilbert ,Religious Studies department,5.0,3.0,doubt_solving,positive
Gary Gilbert ,Religious Studies department,5.0,3.0,practical_sessions,positive
Gary Gilbert ,Religious Studies department,5.0,3.0,faculty_availability,positive
Gary Gilbert ,Religious Studies department,4.0,2.0,study_material,positive
Gary Gilbert ,Religious Studies department,4.0,2.0,practical_sessions,positive
Michael Fortner ,Government department,5.0,3.0,doubt_solving,positive
Michael Fortner ,Government department,5.0,3.0,doubt_solving,positive
Michael Fortner ,Government department,5.0,3.0,study_material,positive
Michael Fortner ,Government department,5.0,3.0,subject_difficulty,positive
Michael Fortner ,Government department,5.0,3.0,doubt_solving,positive
Michael Fortner ,Government department,4.0,2.0,doubt_solving,positive
Michael Fortner ,Government department,4.0,2.0,practical_sessions,positive
Michael Fortner ,Government department,4.0,2.0,faculty_availability,positive
Mark Blitz ,Government department,2.0,2.0,explanation_clarity,negative
Mark Blitz ,Government department,2.0,2.0,study_material,negative
Mark Blitz ,Government department,2.0,2.0,subject_difficulty,negative
Mark Blitz ,Government department,2.0,3.0,explanation_clarity,negative
Mark Blitz ,Government department,2.0,3.0,doubt_solving,negative
Mark Blitz ,Government department,2.0,3.0,explanation_clarity,neutral
Mark Blitz ,Government department,2.0,3.0,study_material,negative
Mark Blitz ,Government department,2.0,3.0,practical_sessions,neutral
Mark Blitz ,Government department,2.0,3.0,subject_difficulty,neutral
Mark Blitz ,Government department,3.0,3.0,explanation_clarity,neutral
Mark Blitz ,Government department,3.0,3.0,study_material,neutral
Mark Blitz ,Government department,3.0,3.0,practical_sessions,neutral
Mark Blitz ,Government department,3.0,4.0,explanation_clarity,negative
Mark Blitz ,Government department,3.0,4.0,study_material,negative
Mark Blitz ,Government department,3.0,4.0,subject_difficulty,negative
Mark Blitz ,Government department,1.0,2.0,explanation_clarity,negative
Mark Blitz ,Government department,1.0,2.0,study_material,negative
Mark Blitz ,Government department,3.5,3.0,study_material,positive
Mark Blitz ,Government department,3.5,1.0,study_material,positive
Mark Blitz ,Government department,3.5,1.0,practical_sessions,positive
Mark Blitz ,Government department,3.5,1.0,subject_difficulty,positive
Mark Blitz ,Government department,5.0,2.0,explanation_clarity,neutral
Mark Blitz ,Government department,3.0,3.0,explanation_clarity,negative
Mark Blitz ,Government department,3.5,1.0,explanation_clarity,negative
Mark Blitz ,Government department,3.5,1.0,doubt_solving,neutral
Mark Blitz ,Government department,3.5,1.0,practical_sessions,negative
Mark Blitz ,Government department,3.5,1.0,subject_difficulty,negative
Mark Blitz ,Government department,5.0,4.0,explanation_clarity,positive
Mark Blitz ,Government department,5.0,4.0,subject_difficulty,positive
Mark Blitz ,Government department,5.0,3.0,explanation_clarity,positive
Mark Blitz ,Government department,5.0,3.0,doubt_solving,positive
Mark Blitz ,Government department,5.0,3.0,study_material,positive
Mark Blitz ,Government department,5.0,3.0,practical_sessions,positive
Mark Blitz ,Government department,5.0,3.0,faculty_availability,positive
Mark Blitz ,Government department,4.0,3.0,doubt_solving,positive
Mark Blitz ,Government department,4.0,3.0,study_material,negative
Mark Blitz ,Government department,4.0,3.0,practical_sessions,negative
Mark Blitz ,Government department,4.0,3.0,subject_difficulty,negative
Mark Blitz ,Government department,3.5,5.0,explanation_clarity,positive
Mark Blitz ,Government department,2.5,5.0,subject_difficulty,negative
Mark Blitz ,Government department,3.0,4.0,study_material,positive
Mark Blitz ,Government department,3.0,4.0,subject_difficulty,positive
Derik Smith ,Literature department,5.0,3.0,doubt_solving,positive
Derik Smith ,Literature department,5.0,3.0,study_material,positive
Derik Smith ,Literature department,5.0,3.0,faculty_availability,positive
Derik Smith ,Literature department,4.0,4.0,explanation_clarity,negative
Derik Smith ,Literature department,4.0,4.0,study_material,negative
Derik Smith ,Literature department,4.0,4.0,practical_sessions,negative
Derik Smith ,Literature department,4.0,4.0,subject_difficulty,negative
Derik Smith ,Literature department,5.0,2.0,study_material,positive
Derik Smith ,Literature department,5.0,2.0,practical_sessions,positive
Derik Smith ,Literature department,5.0,2.0,practical_sessions,positive
Derik Smith ,Literature department,5.0,2.0,explanation_clarity,positive
Derik Smith ,Literature department,5.0,3.0,explanation_clarity,positive
Derik Smith ,Literature department,5.0,2.0,doubt_solving,positive
Derik Smith ,Literature department,5.0,3.0,study_material,positive
Derik Smith ,Literature department,5.0,2.0,practical_sessions,positive
Robert Valenza ,Mathematics department,5.0,1.0,explanation_clarity,positive
Robert Valenza ,Mathematics department,5.0,1.0,practical_sessions,positive
Robert Valenza ,Mathematics department,5.0,1.0,subject_difficulty,positive
Robert Valenza ,Mathematics department,4.0,3.0,doubt_solving,positive
Robert Valenza ,Mathematics department,5.0,2.0,practical_sessions,positive
Robert Valenza ,Mathematics department,5.0,2.0,subject_difficulty,positive
Robert Valenza ,Mathematics department,5.0,2.0,explanation_clarity,positive
Robert Valenza ,Mathematics department,5.0,2.0,practical_sessions,positive
Robert Valenza ,Mathematics department,5.0,2.0,subject_difficulty,positive
Robert Valenza ,Mathematics department,5.0,3.0,practical_sessions,positive
Robert Valenza ,Mathematics department,5.0,3.0,explanation_clarity,positive
Robert Valenza ,Mathematics department,5.0,3.0,study_material,positive
Robert Valenza ,Mathematics department,5.0,3.0,subject_difficulty,positive
Robert Valenza ,Mathematics department,5.0,4.0,doubt_solving,positive
Robert Valenza ,Mathematics department,5.0,4.0,study_material,positive
Robert Valenza ,Mathematics department,5.0,4.0,practical_sessions,positive
Robert Valenza ,Mathematics department,5.0,4.0,faculty_availability,positive
Robert Valenza ,Mathematics department,5.0,2.0,doubt_solving,positive
Robert Valenza ,Mathematics department,5.0,2.0,faculty_availability,positive
Robert Valenza ,Mathematics department,5.0,2.0,subject_difficulty,positive
Robert Valenza ,Mathematics department,5.0,3.0,study_material,positive
Robert Valenza ,Mathematics department,5.0,2.0,explanation_clarity,positive
Robert Valenza ,Mathematics department,5.0,2.0,doubt_solving,positive
Robert Valenza ,Mathematics department,5.0,2.0,practical_sessions,positive
Robert Valenza ,Mathematics department,5.0,3.0,explanation_clarity,positive
Robert Valenza ,Mathematics department,5.0,3.0,study_material,positive
Robert Valenza ,Mathematics department,5.0,3.0,doubt_solving,positive
Robert Valenza ,Mathematics department,5.0,3.0,faculty_availability,positive
Robert Valenza ,Mathematics department,5.0,3.0,explanation_clarity,positive
Robert Valenza ,Mathematics department,5.0,3.0,doubt_solving,positive
Robert Valenza ,Mathematics department,5.0,3.0,faculty_availability,positive
Robert Valenza ,Mathematics department,5.0,1.0,doubt_solving,positive
Robert Valenza ,Mathematics department,5.0,1.0,study_material,positive
Robert Valenza ,Mathematics department,2.5,2.0,study_material,negative
Robert Valenza ,Mathematics department,4.5,2.0,doubt_solving,positive
Robert Valenza ,Mathematics department,4.0,2.0,explanation_clarity,positive
Robert Valenza ,Mathematics department,4.0,2.0,study_material,positive
Robert Valenza ,Mathematics department,4.0,2.0,practical_sessions,negative
Robert Valenza ,Mathematics department,4.5,2.0,study_material,positive
Robert Valenza ,Mathematics department,3.5,1.0,teaching_pace,neutral
Robert Valenza ,Mathematics department,3.5,1.0,doubt_solving,neutral
Robert Valenza ,Mathematics department,3.5,1.0,practical_sessions,neutral
Robert Valenza ,Mathematics department,3.5,1.0,faculty_availability,neutral
Robert Valenza ,Mathematics department,3.5,1.0,subject_difficulty,neutral
Robert Valenza ,Mathematics department,5.0,1.0,explanation_clarity,positive
Robert Valenza ,Mathematics department,5.0,1.0,teaching_pace,positive
Robert Valenza ,Mathematics department,5.0,1.0,doubt_solving,positive
Robert Valenza ,Mathematics department,5.0,1.0,practical_sessions,positive
Robert Valenza ,Mathematics department,5.0,1.0,subject_difficulty,positive
Robert Valenza ,Mathematics department,5.0,2.0,subject_difficulty,positive
Robert Valenza ,Mathematics department,5.0,2.0,practical_sessions,positive
Robert Valenza ,Mathematics department,5.0,1.0,explanation_clarity,positive
Robert Valenza ,Mathematics department,5.0,1.0,study_material,positive
Robert Valenza ,Mathematics department,5.0,1.0,practical_sessions,positive
Robert Valenza ,Mathematics department,4.0,2.0,study_material,positive
Robert Valenza ,Mathematics department,5.0,4.0,explanation_clarity,positive
Robert Valenza ,Mathematics department,5.0,4.0,doubt_solving,positive
Robert Valenza ,Mathematics department,5.0,4.0,study_material,positive
Robert Valenza ,Mathematics department,5.0,4.0,practical_sessions,positive
Robert Valenza ,Mathematics department,5.0,4.0,faculty_availability,positive
Robert Valenza ,Mathematics department,5.0,1.0,practical_sessions,positive
Robert Valenza ,Mathematics department,5.0,1.0,subject_difficulty,positive
Robert Valenza ,Mathematics department,5.0,2.0,explanation_clarity,positive
Robert Valenza ,Mathematics department,5.0,2.0,subject_difficulty,positive
Robert Valenza ,Mathematics department,4.5,3.0,subject_difficulty,positive
Robert Valenza ,Mathematics department,5.0,1.0,doubt_solving,positive
Robert Valenza ,Mathematics department,5.0,3.0,explanation_clarity,positive
Robert Valenza ,Mathematics department,5.0,3.0,faculty_availability,positive
Robert Valenza ,Mathematics department,5.0,3.0,subject_difficulty,positive
Robert Valenza ,Mathematics department,5.0,2.0,doubt_solving,positive
Robert Valenza ,Mathematics department,5.0,4.0,explanation_clarity,positive
Robert Valenza ,Mathematics department,5.0,4.0,doubt_solving,positive
Robert Valenza ,Mathematics department,5.0,3.0,explanation_clarity,positive
Robert Valenza ,Mathematics department,5.0,3.0,doubt_solving,positive
Robert Valenza ,Mathematics department,5.0,3.0,subject_difficulty,positive
Robert Valenza ,Mathematics department,4.5,2.0,doubt_solving,positive
Robert Valenza ,Mathematics department,5.0,2.0,study_material,positive
Robert Valenza ,Mathematics department,5.0,2.0,study_material,positive
Robert Valenza ,Mathematics department,5.0,2.0,practical_sessions,positive
Robert Valenza ,Mathematics department,5.0,2.0,explanation_clarity,positive
Robert Valenza ,Mathematics department,5.0,2.0,teaching_pace,positive
Robert Valenza ,Mathematics department,4.5,2.0,doubt_solving,positive
Robert Valenza ,Mathematics department,4.5,2.0,study_material,positive
Robert Valenza ,Mathematics department,4.5,2.0,practical_sessions,positive
Robert Valenza ,Mathematics department,4.5,2.0,subject_difficulty,positive
Robert Valenza ,Mathematics department,3.0,2.0,subject_difficulty,neutral
Robert Valenza ,Mathematics department,4.5,3.0,study_material,positive
Robert Valenza ,Mathematics department,4.5,3.0,subject_difficulty,positive
Robert Valenza ,Mathematics department,5.0,2.0,explanation_clarity,positive
Robert Valenza ,Mathematics department,5.0,2.0,subject_difficulty,positive
Robert Valenza ,Mathematics department,2.0,3.0,study_material,negative
Robert Valenza ,Mathematics department,2.0,3.0,subject_difficulty,negative
Robert Valenza ,Mathematics department,5.0,1.0,subject_difficulty,positive
Robert Valenza ,Mathematics department,5.0,2.0,explanation_clarity,positive
Robert Valenza ,Mathematics department,5.0,1.0,study_material,positive
Robert Valenza ,Mathematics department,4.5,1.0,doubt_solving,negative
Robert Valenza ,Mathematics department,4.5,1.0,subject_difficulty,negative
Robert Valenza ,Mathematics department,5.0,4.0,doubt_solving,positive
Robert Valenza ,Mathematics department,5.0,4.0,study_material,positive
Robert Valenza ,Mathematics department,5.0,4.0,practical_sessions,positive
Robert Valenza ,Mathematics department,5.0,2.0,doubt_solving,negative
Robert Valenza ,Mathematics department,5.0,2.0,study_material,negative
Robert Valenza ,Mathematics department,5.0,2.0,practical_sessions,positive
Robert Valenza ,Mathematics department,2.0,2.0,explanation_clarity,negative
Robert Valenza ,Mathematics department,4.5,1.0,study_material,positive
Robert Valenza ,Mathematics department,4.5,1.0,subject_difficulty,positive
Robert Valenza ,Mathematics department,5.0,2.0,doubt_solving,positive
Robert Valenza ,Mathematics department,5.0,2.0,practical_sessions,positive
Robert Valenza ,Mathematics department,5.0,1.0,subject_difficulty,negative
Robert Valenza ,Mathematics department,5.0,1.0,doubt_solving,positive
James Higdon ,Physics department,5.0,3.0,explanation_clarity,neutral
James Higdon ,Physics department,5.0,3.0,doubt_solving,neutral
James Higdon ,Physics department,5.0,3.0,faculty_availability,neutral
James Higdon ,Physics department,5.0,3.0,subject_difficulty,neutral
James Higdon ,Physics department,1.0,3.0,explanation_clarity,negative
James Higdon ,Physics department,1.0,3.0,doubt_solving,negative
James Higdon ,Physics department,1.0,3.0,study_material,negative
James Higdon ,Physics department,1.0,3.0,practical_sessions,negative
James Higdon ,Physics department,1.0,3.0,subject_difficulty,negative
James Higdon ,Physics department,5.0,3.0,explanation_clarity,positive
James Higdon ,Physics department,5.0,3.0,doubt_solving,positive
James Higdon ,Physics department,5.0,3.0,study_material,positive
James Higdon ,Physics department,5.0,3.0,practical_sessions,positive
James Higdon ,Physics department,1.0,4.0,explanation_clarity,negative
James Higdon ,Physics department,1.0,4.0,study_material,negative
James Higdon ,Physics department,1.0,4.0,practical_sessions,negative
James Higdon ,Physics department,2.0,3.0,explanation_clarity,negative
James Higdon ,Physics department,2.0,3.0,doubt_solving,negative
James Higdon ,Physics department,2.0,3.0,practical_sessions,negative
James Higdon ,Physics department,2.0,3.0,subject_difficulty,negative
James Higdon ,Physics department,3.0,1.0,doubt_solving,positive
James Higdon ,Physics department,3.0,1.0,practical_sessions,positive
James Higdon ,Physics department,3.0,1.0,subject_difficulty,positive
James Higdon ,Physics department,2.0,3.0,subject_difficulty,positive
James Higdon ,Physics department,4.0,3.0,doubt_solving,positive
James Higdon ,Physics department,4.0,3.0,study_material,positive
James Higdon ,Physics department,4.0,3.0,practical_sessions,positive
James Higdon ,Physics department,1.0,3.0,explanation_clarity,negative
James Higdon ,Physics department,1.0,3.0,doubt_solving,negative
James Higdon ,Physics department,4.5,1.0,explanation_clarity,positive
James Higdon ,Physics department,4.5,1.0,practical_sessions,positive
James Higdon ,Physics department,4.0,3.0,practical_sessions,positive
James Higdon ,Physics department,4.0,3.0,subject_difficulty,positive
James Higdon ,Physics department,2.0,5.0,explanation_clarity,negative
James Higdon ,Physics department,2.0,5.0,faculty_availability,negative
James Higdon ,Physics department,4.0,3.0,doubt_solving,positive
James Higdon ,Physics department,4.0,3.0,study_material,positive
James Higdon ,Physics department,3.5,2.0,study_material,negative
James Higdon ,Physics department,3.5,2.0,practical_sessions,negative
James Higdon ,Physics department,3.5,2.0,subject_difficulty,negative
James Higdon ,Physics department,3.0,3.0,doubt_solving,negative
James Higdon ,Physics department,3.0,3.0,subject_difficulty,negative
James Higdon ,Physics department,2.0,4.0,explanation_clarity,negative
James Higdon ,Physics department,2.0,4.0,doubt_solving,negative
James Higdon ,Physics department,2.0,4.0,practical_sessions,negative
James Higdon ,Physics department,5.0,3.0,doubt_solving,neutral
James Higdon ,Physics department,5.0,3.0,study_material,neutral
Lucas Hall ,Biology department,5.0,3.0,explanation_clarity,positive
Lucas Hall ,Biology department,5.0,3.0,study_material,positive
Lucas Hall ,Biology department,5.0,3.0,practical_sessions,positive
Lucas Hall ,Biology department,5.0,3.0,subject_difficulty,positive
Lucas Hall ,Biology department,5.0,3.0,explanation_clarity,positive
Lucas Hall ,Biology department,5.0,3.0,explanation_clarity,positive
Lucas Hall ,Biology department,5.0,3.0,practical_sessions,positive
Lucas Hall ,Biology department,5.0,3.0,subject_difficulty,positive
Daniel Krauss ,Psychology department,5.0,4.0,study_material,positive
Daniel Krauss ,Psychology department,5.0,4.0,practical_sessions,positive
Daniel Krauss ,Psychology department,3.0,5.0,practical_sessions,positive
Daniel Krauss ,Psychology department,3.0,5.0,subject_difficulty,positive
Daniel Krauss ,Psychology department,5.0,4.0,practical_sessions,positive
Daniel Krauss ,Psychology department,5.0,4.0,subject_difficulty,positive
Daniel Krauss ,Psychology department,5.0,3.0,subject_difficulty,negative
Daniel Krauss ,Psychology department,5.0,2.0,explanation_clarity,positive
Daniel Krauss ,Psychology department,5.0,2.0,practical_sessions,positive
Daniel Krauss ,Psychology department,5.0,2.0,subject_difficulty,positive
Daniel Krauss ,Psychology department,5.0,4.0,doubt_solving,positive
Daniel Krauss ,Psychology department,5.0,4.0,practical_sessions,positive
Daniel Krauss ,Psychology department,1.0,5.0,explanation_clarity,negative
Daniel Krauss ,Psychology department,1.0,5.0,doubt_solving,negative
Daniel Krauss ,Psychology department,1.0,5.0,study_material,negative
Daniel Krauss ,Psychology department,1.0,5.0,practical_sessions,negative
Daniel Krauss ,Psychology department,5.0,3.0,subject_difficulty,positive
Daniel Krauss ,Psychology department,5.0,5.0,subject_difficulty,neutral
Daniel Krauss ,Psychology department,5.0,5.0,study_material,positive
Daniel Krauss ,Psychology department,5.0,5.0,practical_sessions,positive
Daniel Krauss ,Psychology department,5.0,5.0,subject_difficulty,positive
Daniel Krauss ,Psychology department,5.0,5.0,doubt_solving,positive
Daniel Krauss ,Psychology department,5.0,3.0,explanation_clarity,positive
Daniel Krauss ,Psychology department,5.0,4.0,practical_sessions,positive
Daniel Krauss ,Psychology department,5.0,4.0,subject_difficulty,positive
Daniel Krauss ,Psychology department,5.0,3.0,practical_sessions,positive
Daniel Krauss ,Psychology department,5.0,3.0,subject_difficulty,positive
Daniel Krauss ,Psychology department,5.0,4.0,explanation_clarity,positive
Daniel Krauss ,Psychology department,5.0,3.0,explanation_clarity,positive
Daniel Krauss ,Psychology department,5.0,3.0,study_material,positive
Daniel Krauss ,Psychology department,5.0,3.0,practical_sessions,positive
Daniel Krauss ,Psychology department,5.0,3.0,subject_difficulty,positive
Daniel Krauss ,Psychology department,5.0,3.0,doubt_solving,positive
Matthew Magilke ,Accounting department,1.0,4.0,explanation_clarity,positive
Matthew Magilke ,Accounting department,1.0,4.0,practical_sessions,positive
Matthew Magilke ,Accounting department,1.0,4.0,subject_difficulty,positive
Matthew Magilke ,Accounting department,1.0,5.0,study_material,negative
Matthew Magilke ,Accounting department,2.0,3.0,faculty_availability,negative
Matthew Magilke ,Accounting department,4.0,4.0,doubt_solving,positive
Matthew Magilke ,Accounting department,4.0,4.0,practical_sessions,positive
Matthew Magilke ,Accounting department,4.0,4.0,faculty_availability,positive
Matthew Magilke ,Accounting department,4.0,4.0,subject_difficulty,positive
Matthew Magilke ,Accounting department,2.0,3.0,explanation_clarity,negative
Matthew Magilke ,Accounting department,3.0,4.0,explanation_clarity,negative
Matthew Magilke ,Accounting department,3.0,4.0,practical_sessions,negative
Matthew Magilke ,Accounting department,3.0,4.0,subject_difficulty,negative
Matthew Magilke ,Accounting department,3.5,5.0,practical_sessions,negative
Matthew Magilke ,Accounting department,3.5,5.0,subject_difficulty,negative
Matthew Magilke ,Accounting department,4.0,4.0,practical_sessions,positive
Matthew Magilke ,Accounting department,4.0,4.0,subject_difficulty,positive
Matthew Magilke ,Accounting department,5.0,3.0,practical_sessions,positive
Matthew Magilke ,Accounting department,5.0,3.0,subject_difficulty,positive
Matthew Magilke ,Accounting department,5.0,3.0,explanation_clarity,positive
Matthew Magilke ,Accounting department,5.0,3.0,doubt_solving,positive
Matthew Magilke ,Accounting department,5.0,3.0,practical_sessions,positive
Matthew Magilke ,Accounting department,2.0,4.0,study_material,positive
Matthew Magilke ,Accounting department,2.0,4.0,subject_difficulty,positive
Lisa Cody ,History department,5.0,3.0,practical_sessions,positive
Lisa Cody ,History department,4.0,3.0,study_material,negative
Lisa Cody ,History department,4.0,3.0,practical_sessions,negative
Lisa Cody ,History department,4.0,3.0,study_material,negative
Lisa Cody ,History department,4.0,3.0,practical_sessions,negative
Lisa Cody ,History department,5.0,3.0,explanation_clarity,positive
Lisa Cody ,History department,5.0,3.0,study_material,positive
Lisa Cody ,History department,5.0,3.0,practical_sessions,positive
Lisa Cody ,History department,5.0,3.0,doubt_solving,negative
Lisa Cody ,History department,5.0,3.0,faculty_availability,negative
Lisa Cody ,History department,5.0,3.0,doubt_solving,positive
Lisa Cody ,History department,5.0,3.0,subject_difficulty,positive
Lisa Cody ,History department,5.0,3.0,doubt_solving,positive
Lisa Cody ,History department,5.0,3.0,faculty_availability,positive
Lisa Cody ,History department,3.5,3.0,doubt_solving,negative
Lisa Cody ,History department,3.5,3.0,study_material,negative
Lisa Cody ,History department,3.5,3.0,practical_sessions,negative
Lisa Cody ,History department,3.5,3.0,faculty_availability,negative
Lisa Cody ,History department,5.0,4.0,study_material,positive
Lisa Cody ,History department,5.0,2.0,study_material,positive
Lisa Cody ,History department,5.0,2.0,subject_difficulty,positive
Lisa Cody ,History department,4.5,4.0,doubt_solving,positive
Lisa Cody ,History department,5.0,4.0,doubt_solving,positive
Lisa Cody ,History department,5.0,2.0,doubt_solving,positive
Lisa Cody ,History department,5.0,2.0,doubt_solving,positive
Lisa Cody ,History department,5.0,2.0,doubt_solving,positive
Lisa Cody ,History department,5.0,2.0,explanation_clarity,positive
Lisa Cody ,History department,5.0,2.0,doubt_solving,positive
Lisa Cody ,History department,5.0,3.0,doubt_solving,positive
Stephanie Muravchik ,Government department,5.0,2.0,doubt_solving,positive
Stephanie Muravchik ,Government department,5.0,2.0,study_material,positive
Stephanie Muravchik ,Government department,5.0,2.0,faculty_availability,positive
Stephanie Muravchik ,Government department,5.0,4.0,faculty_availability,positive
Stephanie Muravchik ,Government department,5.0,4.0,subject_difficulty,positive
Stephanie Muravchik ,Government department,5.0,3.0,doubt_solving,positive
Stephanie Muravchik ,Government department,5.0,3.0,study_material,positive
Stephanie Muravchik ,Government department,5.0,3.0,doubt_solving,positive
Stephanie Muravchik ,Government department,5.0,3.0,explanation_clarity,positive
Stephanie Muravchik ,Government department,5.0,3.0,doubt_solving,positive
Stephanie Muravchik ,Government department,5.0,3.0,faculty_availability,positive
Stephanie Muravchik ,Government department,5.0,3.0,subject_difficulty,positive
Stephanie Muravchik ,Government department,5.0,2.0,study_material,positive
Stephanie Muravchik ,Government department,5.0,2.0,practical_sessions,positive
Stephanie Muravchik ,Government department,5.0,3.0,practical_sessions,positive
Stephanie Muravchik ,Government department,5.0,3.0,practical_sessions,positive
Andrew Busch ,Government department,3.0,4.0,doubt_solving,neutral
Andrew Busch ,Government department,3.0,4.0,study_material,neutral
Andrew Busch ,Government department,3.0,4.0,faculty_availability,neutral
Andrew Busch ,Government department,3.0,4.0,subject_difficulty,neutral
Andrew Busch ,Government department,3.0,3.0,doubt_solving,neutral
Andrew Busch ,Government department,3.0,3.0,study_material,neutral
Andrew Busch ,Government department,3.0,3.0,practical_sessions,neutral
Andrew Busch ,Government department,4.0,4.0,explanation_clarity,positive
Andrew Busch ,Government department,4.0,4.0,study_material,positive
Andrew Busch ,Government department,4.0,4.0,subject_difficulty,positive
Andrew Busch ,Government department,4.0,3.0,explanation_clarity,positive
Andrew Busch ,Government department,4.0,3.0,study_material,positive
Andrew Busch ,Government department,5.0,3.0,explanation_clarity,positive
Andrew Busch ,Government department,5.0,3.0,subject_difficulty,positive
Andrew Busch ,Government department,4.0,2.0,study_material,positive
Andrew Busch ,Government department,5.0,3.0,explanation_clarity,positive
Andrew Busch ,Government department,4.0,1.0,explanation_clarity,neutral
Andrew Busch ,Government department,4.0,1.0,doubt_solving,neutral
Andrew Busch ,Government department,4.0,1.0,practical_sessions,neutral
Andrew Busch ,Government department,4.5,3.0,explanation_clarity,positive
Andrew Busch ,Government department,4.5,3.0,doubt_solving,positive
Andrew Busch ,Government department,4.5,3.0,faculty_availability,positive
Andrew Busch ,Government department,4.5,3.0,subject_difficulty,positive
Andrew Busch ,Government department,3.5,3.0,explanation_clarity,positive
Andrew Busch ,Government department,3.5,3.0,doubt_solving,positive
Andrew Busch ,Government department,3.5,3.0,study_material,positive
Andrew Busch ,Government department,3.5,3.0,subject_difficulty,positive
Andrew Busch ,Government department,4.0,3.0,subject_difficulty,positive
Andrew Busch ,Government department,4.5,2.0,explanation_clarity,positive
Andrew Busch ,Government department,4.5,2.0,subject_difficulty,positive
Andrew Busch ,Government department,4.5,3.0,subject_difficulty,negative
Andrew Busch ,Government department,4.5,2.0,teaching_pace,positive
Andrew Busch ,Government department,4.5,2.0,study_material,positive
Andrew Busch ,Government department,4.5,2.0,subject_difficulty,positive
Andrew Busch ,Government department,4.0,3.0,teaching_pace,positive
Andrew Busch ,Government department,4.0,3.0,study_material,positive
Andrew Busch ,Government department,4.0,3.0,subject_difficulty,positive
Andrew Busch ,Government department,2.5,4.0,explanation_clarity,positive
Andrew Busch ,Government department,3.5,3.0,explanation_clarity,negative
Andrew Busch ,Government department,3.5,3.0,doubt_solving,negative
Andrew Busch ,Government department,3.5,3.0,subject_difficulty,negative
Andrew Busch ,Government department,5.0,3.0,subject_difficulty,positive
Andrew Busch ,Government department,4.5,3.0,explanation_clarity,positive
Andrew Busch ,Government department,3.0,2.0,study_material,positive
Andrew Busch ,Government department,4.0,3.0,study_material,positive
Andrew Busch ,Government department,4.5,3.0,explanation_clarity,negative
Andrew Busch ,Government department,4.5,3.0,doubt_solving,negative
Andrew Busch ,Government department,4.0,3.0,explanation_clarity,positive
Andrew Busch ,Government department,4.0,5.0,subject_difficulty,neutral
Andrew Busch ,Government department,4.0,3.0,subject_difficulty,positive
Andrew Busch ,Government department,1.0,4.0,explanation_clarity,negative
Andrew Busch ,Government department,1.0,4.0,doubt_solving,negative
Andrew Busch ,Government department,1.0,4.0,practical_sessions,negative
Michael O'Neill ,Mathematics department,1.0,4.0,explanation_clarity,negative
Michael O'Neill ,Mathematics department,1.0,4.0,doubt_solving,negative
Michael O'Neill ,Mathematics department,1.0,4.0,study_material,negative
Michael O'Neill ,Mathematics department,5.0,5.0,subject_difficulty,positive
Michael O'Neill ,Mathematics department,5.0,3.0,subject_difficulty,negative
Michael O'Neill ,Mathematics department,5.0,2.0,explanation_clarity,positive
Michael O'Neill ,Mathematics department,5.0,2.0,subject_difficulty,positive
Michael O'Neill ,Mathematics department,5.0,2.0,explanation_clarity,positive
Michael O'Neill ,Mathematics department,5.0,3.0,subject_difficulty,positive
Michael O'Neill ,Mathematics department,2.0,2.0,explanation_clarity,neutral
Michael O'Neill ,Mathematics department,2.0,2.0,study_material,neutral
Michael O'Neill ,Mathematics department,2.0,2.0,practical_sessions,neutral
Michael O'Neill ,Mathematics department,2.0,2.0,subject_difficulty,neutral
Michael O'Neill ,Mathematics department,1.0,3.0,doubt_solving,positive
Michael O'Neill ,Mathematics department,2.0,4.0,explanation_clarity,negative
Michael O'Neill ,Mathematics department,2.0,4.0,doubt_solving,negative
Michael O'Neill ,Mathematics department,2.0,4.0,study_material,negative
Michael O'Neill ,Mathematics department,2.0,4.0,practical_sessions,negative
Michael O'Neill ,Mathematics department,2.0,4.0,subject_difficulty,negative
Michael O'Neill ,Mathematics department,3.0,3.0,explanation_clarity,negative
Michael O'Neill ,Mathematics department,3.0,3.0,practical_sessions,negative
Michael O'Neill ,Mathematics department,3.0,3.0,subject_difficulty,negative
Michael O'Neill ,Mathematics department,4.0,3.0,explanation_clarity,neutral
Michael O'Neill ,Mathematics department,4.0,3.0,doubt_solving,neutral
Michael O'Neill ,Mathematics department,1.0,4.0,explanation_clarity,negative
Michael O'Neill ,Mathematics department,1.0,4.0,doubt_solving,negative
Michael O'Neill ,Mathematics department,1.0,4.0,faculty_availability,negative
Michael O'Neill ,Mathematics department,3.0,2.0,explanation_clarity,negative
Michael O'Neill ,Mathematics department,3.0,2.0,practical_sessions,negative
Michael O'Neill ,Mathematics department,2.0,5.0,explanation_clarity,negative
Michael O'Neill ,Mathematics department,3.0,3.0,explanation_clarity,negative
Michael O'Neill ,Mathematics department,3.0,3.0,doubt_solving,negative
Michael O'Neill ,Mathematics department,3.0,3.0,study_material,negative
Michael O'Neill ,Mathematics department,3.0,3.0,practical_sessions,negative
Michael O'Neill ,Mathematics department,3.0,3.0,faculty_availability,negative
Michael O'Neill ,Mathematics department,3.0,3.0,subject_difficulty,negative
Michael O'Neill ,Mathematics department,5.0,4.0,doubt_solving,positive
Michael O'Neill ,Mathematics department,5.0,4.0,faculty_availability,positive
Michael O'Neill ,Mathematics department,5.0,4.0,doubt_solving,negative
Michael O'Neill ,Mathematics department,5.0,4.0,practical_sessions,negative
Michael O'Neill ,Mathematics department,5.0,4.0,subject_difficulty,negative
Michael O'Neill ,Mathematics department,4.0,4.0,doubt_solving,positive
Michael O'Neill ,Mathematics department,4.0,4.0,faculty_availability,positive
Michael O'Neill ,Mathematics department,4.0,4.0,subject_difficulty,positive
Michael O'Neill ,Mathematics department,3.5,2.0,explanation_clarity,negative
Michael O'Neill ,Mathematics department,3.5,2.0,doubt_solving,negative
Michael O'Neill ,Mathematics department,3.5,2.0,faculty_availability,negative
Michael O'Neill ,Mathematics department,5.0,4.0,doubt_solving,positive
Michael O'Neill ,Mathematics department,5.0,4.0,faculty_availability,positive
Michael O'Neill ,Mathematics department,5.0,4.0,subject_difficulty,positive
Michael O'Neill ,Mathematics department,4.5,4.0,doubt_solving,positive
Michael O'Neill ,Mathematics department,4.5,4.0,faculty_availability,positive
Michael O'Neill ,Mathematics department,3.5,3.0,explanation_clarity,positive
Michael O'Neill ,Mathematics department,3.5,3.0,doubt_solving,positive
Michael O'Neill ,Mathematics department,3.5,3.0,practical_sessions,positive
Michael O'Neill ,Mathematics department,3.5,3.0,faculty_availability,positive
Michael O'Neill ,Mathematics department,4.0,4.0,doubt_solving,positive
Michael O'Neill ,Mathematics department,4.0,4.0,practical_sessions,positive
Michael O'Neill ,Mathematics department,4.0,4.0,faculty_availability,positive
Michael O'Neill ,Mathematics department,2.5,5.0,teaching_pace,negative
Michael O'Neill ,Mathematics department,2.5,5.0,study_material,negative
Michael O'Neill ,Mathematics department,1.5,5.0,explanation_clarity,positive
Michael O'Neill ,Mathematics department,1.0,5.0,practical_sessions,negative
Michael O'Neill ,Mathematics department,5.0,4.0,doubt_solving,positive
Michael O'Neill ,Mathematics department,5.0,4.0,study_material,positive
Michael O'Neill ,Mathematics department,5.0,4.0,practical_sessions,positive
Michael O'Neill ,Mathematics department,5.0,4.0,faculty_availability,positive
Michael O'Neill ,Mathematics department,5.0,4.0,subject_difficulty,positive
Michael O'Neill ,Mathematics department,3.0,5.0,doubt_solving,positive
Michael O'Neill ,Mathematics department,3.0,5.0,practical_sessions,positive
Michael O'Neill ,Mathematics department,3.0,5.0,subject_difficulty,positive
Michael O'Neill ,Mathematics department,1.5,5.0,doubt_solving,negative
Michael O'Neill ,Mathematics department,1.5,5.0,practical_sessions,negative
Michael O'Neill ,Mathematics department,1.5,5.0,subject_difficulty,negative
Michael O'Neill ,Mathematics department,4.5,3.0,explanation_clarity,positive
Michael O'Neill ,Mathematics department,4.5,3.0,doubt_solving,positive
Michael O'Neill ,Mathematics department,4.5,3.0,faculty_availability,positive
Michael O'Neill ,Mathematics department,4.0,4.0,explanation_clarity,positive
Michael O'Neill ,Mathematics department,4.0,4.0,subject_difficulty,positive
Anna Wenzel ,Chemistry department,4.0,2.0,explanation_clarity,positive
Anna Wenzel ,Chemistry department,4.0,2.0,study_material,positive
Anna Wenzel ,Chemistry department,4.0,2.0,practical_sessions,positive
Anna Wenzel ,Chemistry department,5.0,4.0,explanation_clarity,positive
Anna Wenzel ,Chemistry department,5.0,4.0,doubt_solving,positive
Anna Wenzel ,Chemistry department,5.0,4.0,practical_sessions,positive
Anna Wenzel ,Chemistry department,5.0,4.0,faculty_availability,positive
Anna Wenzel ,Chemistry department,5.0,4.0,subject_difficulty,positive
Anna Wenzel ,Chemistry department,5.0,4.0,doubt_solving,negative
Anna Wenzel ,Chemistry department,5.0,4.0,faculty_availability,negative
Anna Wenzel ,Chemistry department,5.0,4.0,subject_difficulty,negative
Anna Wenzel ,Chemistry department,5.0,4.0,subject_difficulty,positive
Anna Wenzel ,Chemistry department,4.5,4.0,subject_difficulty,positive
Anna Wenzel ,Chemistry department,5.0,2.0,doubt_solving,positive
Anna Wenzel ,Chemistry department,5.0,2.0,faculty_availability,positive
Anna Wenzel ,Chemistry department,5.0,2.0,doubt_solving,positive
Anna Wenzel ,Chemistry department,5.0,2.0,practical_sessions,positive
Anna Wenzel ,Chemistry department,5.0,2.0,faculty_availability,positive
Anna Wenzel ,Chemistry department,5.0,2.0,subject_difficulty,positive
Anna Wenzel ,Chemistry department,3.5,4.0,subject_difficulty,negative
Anna Wenzel ,Chemistry department,5.0,2.0,explanation_clarity,positive
Anna Wenzel ,Chemistry department,5.0,2.0,doubt_solving,positive
Anna Wenzel ,Chemistry department,5.0,2.0,study_material,positive
Anna Wenzel ,Chemistry department,5.0,2.0,subject_difficulty,positive
Anna Wenzel ,Chemistry department,5.0,4.0,explanation_clarity,positive
Anna Wenzel ,Chemistry department,5.0,4.0,doubt_solving,positive
Anna Wenzel ,Chemistry department,5.0,4.0,practical_sessions,positive
Anna Wenzel ,Chemistry department,5.0,4.0,faculty_availability,positive
Anna Wenzel ,Chemistry department,5.0,3.0,explanation_clarity,positive
Anna Wenzel ,Chemistry department,5.0,3.0,practical_sessions,positive
Anna Wenzel ,Chemistry department,4.0,3.0,explanation_clarity,positive
Anna Wenzel ,Chemistry department,4.0,3.0,doubt_solving,positive
Anna Wenzel ,Chemistry department,4.0,3.0,study_material,positive
Anna Wenzel ,Chemistry department,4.0,3.0,practical_sessions,positive
Jordan Branch ,Government department,5.0,3.0,study_material,positive
Jordan Branch ,Government department,5.0,2.0,study_material,positive
Jordan Branch ,Government department,5.0,2.0,study_material,positive
Jordan Branch ,Government department,5.0,2.0,practical_sessions,positive
Minju Kim ,Modern Languages department,5.0,2.0,doubt_solving,positive
Minju Kim ,Modern Languages department,5.0,2.0,faculty_availability,positive
Minju Kim ,Modern Languages department,5.0,2.0,explanation_clarity,positive
Minju Kim ,Modern Languages department,5.0,2.0,doubt_solving,positive
Minju Kim ,Modern Languages department,5.0,2.0,practical_sessions,positive
Minju Kim ,Modern Languages department,5.0,2.0,faculty_availability,positive
Minju Kim ,Modern Languages department,5.0,2.0,subject_difficulty,positive
Minju Kim ,Modern Languages department,5.0,1.0,teaching_pace,positive
Minju Kim ,Modern Languages department,5.0,1.0,doubt_solving,positive
Minju Kim ,Modern Languages department,5.0,1.0,practical_sessions,positive
Minju Kim ,Modern Languages department,5.0,1.0,subject_difficulty,positive
Minju Kim ,Modern Languages department,3.5,2.0,subject_difficulty,positive
Sierra Williams ,Chemistry department,5.0,4.0,doubt_solving,positive
Sierra Williams ,Chemistry department,5.0,4.0,faculty_availability,positive
Sierra Williams ,Chemistry department,1.0,4.0,doubt_solving,negative
Sierra Williams ,Chemistry department,1.0,4.0,practical_sessions,negative
Sierra Williams ,Chemistry department,5.0,3.0,subject_difficulty,positive
Sierra Williams ,Chemistry department,1.0,1.0,explanation_clarity,negative
Sierra Williams ,Chemistry department,1.0,1.0,teaching_pace,negative
Sierra Williams ,Chemistry department,1.0,1.0,faculty_availability,negative
Sierra Williams ,Chemistry department,1.0,1.0,subject_difficulty,negative
Markos Massoud ,Accounting department,2.0,5.0,doubt_solving,negative
Markos Massoud ,Accounting department,2.0,5.0,faculty_availability,negative
Markos Massoud ,Accounting department,5.0,4.0,explanation_clarity,positive
Markos Massoud ,Accounting department,5.0,4.0,doubt_solving,positive
Markos Massoud ,Accounting department,5.0,4.0,study_material,positive
Markos Massoud ,Accounting department,5.0,4.0,faculty_availability,positive
Markos Massoud ,Accounting department,5.0,4.0,practical_sessions,negative
Markos Massoud ,Accounting department,5.0,4.0,subject_difficulty,negative
Markos Massoud ,Accounting department,5.0,4.0,doubt_solving,positive
Markos Massoud ,Accounting department,3.5,4.0,teaching_pace,positive
Markos Massoud ,Accounting department,3.5,4.0,doubt_solving,positive
Markos Massoud ,Accounting department,3.5,4.0,faculty_availability,positive
Markos Massoud ,Accounting department,3.5,4.0,subject_difficulty,positive
Markos Massoud ,Accounting department,3.5,5.0,explanation_clarity,negative
Markos Massoud ,Accounting department,3.5,5.0,doubt_solving,negative
Markos Massoud ,Accounting department,3.5,5.0,study_material,negative
Markos Massoud ,Accounting department,3.5,5.0,practical_sessions,negative
Markos Massoud ,Accounting department,4.0,2.0,subject_difficulty,negative
Markos Massoud ,Accounting department,4.5,2.0,explanation_clarity,positive
Markos Massoud ,Accounting department,4.5,5.0,doubt_solving,positive
Markos Massoud ,Accounting department,4.5,5.0,study_material,positive
Markos Massoud ,Accounting department,4.5,5.0,subject_difficulty,positive
Markos Massoud ,Accounting department,5.0,4.0,doubt_solving,positive
Markos Massoud ,Accounting department,5.0,4.0,study_material,positive
Markos Massoud ,Accounting department,5.0,4.0,faculty_availability,positive
Markos Massoud ,Accounting department,3.5,5.0,doubt_solving,positive
Markos Massoud ,Accounting department,3.5,5.0,study_material,positive
Markos Massoud ,Accounting department,3.5,5.0,subject_difficulty,positive
Markos Massoud ,Accounting department,1.0,5.0,doubt_solving,negative
Markos Massoud ,Accounting department,4.5,5.0,doubt_solving,negative
Markos Massoud ,Accounting department,4.5,5.0,faculty_availability,negative
Markos Massoud ,Accounting department,4.5,5.0,subject_difficulty,negative
Markos Massoud ,Accounting department,4.5,5.0,doubt_solving,positive
Markos Massoud ,Accounting department,4.5,5.0,faculty_availability,positive
Markos Massoud ,Accounting department,4.5,5.0,subject_difficulty,positive
Markos Massoud ,Accounting department,3.0,5.0,subject_difficulty,positive
Markos Massoud ,Accounting department,3.5,5.0,explanation_clarity,positive
Markos Massoud ,Accounting department,5.0,4.0,doubt_solving,positive
Markos Massoud ,Accounting department,5.0,4.0,study_material,positive
Markos Massoud ,Accounting department,5.0,4.0,subject_difficulty,positive
Markos Massoud ,Accounting department,4.0,5.0,subject_difficulty,positive
Markos Massoud ,Accounting department,4.5,4.0,doubt_solving,positive
Markos Massoud ,Accounting department,4.5,4.0,study_material,positive
Markos Massoud ,Accounting department,4.5,4.0,subject_difficulty,positive
Markos Massoud ,Accounting department,4.0,3.0,explanation_clarity,positive
Markos Massoud ,Accounting department,4.0,3.0,doubt_solving,positive
Markos Massoud ,Accounting department,4.0,3.0,faculty_availability,positive
Markos Massoud ,Accounting department,4.0,3.0,subject_difficulty,positive
Markos Massoud ,Accounting department,3.5,4.0,doubt_solving,positive
Markos Massoud ,Accounting department,3.5,4.0,study_material,positive
Markos Massoud ,Accounting department,4.0,3.0,practical_sessions,positive
Markos Massoud ,Accounting department,4.0,3.0,subject_difficulty,positive
Markos Massoud ,Accounting department,1.5,3.0,explanation_clarity,negative
Markos Massoud ,Accounting department,1.5,3.0,doubt_solving,negative
Markos Massoud ,Accounting department,1.5,3.0,study_material,negative
Markos Massoud ,Accounting department,4.5,4.0,subject_difficulty,positive
Markos Massoud ,Accounting department,5.0,4.0,doubt_solving,positive
Markos Massoud ,Accounting department,5.0,4.0,subject_difficulty,positive
Markos Massoud ,Accounting department,5.0,2.0,doubt_solving,positive
Markos Massoud ,Accounting department,5.0,2.0,faculty_availability,positive
Markos Massoud ,Accounting department,5.0,5.0,subject_difficulty,positive
Markos Massoud ,Accounting department,3.5,5.0,doubt_solving,negative
Markos Massoud ,Accounting department,3.5,5.0,study_material,negative
Markos Massoud ,Accounting department,3.5,5.0,subject_difficulty,negative
Markos Massoud ,Accounting department,4.0,5.0,doubt_solving,positive
Markos Massoud ,Accounting department,4.0,5.0,subject_difficulty,positive
Esther Chung-Kim ,Religious Studies department,1.0,3.0,explanation_clarity,negative
Esther Chung-Kim ,Religious Studies department,1.0,3.0,study_material,negative
Esther Chung-Kim ,Religious Studies department,1.0,3.0,practical_sessions,negative
Esther Chung-Kim ,Religious Studies department,1.0,5.0,explanation_clarity,negative
Esther Chung-Kim ,Religious Studies department,1.0,5.0,study_material,negative
Esther Chung-Kim ,Religious Studies department,1.0,4.0,explanation_clarity,negative
Esther Chung-Kim ,Religious Studies department,1.0,4.0,doubt_solving,negative
Esther Chung-Kim ,Religious Studies department,1.0,4.0,study_material,negative
Esther Chung-Kim ,Religious Studies department,1.0,4.0,faculty_availability,negative
Esther Chung-Kim ,Religious Studies department,1.0,4.0,study_material,negative
Esther Chung-Kim ,Religious Studies department,1.0,4.0,practical_sessions,negative
Esther Chung-Kim ,Religious Studies department,1.0,4.0,subject_difficulty,negative
Esther Chung-Kim ,Religious Studies department,5.0,3.0,subject_difficulty,positive
Esther Chung-Kim ,Religious Studies department,5.0,3.0,study_material,positive
Esther Chung-Kim ,Religious Studies department,4.0,3.0,practical_sessions,positive
Esther Chung-Kim ,Religious Studies department,4.0,3.0,subject_difficulty,positive
Esther Chung-Kim ,Religious Studies department,5.0,3.0,explanation_clarity,positive
Esther Chung-Kim ,Religious Studies department,5.0,3.0,doubt_solving,positive
Esther Chung-Kim ,Religious Studies department,5.0,3.0,study_material,positive
Jamel Velji ,Religious Studies department,5.0,4.0,explanation_clarity,positive
Jamel Velji ,Religious Studies department,5.0,4.0,doubt_solving,positive
Jamel Velji ,Religious Studies department,5.0,4.0,subject_difficulty,positive
Jamel Velji ,Religious Studies department,5.0,2.0,explanation_clarity,positive
Jamel Velji ,Religious Studies department,5.0,2.0,study_material,positive
Jamel Velji ,Religious Studies department,4.0,3.0,explanation_clarity,positive
Jamel Velji ,Religious Studies department,4.0,3.0,study_material,positive
Jamel Velji ,Religious Studies department,4.0,3.0,faculty_availability,positive
Jamel Velji ,Religious Studies department,4.0,4.0,explanation_clarity,positive
Jamel Velji ,Religious Studies department,4.0,4.0,doubt_solving,positive
Jamel Velji ,Religious Studies department,4.0,4.0,study_material,positive
Jamel Velji ,Religious Studies department,4.0,4.0,faculty_availability,positive
Jamel Velji ,Religious Studies department,4.0,4.0,subject_difficulty,positive
Jamel Velji ,Religious Studies department,4.0,4.0,explanation_clarity,negative
Jamel Velji ,Religious Studies department,4.0,4.0,faculty_availability,negative
Jamel Velji ,Religious Studies department,4.0,4.0,subject_difficulty,negative
Jamel Velji ,Religious Studies department,5.0,5.0,doubt_solving,positive
Ron Riggio ,Psychology department,2.0,3.0,explanation_clarity,negative
Ron Riggio ,Psychology department,2.0,3.0,doubt_solving,negative
Ron Riggio ,Psychology department,2.0,3.0,subject_difficulty,negative
Ron Riggio ,Psychology department,5.0,3.0,explanation_clarity,positive
Ron Riggio ,Psychology department,5.0,3.0,practical_sessions,positive
Ron Riggio ,Psychology department,5.0,3.0,subject_difficulty,positive
Ron Riggio ,Psychology department,5.0,2.0,study_material,positive
Ron Riggio ,Psychology department,5.0,2.0,practical_sessions,positive
Ron Riggio ,Psychology department,5.0,2.0,faculty_availability,positive
Ron Riggio ,Psychology department,5.0,2.0,subject_difficulty,positive
Ron Riggio ,Psychology department,1.0,4.0,explanation_clarity,negative
Ron Riggio ,Psychology department,1.0,4.0,study_material,negative
Ron Riggio ,Psychology department,2.0,4.0,explanation_clarity,negative
Ron Riggio ,Psychology department,5.0,3.0,study_material,positive
Ron Riggio ,Psychology department,5.0,3.0,practical_sessions,positive
Ron Riggio ,Psychology department,1.5,2.0,study_material,positive
Ron Riggio ,Psychology department,1.5,2.0,practical_sessions,positive
Ron Riggio ,Psychology department,1.5,2.0,subject_difficulty,positive
Ron Riggio ,Psychology department,1.0,4.0,explanation_clarity,negative
Ron Riggio ,Psychology department,1.0,4.0,doubt_solving,negative
Ron Riggio ,Psychology department,1.0,3.0,explanation_clarity,negative
Ron Riggio ,Psychology department,1.0,3.0,doubt_solving,negative
Ron Riggio ,Psychology department,1.0,3.0,study_material,negative
Ron Riggio ,Psychology department,1.0,5.0,explanation_clarity,negative
Ron Riggio ,Psychology department,1.0,5.0,doubt_solving,negative
Ron Riggio ,Psychology department,1.0,5.0,practical_sessions,negative
Ron Riggio ,Psychology department,1.0,5.0,faculty_availability,negative
Ron Riggio ,Psychology department,1.0,5.0,subject_difficulty,negative
Ron Riggio ,Psychology department,1.5,3.0,explanation_clarity,negative
Ron Riggio ,Psychology department,1.5,3.0,practical_sessions,negative
Ron Riggio ,Psychology department,1.5,3.0,subject_difficulty,negative
Ron Riggio ,Psychology department,1.5,5.0,explanation_clarity,negative
Ron Riggio ,Psychology department,1.5,5.0,doubt_solving,negative
Ron Riggio ,Psychology department,1.5,5.0,practical_sessions,negative
Ron Riggio ,Psychology department,1.5,5.0,faculty_availability,negative
Ron Riggio ,Psychology department,2.0,3.0,explanation_clarity,positive
Ron Riggio ,Psychology department,2.0,3.0,subject_difficulty,positive
Ron Riggio ,Psychology department,2.5,3.0,subject_difficulty,negative
Ron Riggio ,Psychology department,1.0,2.0,doubt_solving,positive
Ron Riggio ,Psychology department,1.0,2.0,study_material,positive
Ron Riggio ,Psychology department,1.0,2.0,practical_sessions,positive
Ron Riggio ,Psychology department,1.0,2.0,subject_difficulty,positive
Ron Riggio ,Psychology department,1.5,4.0,subject_difficulty,negative
Ron Riggio ,Psychology department,3.0,4.0,explanation_clarity,positive
Ron Riggio ,Psychology department,3.0,4.0,practical_sessions,positive
Ron Riggio ,Psychology department,3.0,4.0,subject_difficulty,positive
Ron Riggio ,Psychology department,2.0,4.0,explanation_clarity,neutral
Ron Riggio ,Psychology department,2.0,4.0,doubt_solving,neutral
Ron Riggio ,Psychology department,2.0,4.0,study_material,neutral
Ron Riggio ,Psychology department,1.0,4.0,explanation_clarity,negative
Ron Riggio ,Psychology department,1.0,4.0,doubt_solving,negative
Ron Riggio ,Psychology department,1.0,4.0,practical_sessions,negative
Ron Riggio ,Psychology department,1.0,4.0,subject_difficulty,negative
Ron Riggio ,Psychology department,1.0,3.0,explanation_clarity,negative
Ron Riggio ,Psychology department,1.0,3.0,doubt_solving,negative
Ron Riggio ,Psychology department,1.0,3.0,study_material,negative
Ron Riggio ,Psychology department,1.0,3.0,practical_sessions,negative
Ron Riggio ,Psychology department,4.5,1.0,doubt_solving,positive
Ron Riggio ,Psychology department,4.5,1.0,subject_difficulty,positive
Ron Riggio ,Psychology department,4.0,1.0,doubt_solving,positive
Ron Riggio ,Psychology department,4.0,1.0,subject_difficulty,neutral
Ron Riggio ,Psychology department,5.0,1.0,explanation_clarity,positive
Ron Riggio ,Psychology department,5.0,1.0,doubt_solving,positive
Ron Riggio ,Psychology department,5.0,1.0,study_material,positive
Ron Riggio ,Psychology department,5.0,1.0,practical_sessions,positive
Ron Riggio ,Psychology department,5.0,3.0,explanation_clarity,positive
Ron Riggio ,Psychology department,2.5,2.0,practical_sessions,negative
Christopher Nadon ,Government department,5.0,4.0,practical_sessions,negative
Christopher Nadon ,Government department,5.0,4.0,subject_difficulty,negative
Christopher Nadon ,Government department,5.0,4.0,subject_difficulty,positive
Christopher Nadon ,Government department,5.0,3.0,doubt_solving,neutral
Christopher Nadon ,Government department,2.0,4.0,doubt_solving,negative
Christopher Nadon ,Government department,1.0,4.0,explanation_clarity,negative
Christopher Nadon ,Government department,1.0,4.0,study_material,negative
Christopher Nadon ,Government department,5.0,3.0,explanation_clarity,positive
Christopher Nadon ,Government department,5.0,4.0,study_material,positive
Christopher Nadon ,Government department,5.0,4.0,study_material,positive
Christopher Nadon ,Government department,5.0,4.0,subject_difficulty,positive
Christopher Nadon ,Government department,3.0,3.0,faculty_availability,negative
Christopher Nadon ,Government department,4.5,3.0,subject_difficulty,positive
Christopher Nadon ,Government department,4.5,3.0,study_material,positive
Christopher Nadon ,Government department,4.5,3.0,faculty_availability,positive
Christopher Nadon ,Government department,4.5,3.0,subject_difficulty,positive
Christopher Nadon ,Government department,3.0,4.0,teaching_pace,positive
Christopher Nadon ,Government department,3.0,4.0,doubt_solving,positive
Christopher Nadon ,Government department,3.5,3.0,study_material,negative
Christopher Nadon ,Government department,4.0,2.0,explanation_clarity,positive
Christopher Nadon ,Government department,4.0,2.0,doubt_solving,positive
Christopher Nadon ,Government department,4.0,2.0,study_material,positive
Christopher Nadon ,Government department,4.0,2.0,practical_sessions,positive
Christopher Nadon ,Government department,4.0,2.0,subject_difficulty,positive
Christopher Nadon ,Government department,4.0,4.0,explanation_clarity,positive
Christopher Nadon ,Government department,4.0,4.0,study_material,positive
Christopher Nadon ,Government department,4.5,5.0,study_material,positive
Christopher Nadon ,Government department,5.0,5.0,explanation_clarity,positive
Christopher Nadon ,Government department,5.0,5.0,study_material,positive
Christopher Nadon ,Government department,5.0,5.0,practical_sessions,positive
Christopher Nadon ,Government department,5.0,5.0,subject_difficulty,positive
Piercarlo Valdesolo ,Psychology department,5.0,3.0,doubt_solving,positive
Piercarlo Valdesolo ,Psychology department,5.0,3.0,practical_sessions,positive
Piercarlo Valdesolo ,Psychology department,5.0,3.0,faculty_availability,positive
Piercarlo Valdesolo ,Psychology department,4.0,3.0,explanation_clarity,positive
Piercarlo Valdesolo ,Psychology department,4.0,3.0,study_material,positive
Piercarlo Valdesolo ,Psychology department,4.0,3.0,practical_sessions,positive
Piercarlo Valdesolo ,Psychology department,4.0,3.0,subject_difficulty,positive
Piercarlo Valdesolo ,Psychology department,5.0,3.0,explanation_clarity,positive
Piercarlo Valdesolo ,Psychology department,5.0,3.0,doubt_solving,positive
Piercarlo Valdesolo ,Psychology department,5.0,3.0,study_material,positive
Piercarlo Valdesolo ,Psychology department,5.0,3.0,practical_sessions,positive
Piercarlo Valdesolo ,Psychology department,5.0,2.0,doubt_solving,positive
Piercarlo Valdesolo ,Psychology department,5.0,2.0,practical_sessions,positive
Piercarlo Valdesolo ,Psychology department,5.0,2.0,faculty_availability,positive
Piercarlo Valdesolo ,Psychology department,5.0,2.0,subject_difficulty,positive
Piercarlo Valdesolo ,Psychology department,3.0,3.0,explanation_clarity,negative
Piercarlo Valdesolo ,Psychology department,4.5,2.0,doubt_solving,positive
Piercarlo Valdesolo ,Psychology department,4.5,2.0,subject_difficulty,positive
Piercarlo Valdesolo ,Psychology department,5.0,2.0,doubt_solving,positive
Piercarlo Valdesolo ,Psychology department,5.0,2.0,subject_difficulty,positive
Marie-Denise Shelton ,Modern Languages department,4.0,3.0,explanation_clarity,negative
Marie-Denise Shelton ,Modern Languages department,5.0,3.0,study_material,positive
Marie-Denise Shelton ,Modern Languages department,5.0,3.0,subject_difficulty,positive
Marie-Denise Shelton ,Modern Languages department,5.0,3.0,subject_difficulty,positive
Marie-Denise Shelton ,Modern Languages department,5.0,2.0,explanation_clarity,positive
Marie-Denise Shelton ,Modern Languages department,5.0,2.0,study_material,positive
Marie-Denise Shelton ,Modern Languages department,5.0,2.0,subject_difficulty,positive
Marie-Denise Shelton ,Modern Languages department,5.0,3.0,teaching_pace,positive
Marie-Denise Shelton ,Modern Languages department,5.0,3.0,study_material,positive
Marie-Denise Shelton ,Modern Languages department,5.0,3.0,practical_sessions,positive
Marie-Denise Shelton ,Modern Languages department,5.0,3.0,subject_difficulty,positive
Marie-Denise Shelton ,Modern Languages department,5.0,3.0,explanation_clarity,positive
Marie-Denise Shelton ,Modern Languages department,5.0,3.0,doubt_solving,positive
Marie-Denise Shelton ,Modern Languages department,3.5,2.0,doubt_solving,positive
Marie-Denise Shelton ,Modern Languages department,2.0,5.0,doubt_solving,positive
Marie-Denise Shelton ,Modern Languages department,2.0,5.0,practical_sessions,positive
Marie-Denise Shelton ,Modern Languages department,2.0,5.0,subject_difficulty,positive
Marie-Denise Shelton ,Modern Languages department,4.0,4.0,subject_difficulty,positive
Marie-Denise Shelton ,Modern Languages department,4.5,4.0,doubt_solving,positive
Marie-Denise Shelton ,Modern Languages department,4.5,4.0,study_material,positive
Marie-Denise Shelton ,Modern Languages department,4.5,4.0,practical_sessions,positive
Marie-Denise Shelton ,Modern Languages department,5.0,4.0,doubt_solving,positive
Marie-Denise Shelton ,Modern Languages department,5.0,4.0,practical_sessions,positive
Marie-Denise Shelton ,Modern Languages department,4.5,3.0,doubt_solving,positive
Marie-Denise Shelton ,Modern Languages department,3.5,3.0,faculty_availability,positive
Roderic Camp ,Government department,4.5,4.0,explanation_clarity,positive
Roderic Camp ,Government department,4.5,4.0,study_material,positive
Roderic Camp ,Government department,4.5,4.0,faculty_availability,positive
Roderic Camp ,Government department,5.0,4.0,subject_difficulty,positive
Roderic Camp ,Government department,5.0,2.0,study_material,positive
Roderic Camp ,Government department,5.0,5.0,doubt_solving,positive
Roderic Camp ,Government department,4.5,4.0,study_material,positive
Roderic Camp ,Government department,5.0,3.0,study_material,positive
Roderic Camp ,Government department,5.0,3.0,practical_sessions,positive
Roderic Camp ,Government department,4.0,4.0,faculty_availability,positive
Roderic Camp ,Government department,4.5,3.0,explanation_clarity,positive
Roderic Camp ,Government department,4.5,3.0,doubt_solving,positive
Roderic Camp ,Government department,4.5,3.0,study_material,positive
Roderic Camp ,Government department,4.0,3.0,explanation_clarity,positive
Roderic Camp ,Government department,4.0,3.0,study_material,positive
Roderic Camp ,Government department,5.0,4.0,explanation_clarity,positive
Roderic Camp ,Government department,5.0,4.0,doubt_solving,positive
Roderic Camp ,Government department,5.0,4.0,subject_difficulty,positive
Roderic Camp ,Government department,5.0,4.0,doubt_solving,positive
Roderic Camp ,Government department,5.0,4.0,subject_difficulty,positive
Darren Filson ,Economics department,3.5,2.0,practical_sessions,positive
Darren Filson ,Economics department,3.5,2.0,subject_difficulty,positive
Darren Filson ,Economics department,1.0,5.0,explanation_clarity,negative
Darren Filson ,Economics department,1.0,5.0,doubt_solving,negative
Darren Filson ,Economics department,1.0,5.0,faculty_availability,negative
Darren Filson ,Economics department,3.0,5.0,doubt_solving,negative
Darren Filson ,Economics department,3.0,5.0,practical_sessions,negative
Darren Filson ,Economics department,5.0,4.0,explanation_clarity,positive
Darren Filson ,Economics department,5.0,4.0,doubt_solving,positive
Darren Filson ,Economics department,5.0,4.0,study_material,positive
Darren Filson ,Economics department,5.0,4.0,practical_sessions,positive
Darren Filson ,Economics department,4.0,3.0,explanation_clarity,positive
Darren Filson ,Economics department,4.0,2.0,practical_sessions,neutral
Darren Filson ,Economics department,2.0,4.0,explanation_clarity,negative
Darren Filson ,Economics department,2.0,4.0,practical_sessions,negative
Darren Filson ,Economics department,2.0,5.0,study_material,negative
Darren Filson ,Economics department,2.0,5.0,practical_sessions,negative
Sylvie Young ,Modern Languages department,5.0,3.0,explanation_clarity,positive
Sylvie Young ,Modern Languages department,5.0,3.0,practical_sessions,positive
Sylvie Young ,Modern Languages department,5.0,3.0,subject_difficulty,positive
Sylvie Young ,Modern Languages department,5.0,3.0,subject_difficulty,positive
Sylvie Young ,Modern Languages department,5.0,4.0,study_material,positive
Sylvie Young ,Modern Languages department,5.0,4.0,practical_sessions,positive
Sylvie Young ,Modern Languages department,5.0,4.0,subject_difficulty,positive
Sylvie Young ,Modern Languages department,5.0,4.0,explanation_clarity,positive
Sylvie Young ,Modern Languages department,5.0,4.0,practical_sessions,positive
Sylvie Young ,Modern Languages department,5.0,2.0,doubt_solving,positive
Sylvie Young ,Modern Languages department,5.0,2.0,faculty_availability,positive
Sylvie Young ,Modern Languages department,5.0,2.0,subject_difficulty,positive
Adam Johns ,Chemistry department,5.0,3.0,doubt_solving,positive
Adam Johns ,Chemistry department,5.0,4.0,doubt_solving,positive
Babak Sanii ,Chemistry department,5.0,5.0,explanation_clarity,positive
Babak Sanii ,Chemistry department,5.0,5.0,doubt_solving,positive
Babak Sanii ,Chemistry department,5.0,5.0,study_material,positive
Babak Sanii ,Chemistry department,5.0,5.0,faculty_availability,positive
Babak Sanii ,Chemistry department,5.0,5.0,subject_difficulty,positive
Babak Sanii ,Chemistry department,4.0,4.0,study_material,negative
Babak Sanii ,Chemistry department,4.0,4.0,faculty_availability,negative
Babak Sanii ,Chemistry department,4.0,4.0,subject_difficulty,negative
Babak Sanii ,Chemistry department,3.0,4.0,doubt_solving,negative
Babak Sanii ,Chemistry department,3.0,4.0,faculty_availability,negative
Babak Sanii ,Chemistry department,3.0,4.0,subject_difficulty,negative
Babak Sanii ,Chemistry department,5.0,2.0,doubt_solving,positive
Babak Sanii ,Chemistry department,5.0,2.0,faculty_availability,positive
Babak Sanii ,Chemistry department,5.0,3.0,explanation_clarity,positive
Babak Sanii ,Chemistry department,5.0,3.0,doubt_solving,positive
Babak Sanii ,Chemistry department,5.0,3.0,faculty_availability,positive
Babak Sanii ,Chemistry department,4.0,3.0,doubt_solving,positive
Babak Sanii ,Chemistry department,4.0,3.0,study_material,positive
Babak Sanii ,Chemistry department,4.0,3.0,practical_sessions,positive
Babak Sanii ,Chemistry department,4.0,3.0,subject_difficulty,positive
Babak Sanii ,Chemistry department,5.0,3.0,doubt_solving,positive
Babak Sanii ,Chemistry department,4.5,3.0,doubt_solving,positive
Babak Sanii ,Chemistry department,4.5,3.0,study_material,positive
Babak Sanii ,Chemistry department,4.5,3.0,doubt_solving,positive
Babak Sanii ,Chemistry department,4.5,3.0,study_material,positive
Babak Sanii ,Chemistry department,4.5,3.0,faculty_availability,positive
Babak Sanii ,Chemistry department,4.5,3.0,doubt_solving,positive
Babak Sanii ,Chemistry department,4.5,3.0,practical_sessions,positive
Babak Sanii ,Chemistry department,4.5,3.0,faculty_availability,positive
Babak Sanii ,Chemistry department,4.5,3.0,subject_difficulty,positive
Babak Sanii ,Chemistry department,5.0,3.0,doubt_solving,positive
Babak Sanii ,Chemistry department,5.0,2.0,doubt_solving,positive
Babak Sanii ,Chemistry department,5.0,2.0,explanation_clarity,positive
Babak Sanii ,Chemistry department,5.0,2.0,practical_sessions,positive
Babak Sanii ,Chemistry department,5.0,2.0,subject_difficulty,positive
Roberta Engel ,Biology department,3.5,3.0,explanation_clarity,negative
Roberta Engel ,Biology department,3.5,3.0,doubt_solving,negative
Roberta Engel ,Biology department,3.5,3.0,study_material,negative
Roberta Engel ,Biology department,3.5,3.0,practical_sessions,negative
Meric Keskinel ,Economics department,4.0,3.0,explanation_clarity,positive
Meric Keskinel ,Economics department,4.0,3.0,teaching_pace,positive
Meric Keskinel ,Economics department,4.0,3.0,doubt_solving,positive
Meric Keskinel ,Economics department,4.0,3.0,study_material,positive
Meric Keskinel ,Economics department,4.0,3.0,subject_difficulty,positive
Meric Keskinel ,Economics department,4.0,1.0,study_material,positive
Meric Keskinel ,Economics department,4.0,1.0,practical_sessions,positive
Meric Keskinel ,Economics department,4.0,1.0,subject_difficulty,positive
Meric Keskinel ,Economics department,5.0,3.0,practical_sessions,positive
Meric Keskinel ,Economics department,3.5,2.0,study_material,positive
Meric Keskinel ,Economics department,3.5,2.0,practical_sessions,positive
Meric Keskinel ,Economics department,3.5,2.0,subject_difficulty,positive
Meric Keskinel ,Economics department,3.5,1.0,practical_sessions,positive
Meric Keskinel ,Economics department,2.0,4.0,study_material,negative
Meric Keskinel ,Economics department,2.0,4.0,practical_sessions,neutral
Meric Keskinel ,Economics department,2.0,4.0,subject_difficulty,neutral
Meric Keskinel ,Economics department,5.0,1.0,subject_difficulty,positive
Meric Keskinel ,Economics department,5.0,3.0,study_material,positive
Meric Keskinel ,Economics department,5.0,3.0,practical_sessions,positive
Meric Keskinel ,Economics department,5.0,3.0,subject_difficulty,positive
Meric Keskinel ,Economics department,4.0,2.0,doubt_solving,positive
Meric Keskinel ,Economics department,4.0,2.0,practical_sessions,positive
Meric Keskinel ,Economics department,2.5,4.0,study_material,negative
Meric Keskinel ,Economics department,2.5,4.0,practical_sessions,negative
Meric Keskinel ,Economics department,2.5,4.0,subject_difficulty,negative
Meric Keskinel ,Economics department,4.5,2.0,practical_sessions,positive
Meric Keskinel ,Economics department,4.5,2.0,subject_difficulty,positive
Meric Keskinel ,Economics department,4.5,3.0,practical_sessions,positive
Meric Keskinel ,Economics department,4.5,3.0,subject_difficulty,positive
