comment_id,original_comment,aspect,rule_based_sentiment,correct_sentiment,aspect_correct
0,"Straightforward lectures, reasonable tests, and easy homework (which can be done with 100% as long as you do it and not give up). Lectures have REEF polls which will require you to stick around in the lecture room; otherwise, you will lose 10% for participation. Rinaldi is very reasonable and accessible, though her office is a bit hard to find.",explanation_clarity,negative,positive,yes
0,"Straightforward lectures, reasonable tests, and easy homework (which can be done with 100% as long as you do it and not give up). Lectures have REEF polls which will require you to stick around in the lecture room; otherwise, you will lose 10% for participation. Rinaldi is very reasonable and accessible, though her office is a bit hard to find.",practical_sessions,negative,positive,yes
0,"Straightforward lectures, reasonable tests, and easy homework (which can be done with 100% as long as you do it and not give up). Lectures have REEF polls which will require you to stick around in the lecture room; otherwise, you will lose 10% for participation. Rinaldi is very reasonable and accessible, though her office is a bit hard to find.",faculty_availability,negative,positive,yes
0,"Straightforward lectures, reasonable tests, and easy homework (which can be done with 100% as long as you do it and not give up). Lectures have REEF polls which will require you to stick around in the lecture room; otherwise, you will lose 10% for participation. Rinaldi is very reasonable and accessible, though her office is a bit hard to find.",subject_difficulty,negative,positive,yes
1,Really funny guy. He gives ridiculous (but applicable) real life examples that usually get lots of laughs. Emails study guides for each chapter. Usually gives 1 long homework assignement every few weeks.,doubt_solving,positive,positive,yes
1,Really funny guy. He gives ridiculous (but applicable) real life examples that usually get lots of laughs. Emails study guides for each chapter. Usually gives 1 long homework assignement every few weeks.,practical_sessions,positive,positive,yes
2,"Love Uvin! He is an engaging and fair teacher. Classes are discussion-based and you get out what you and your classmates put in (reading and effort-wise.) He has an approach of lots of little projects as opposed to larger, more stressful, papers and projects. I developed a real depth of knowledge, had fun, and felt overall very supported.",study_material,positive,positive,yes
2,"Love Uvin! He is an engaging and fair teacher. Classes are discussion-based and you get out what you and your classmates put in (reading and effort-wise.) He has an approach of lots of little projects as opposed to larger, more stressful, papers and projects. I developed a real depth of knowledge, had fun, and felt overall very supported.",practical_sessions,positive,positive,yes
2,"Love Uvin! He is an engaging and fair teacher. Classes are discussion-based and you get out what you and your classmates put in (reading and effort-wise.) He has an approach of lots of little projects as opposed to larger, more stressful, papers and projects. I developed a real depth of knowledge, had fun, and felt overall very supported.",subject_difficulty,positive,positive,yes
3,"Professor Dashaputre is the teacher you want for Organic Chemistry. She is helpful and open to spending time with you individually if you are struggling in any way, however, that being said the class is difficult as you would expect and the tests (while similar to the practice exams) are about 4x as hard.",doubt_solving,positive,positive,yes
3,"Professor Dashaputre is the teacher you want for Organic Chemistry. She is helpful and open to spending time with you individually if you are struggling in any way, however, that being said the class is difficult as you would expect and the tests (while similar to the practice exams) are about 4x as hard.",practical_sessions,neutral,negative,yes
3,"Professor Dashaputre is the teacher you want for Organic Chemistry. She is helpful and open to spending time with you individually if you are struggling in any way, however, that being said the class is difficult as you would expect and the tests (while similar to the practice exams) are about 4x as hard.",subject_difficulty,neutral,negative,yes
4,His class is fairly easy (1 page paper a week) until the end.  Then he smacks you with a 20 page final!,subject_difficulty,positive,positive,yes
5,Great teacher makes subject material very interesting not a walk in the park though definitely need to put in the work to get the grade but her expectations are very clear.,study_material,positive,positive,yes
5,Great teacher makes subject material very interesting not a walk in the park though definitely need to put in the work to get the grade but her expectations are very clear.,explanation_clarity,positive,positive,yes
6,Really straightforward material that is easy to grasp if you have any mathematical ability.  You don't have to read the text to get a decent grade just go to class and take good notes.  Homework assignments are helpful and exams are challenging only at some parts and for the most part straightforward. Hightly reccommended,doubt_solving,positive,positive,yes
6,Really straightforward material that is easy to grasp if you have any mathematical ability.  You don't have to read the text to get a decent grade just go to class and take good notes.  Homework assignments are helpful and exams are challenging only at some parts and for the most part straightforward. Hightly reccommended,study_material,positive,positive,yes
6,Really straightforward material that is easy to grasp if you have any mathematical ability.  You don't have to read the text to get a decent grade just go to class and take good notes.  Homework assignments are helpful and exams are challenging only at some parts and for the most part straightforward. Hightly reccommended,practical_sessions,positive,positive,yes
6,Really straightforward material that is easy to grasp if you have any mathematical ability.  You don't have to read the text to get a decent grade just go to class and take good notes.  Homework assignments are helpful and exams are challenging only at some parts and for the most part straightforward. Hightly reccommended,subject_difficulty,positive,positive,yes
7,"Best professor I've had at JSD. She makes ochem a very bearable subject and not as scary as people make it sound. Definitely my favorite class of the semester. Her exams were fair, minus the final which was very, very tough! Has problem solving sessions and a trillion office hours. She is the nicest/cutest lady ever.",doubt_solving,positive,positive,yes
7,"Best professor I've had at JSD. She makes ochem a very bearable subject and not as scary as people make it sound. Definitely my favorite class of the semester. Her exams were fair, minus the final which was very, very tough! Has problem solving sessions and a trillion office hours. She is the nicest/cutest lady ever.",practical_sessions,positive,positive,yes
7,"Best professor I've had at JSD. She makes ochem a very bearable subject and not as scary as people make it sound. Definitely my favorite class of the semester. Her exams were fair, minus the final which was very, very tough! Has problem solving sessions and a trillion office hours. She is the nicest/cutest lady ever.",faculty_availability,positive,positive,yes
7,"Best professor I've had at JSD. She makes ochem a very bearable subject and not as scary as people make it sound. Definitely my favorite class of the semester. Her exams were fair, minus the final which was very, very tough! Has problem solving sessions and a trillion office hours. She is the nicest/cutest lady ever.",subject_difficulty,positive,positive,yes
8,"Exams are tough and count for 75% of your grade, but Prof. Feitosa gives a lot of outside resources (TAs, QCL mentor, recorded lectures, extra assignments) that can be very helpful. She really wants you to succeed, but the exams count for way too much and are often graded pretty harshly.",practical_sessions,positive,positive,yes
8,"Exams are tough and count for 75% of your grade, but Prof. Feitosa gives a lot of outside resources (TAs, QCL mentor, recorded lectures, extra assignments) that can be very helpful. She really wants you to succeed, but the exams count for way too much and are often graded pretty harshly.",subject_difficulty,negative,negative,yes
8,"Exams are tough and count for 75% of your grade, but Prof. Feitosa gives a lot of outside resources (TAs, QCL mentor, recorded lectures, extra assignments) that can be very helpful. She really wants you to succeed, but the exams count for way too much and are often graded pretty harshly.",explanation_clarity,positive,positive,yes
8,"Exams are tough and count for 75% of your grade, but Prof. Feitosa gives a lot of outside resources (TAs, QCL mentor, recorded lectures, extra assignments) that can be very helpful. She really wants you to succeed, but the exams count for way too much and are often graded pretty harshly.",doubt_solving,positive,positive,yes
8,"Exams are tough and count for 75% of your grade, but Prof. Feitosa gives a lot of outside resources (TAs, QCL mentor, recorded lectures, extra assignments) that can be very helpful. She really wants you to succeed, but the exams count for way too much and are often graded pretty harshly.",study_material,positive,positive,yes
9,"He is not as bad as everyone makes him out to be! Yes, he yelled at the class a few times, BUT I'm not going to lie, our class can be very disrespectful and rude. You do have to read from the textbook quite a bit, but he breaks up the sections so it is very manageable. He is also helpful in office hours. You get what you put in from this class.",study_material,negative,negative,yes
9,"He is not as bad as everyone makes him out to be! Yes, he yelled at the class a few times, BUT I'm not going to lie, our class can be very disrespectful and rude. You do have to read from the textbook quite a bit, but he breaks up the sections so it is very manageable. He is also helpful in office hours. You get what you put in from this class.",doubt_solving,positive,neutral,yes
9,"He is not as bad as everyone makes him out to be! Yes, he yelled at the class a few times, BUT I'm not going to lie, our class can be very disrespectful and rude. You do have to read from the textbook quite a bit, but he breaks up the sections so it is very manageable. He is also helpful in office hours. You get what you put in from this class.",faculty_availability,positive,neutral,yes
9,"He is not as bad as everyone makes him out to be! Yes, he yelled at the class a few times, BUT I'm not going to lie, our class can be very disrespectful and rude. You do have to read from the textbook quite a bit, but he breaks up the sections so it is very manageable. He is also helpful in office hours. You get what you put in from this class.",subject_difficulty,positive,neutral,yes
10,"Neuroscience 1. She is the most approachable, friendly, funny, up-beat lady (which is awesome for a Neuroscience class). Always willing to meet with students in her office and offers great 1 on 1 help. Makes lab fun! Highly recommended!",doubt_solving,positive,positive,yes
10,"Neuroscience 1. She is the most approachable, friendly, funny, up-beat lady (which is awesome for a Neuroscience class). Always willing to meet with students in her office and offers great 1 on 1 help. Makes lab fun! Highly recommended!",practical_sessions,positive,positive,yes
10,"Neuroscience 1. She is the most approachable, friendly, funny, up-beat lady (which is awesome for a Neuroscience class). Always willing to meet with students in her office and offers great 1 on 1 help. Makes lab fun! Highly recommended!",faculty_availability,positive,positive,yes
11,"All she wants to talk about are her research articles. That is NOT intro to psych dude! I needed intro to psych since I am a psych major and I learnt nothing in her class. She does not even give extra credit. Tough grader, tough tests. Run dude, run!",practical_sessions,positive,negative,yes
11,"All she wants to talk about are her research articles. That is NOT intro to psych dude! I needed intro to psych since I am a psych major and I learnt nothing in her class. She does not even give extra credit. Tough grader, tough tests. Run dude, run!",subject_difficulty,positive,negative,yes
12,"Leland is extremely insightful. He does not dumb down his insights. Those who have only been casually exposed to literature & literary analysis in high school will naturally find him challenging. If you are deeply fascinated by literature, take his class. His commentaries are substantial and his perspective eye-opening.",subject_difficulty,positive,positive,yes
13,"Good lecturer, very organized and knowledgeable about his subjects. I recommend him.",explanation_clarity,positive,positive,yes
14,"Prof. Espinosa is very knowledgable and sophisticated. He assignes more readings and papers than average, but he also gives very detailed feedbacks. He corrects all the papers very thoroughly and I feel like I come out of this class a better writer. He is a tough grader, rarely gives out A or A-, mostly B+.",study_material,positive,positive,yes
14,"Prof. Espinosa is very knowledgable and sophisticated. He assignes more readings and papers than average, but he also gives very detailed feedbacks. He corrects all the papers very thoroughly and I feel like I come out of this class a better writer. He is a tough grader, rarely gives out A or A-, mostly B+.",doubt_solving,positive,positive,yes
14,"Prof. Espinosa is very knowledgable and sophisticated. He assignes more readings and papers than average, but he also gives very detailed feedbacks. He corrects all the papers very thoroughly and I feel like I come out of this class a better writer. He is a tough grader, rarely gives out A or A-, mostly B+.",subject_difficulty,positive,positive,yes
15,I have taken several classes with Prof. Bjornlie and I really love his teaching style. A good combination of lecture and discussion. You must come prepared to class and put thought into your papers. Not all of his classes have tests.,explanation_clarity,positive,positive,yes
15,I have taken several classes with Prof. Bjornlie and I really love his teaching style. A good combination of lecture and discussion. You must come prepared to class and put thought into your papers. Not all of his classes have tests.,practical_sessions,positive,positive,yes
16,Professor Antill was a great FHS teacher. Class was Faith and Reason and he really knew how to analyze religious arguments. Class was very thought provoking and interesting. No textbook only online readings too! Only criticism is he grades papers pretty tough and they are 90% of your grade and his grading scale isn't totally clear.,explanation_clarity,positive,positive,yes
16,Professor Antill was a great FHS teacher. Class was Faith and Reason and he really knew how to analyze religious arguments. Class was very thought provoking and interesting. No textbook only online readings too! Only criticism is he grades papers pretty tough and they are 90% of your grade and his grading scale isn't totally clear.,study_material,positive,positive,yes
16,Professor Antill was a great FHS teacher. Class was Faith and Reason and he really knew how to analyze religious arguments. Class was very thought provoking and interesting. No textbook only online readings too! Only criticism is he grades papers pretty tough and they are 90% of your grade and his grading scale isn't totally clear.,subject_difficulty,positive,positive,yes
17,"I'd like to note that Giulio remains the best professor I've ever had. Not only is Giulio personable and incredibly supportive, he is brilliant!. His notes and suggestions on papers are the most thorough I've ever seen. I wish he was still here because his classes were inspirational and the highlight of my educational experience.",study_material,positive,positive,yes
18,"Any IR major should definitely go meet with Haley. He's a great advisor and will really take care of you if you get to know him. He's getting senile, so he rambles a lot in class, but if you go to office hours a bunch you can do fine in the class.",faculty_availability,positive,positive,yes
18,"Any IR major should definitely go meet with Haley. He's a great advisor and will really take care of you if you get to know him. He's getting senile, so he rambles a lot in class, but if you go to office hours a bunch you can do fine in the class.",doubt_solving,positive,positive,yes
19,"apparently much improved from last time, but has trouble understanding questions. teaches advanced topics that are not on the test (he just thinks they're important to know). do the reading if you haven't taken stats before, otherwise skim. workload is reasonable.",doubt_solving,neutral,neutral,yes
19,"apparently much improved from last time, but has trouble understanding questions. teaches advanced topics that are not on the test (he just thinks they're important to know). do the reading if you haven't taken stats before, otherwise skim. workload is reasonable.",study_material,neutral,neutral,yes
19,"apparently much improved from last time, but has trouble understanding questions. teaches advanced topics that are not on the test (he just thinks they're important to know). do the reading if you haven't taken stats before, otherwise skim. workload is reasonable.",practical_sessions,neutral,neutral,yes
19,"apparently much improved from last time, but has trouble understanding questions. teaches advanced topics that are not on the test (he just thinks they're important to know). do the reading if you haven't taken stats before, otherwise skim. workload is reasonable.",subject_difficulty,neutral,neutral,yes
20,"I am not interested in American Gov per se, but I liked gov 20. The strunk and white approach is too fundamentalist for me, but go to the writing ctr and you will be ok. does excellent imitations-his lectures were almost theatrical. Fair grader, and tries and largely succeeds to be fair politically even though he is definitely conservative.",explanation_clarity,positive,positive,yes
21,"You'll have to read a lot, but all the readings are chosen exceptionally well and, mostly, give you a fair representation of different sides' arguments. Prof Muravchik is very kind, caring, and accomodating. You can easily get an A without any background knowledge about American Politics if you read carefully and ask for help if necessary.",doubt_solving,positive,positive,yes
21,"You'll have to read a lot, but all the readings are chosen exceptionally well and, mostly, give you a fair representation of different sides' arguments. Prof Muravchik is very kind, caring, and accomodating. You can easily get an A without any background knowledge about American Politics if you read carefully and ask for help if necessary.",study_material,positive,positive,yes
22,Great prof.  Really helpful.  Good class discussions.,doubt_solving,positive,positive,yes
23,"I love professor Aitel! She does her best to keep the class interested during discussions and is always asking questions so everyone can participate. Though she assigns a good amount of homework, I found it all to be very interesting.",doubt_solving,positive,positive,yes
23,"I love professor Aitel! She does her best to keep the class interested during discussions and is always asking questions so everyone can participate. Though she assigns a good amount of homework, I found it all to be very interesting.",practical_sessions,positive,positive,yes
24,"AGAIN: Don't take her if you don't have to. Course is a waste of time and you will come out of class with no understanding of the material. Poorly organized structure, poor communication, and little grasp of the class dynamic. Two thumbs down.",study_material,negative,negative,yes
25,"He's a smart guy but tests are insanely hard. Goes pretty fast during lectures making it hard to keep up. Sometimes makes you feel a little out of place when asking a question, but overall very helpful if you ask in recitation/office hours. Problem sets are a nightmare.",explanation_clarity,positive,neutral,yes
25,"He's a smart guy but tests are insanely hard. Goes pretty fast during lectures making it hard to keep up. Sometimes makes you feel a little out of place when asking a question, but overall very helpful if you ask in recitation/office hours. Problem sets are a nightmare.",teaching_pace,positive,neutral,yes
25,"He's a smart guy but tests are insanely hard. Goes pretty fast during lectures making it hard to keep up. Sometimes makes you feel a little out of place when asking a question, but overall very helpful if you ask in recitation/office hours. Problem sets are a nightmare.",doubt_solving,positive,neutral,yes
25,"He's a smart guy but tests are insanely hard. Goes pretty fast during lectures making it hard to keep up. Sometimes makes you feel a little out of place when asking a question, but overall very helpful if you ask in recitation/office hours. Problem sets are a nightmare.",practical_sessions,positive,neutral,yes
25,"He's a smart guy but tests are insanely hard. Goes pretty fast during lectures making it hard to keep up. Sometimes makes you feel a little out of place when asking a question, but overall very helpful if you ask in recitation/office hours. Problem sets are a nightmare.",subject_difficulty,positive,neutral,yes
25,"He's a smart guy but tests are insanely hard. Goes pretty fast during lectures making it hard to keep up. Sometimes makes you feel a little out of place when asking a question, but overall very helpful if you ask in recitation/office hours. Problem sets are a nightmare.",faculty_availability,positive,neutral,yes
26,"Professor Riggio was helpful outside of class though you don't need much help for this class (just read the textbook). His comments in class were often different from the textbook that he wrote, which was confusing. Not an amazing lecturer but does not ask for participation so it's all good. People just end up doing their own thing in class.",explanation_clarity,neutral,neutral,yes
26,"Professor Riggio was helpful outside of class though you don't need much help for this class (just read the textbook). His comments in class were often different from the textbook that he wrote, which was confusing. Not an amazing lecturer but does not ask for participation so it's all good. People just end up doing their own thing in class.",doubt_solving,neutral,neutral,yes
26,"Professor Riggio was helpful outside of class though you don't need much help for this class (just read the textbook). His comments in class were often different from the textbook that he wrote, which was confusing. Not an amazing lecturer but does not ask for participation so it's all good. People just end up doing their own thing in class.",study_material,neutral,neutral,yes
27,This class is a combination of stress and relaxation. The midterm and final were demanding (studying required) but we only had one short paper on top of the tests for the entire semester. Class readings are not too hard but you have to be ready for cold calls in class.,subject_difficulty,positive,positive,yes
27,This class is a combination of stress and relaxation. The midterm and final were demanding (studying required) but we only had one short paper on top of the tests for the entire semester. Class readings are not too hard but you have to be ready for cold calls in class.,study_material,positive,positive,yes
27,This class is a combination of stress and relaxation. The midterm and final were demanding (studying required) but we only had one short paper on top of the tests for the entire semester. Class readings are not too hard but you have to be ready for cold calls in class.,practical_sessions,positive,positive,yes
28,Take his class. You won't regret it. He honestly wants you to do well and if you don't understand go to his office hours and he will make it simple to understand. He is by far one of the best prof. at keck.,doubt_solving,positive,positive,yes
28,Take his class. You won't regret it. He honestly wants you to do well and if you don't understand go to his office hours and he will make it simple to understand. He is by far one of the best prof. at keck.,faculty_availability,positive,positive,yes
28,Take his class. You won't regret it. He honestly wants you to do well and if you don't understand go to his office hours and he will make it simple to understand. He is by far one of the best prof. at keck.,subject_difficulty,positive,positive,yes
29,"He's by far the best Professor at CMC. I have never met a person who has not been fascinated by him, and his classes are incredibly interesting. Easily my favorite class I've taken. Cannot stress enough how amazing this dude and class are. ",faculty_availability,positive,positive,yes
29,"He's by far the best Professor at CMC. I have never met a person who has not been fascinated by him, and his classes are incredibly interesting. Easily my favorite class I've taken. Cannot stress enough how amazing this dude and class are. ",subject_difficulty,positive,positive,yes
30,"His religion and modernity class is very interesting. He is very knowledgeable and dedicated. There is quite a lot of essays and readings but he helps you through it, and he always does one on one consultation before any essays are due. Overall, I recomend.",study_material,positive,positive,yes
30,"His religion and modernity class is very interesting. He is very knowledgeable and dedicated. There is quite a lot of essays and readings but he helps you through it, and he always does one on one consultation before any essays are due. Overall, I recomend.",doubt_solving,positive,positive,yes
31,"Despite other arguments, Haskell is not a good teacher. He doesn't answer questions but instead defers them to the students without giving any answer. He is completely unhelpful and often doesn't reply to e-mail. He spends class time making condecscending jokes and dropping the names of all the 'important' people he knows. Don't put yourself in hel",doubt_solving,negative,negative,yes
32,"Says she wants people to like chem or at least feel confident in it- did not achieve either with me. Went to her office hours a lot but she was scattered and very unhelpful. Poor job of explaining difficult concepts and often forgot to teach things in class that were then on homework, used in lab or on tests. Good intentions but failed execution.",doubt_solving,positive,negative,yes
32,"Says she wants people to like chem or at least feel confident in it- did not achieve either with me. Went to her office hours a lot but she was scattered and very unhelpful. Poor job of explaining difficult concepts and often forgot to teach things in class that were then on homework, used in lab or on tests. Good intentions but failed execution.",faculty_availability,positive,negative,yes
32,"Says she wants people to like chem or at least feel confident in it- did not achieve either with me. Went to her office hours a lot but she was scattered and very unhelpful. Poor job of explaining difficult concepts and often forgot to teach things in class that were then on homework, used in lab or on tests. Good intentions but failed execution.",explanation_clarity,negative,negative,yes
32,"Says she wants people to like chem or at least feel confident in it- did not achieve either with me. Went to her office hours a lot but she was scattered and very unhelpful. Poor job of explaining difficult concepts and often forgot to teach things in class that were then on homework, used in lab or on tests. Good intentions but failed execution.",practical_sessions,negative,negative,yes
32,"Says she wants people to like chem or at least feel confident in it- did not achieve either with me. Went to her office hours a lot but she was scattered and very unhelpful. Poor job of explaining difficult concepts and often forgot to teach things in class that were then on homework, used in lab or on tests. Good intentions but failed execution.",subject_difficulty,negative,negative,yes
33,"Kind, genuine professor who gives plenty of opportunities for extra credit. Readings are contemporary and applicable to modern day society, which is especially handy considering ""moral and political issues."" Only drawback is he assigns reading responses for every class due in the middle of the day, the day before class- so it's fairly inconvenient",study_material,positive,neutral,yes
34,"Best professor I have taken in College.  The only bad ratings he has is from people who do bad in his class, as long as you work hard and go to class you will do good.",subject_difficulty,negative,positive,yes
35,"Professor Pitney is amazing. If you have any interest in politics, you must take a class with him. His lectures are engaging, and he leaves ample time for student questions. His essay topics are clear and sometimes personalized, which shows how much he cares about his students. I learned so much in his GOV020H course. Work hard and you'll do well.",explanation_clarity,positive,positive,yes
35,"Professor Pitney is amazing. If you have any interest in politics, you must take a class with him. His lectures are engaging, and he leaves ample time for student questions. His essay topics are clear and sometimes personalized, which shows how much he cares about his students. I learned so much in his GOV020H course. Work hard and you'll do well.",doubt_solving,positive,positive,yes
35,"Professor Pitney is amazing. If you have any interest in politics, you must take a class with him. His lectures are engaging, and he leaves ample time for student questions. His essay topics are clear and sometimes personalized, which shows how much he cares about his students. I learned so much in his GOV020H course. Work hard and you'll do well.",subject_difficulty,positive,positive,yes
36,"Very interested in his students learning.  Practices lectures to himself in his office! (haha)  Not good at keeping you updated on your score.  TOUGH EXAMS.  Sweet guy, very thick accent.  His lectures are very difficult to understant, but he provides thorough powerpoints.",explanation_clarity,positive,neutral,yes
36,"Very interested in his students learning.  Practices lectures to himself in his office! (haha)  Not good at keeping you updated on your score.  TOUGH EXAMS.  Sweet guy, very thick accent.  His lectures are very difficult to understant, but he provides thorough powerpoints.",practical_sessions,positive,neutral,yes
36,"Very interested in his students learning.  Practices lectures to himself in his office! (haha)  Not good at keeping you updated on your score.  TOUGH EXAMS.  Sweet guy, very thick accent.  His lectures are very difficult to understant, but he provides thorough powerpoints.",subject_difficulty,positive,neutral,yes
36,"Very interested in his students learning.  Practices lectures to himself in his office! (haha)  Not good at keeping you updated on your score.  TOUGH EXAMS.  Sweet guy, very thick accent.  His lectures are very difficult to understant, but he provides thorough powerpoints.",study_material,neutral,neutral,yes
37,"Prof Ferree is very nice, but that doesn't mean he's a good prof. His lectures are very disorganized and his grading style is that he doesn't give feedback. He also doesn't believe in practice tests because he wants to be able to change up his style of assessment. He is unpredictable and can put students to sleep with his monotone voice.",explanation_clarity,positive,negative,yes
37,"Prof Ferree is very nice, but that doesn't mean he's a good prof. His lectures are very disorganized and his grading style is that he doesn't give feedback. He also doesn't believe in practice tests because he wants to be able to change up his style of assessment. He is unpredictable and can put students to sleep with his monotone voice.",doubt_solving,positive,negative,yes
37,"Prof Ferree is very nice, but that doesn't mean he's a good prof. His lectures are very disorganized and his grading style is that he doesn't give feedback. He also doesn't believe in practice tests because he wants to be able to change up his style of assessment. He is unpredictable and can put students to sleep with his monotone voice.",practical_sessions,positive,negative,yes
38,"He is a great teacher, and one of the best for an intro class. Tests are super easy as he gives questions to you beforehand. Super helpful in office hours, and always willing to help. Must take his class",doubt_solving,positive,positive,yes
38,"He is a great teacher, and one of the best for an intro class. Tests are super easy as he gives questions to you beforehand. Super helpful in office hours, and always willing to help. Must take his class",practical_sessions,positive,positive,yes
38,"He is a great teacher, and one of the best for an intro class. Tests are super easy as he gives questions to you beforehand. Super helpful in office hours, and always willing to help. Must take his class",faculty_availability,positive,positive,yes
38,"He is a great teacher, and one of the best for an intro class. Tests are super easy as he gives questions to you beforehand. Super helpful in office hours, and always willing to help. Must take his class",subject_difficulty,positive,positive,yes
39,"I completely agree with another comment--she is super friendly and passionate, but she does not explain things well at all.  The best example of this is a lecture that we were told to read chapter 11 for.  It touched on topics in four different chapters, three of which the reading outline never mentioned.",explanation_clarity,positive,neutral,yes
39,"I completely agree with another comment--she is super friendly and passionate, but she does not explain things well at all.  The best example of this is a lecture that we were told to read chapter 11 for.  It touched on topics in four different chapters, three of which the reading outline never mentioned.",study_material,positive,neutral,yes
39,"I completely agree with another comment--she is super friendly and passionate, but she does not explain things well at all.  The best example of this is a lecture that we were told to read chapter 11 for.  It touched on topics in four different chapters, three of which the reading outline never mentioned.",practical_sessions,positive,neutral,yes
40,"Very helpful and clear with what he wants. Hard grader, but gives detailed feedback.",explanation_clarity,positive,positive,yes
40,"Very helpful and clear with what he wants. Hard grader, but gives detailed feedback.",doubt_solving,positive,positive,yes
40,"Very helpful and clear with what he wants. Hard grader, but gives detailed feedback.",subject_difficulty,positive,positive,yes
41,"ASAM Psych course extremely discussion-based.  Will often present views/material that are foreign to students, tries his best to explain concepts, sometimes fails.  However, gives amazing explanations of his own work (would like to see more explanation of procedure, however).  Tried to blame quietness of class on Asian stereotype--only sore point.",explanation_clarity,negative,negative,yes
41,"ASAM Psych course extremely discussion-based.  Will often present views/material that are foreign to students, tries his best to explain concepts, sometimes fails.  However, gives amazing explanations of his own work (would like to see more explanation of procedure, however).  Tried to blame quietness of class on Asian stereotype--only sore point.",study_material,negative,negative,yes
42,He's still a new prof. Could definitely spice up his teaching style. Cannot tell what is or isn't important based on lectures. I feel like if I went to more office hours I would've had a better idea of what he expected.,explanation_clarity,positive,neutral,yes
42,He's still a new prof. Could definitely spice up his teaching style. Cannot tell what is or isn't important based on lectures. I feel like if I went to more office hours I would've had a better idea of what he expected.,doubt_solving,positive,neutral,yes
42,He's still a new prof. Could definitely spice up his teaching style. Cannot tell what is or isn't important based on lectures. I feel like if I went to more office hours I would've had a better idea of what he expected.,faculty_availability,positive,neutral,yes
43,"His lectures and his tests are accurate, I have no idea what the last reviewer was talking about. If you are an intelligent  person the tests are not that difficult at all- I got an A without trying to hard. In spite of the fact that his lectures are all powerpoint presentations, this is probably one of the most interesting classes I've ever taken.",explanation_clarity,positive,positive,yes
43,"His lectures and his tests are accurate, I have no idea what the last reviewer was talking about. If you are an intelligent  person the tests are not that difficult at all- I got an A without trying to hard. In spite of the fact that his lectures are all powerpoint presentations, this is probably one of the most interesting classes I've ever taken.",study_material,positive,positive,yes
43,"His lectures and his tests are accurate, I have no idea what the last reviewer was talking about. If you are an intelligent  person the tests are not that difficult at all- I got an A without trying to hard. In spite of the fact that his lectures are all powerpoint presentations, this is probably one of the most interesting classes I've ever taken.",practical_sessions,positive,positive,yes
43,"His lectures and his tests are accurate, I have no idea what the last reviewer was talking about. If you are an intelligent  person the tests are not that difficult at all- I got an A without trying to hard. In spite of the fact that his lectures are all powerpoint presentations, this is probably one of the most interesting classes I've ever taken.",subject_difficulty,positive,positive,yes
44,"I would not recommend taking this class or this professor for your math GE. Unless you really, really, really love math (like REALLY love it), just take Calc 1. Prof. O'Neill will not teach you anything, expect you to know everything, and will not give you any feedback or graded work back for the whole semester. Please don't take this class.",doubt_solving,positive,positive,yes
45,"It seemed that she wanted her students learn, but I did not find her to be that good of a professor. She is not the most interesting lecturer, take Wiley or Sadava.",explanation_clarity,positive,positive,yes
46,"The professor is a nice guy, but his class is just way too boring. His lecture is not organized at all, and he just say whatever jumps to his mind. He gives way too much reading and the readings are boring but not as boring as his lecture. Don't take his class if you are really interested in Chinese history, cuz at the end of the semester you won't",explanation_clarity,positive,neutral,yes
46,"The professor is a nice guy, but his class is just way too boring. His lecture is not organized at all, and he just say whatever jumps to his mind. He gives way too much reading and the readings are boring but not as boring as his lecture. Don't take his class if you are really interested in Chinese history, cuz at the end of the semester you won't",study_material,negative,negative,yes
47,"Fabbe is great -- and if you are thinking of Middle Eastern studies, taking a class with her is a MUST. The class is mostly centered around security-studies, grounded in IR theory. Classes require a fair amount of preparation and exams require tons of studying. Rewarding nonetheless.",practical_sessions,positive,positive,yes
48,"Love professor Aksoy! She is by far my favorite math teacher ever, as she really inspires me to love math. She cares about you as a student and as a person, and is always there for you. She teaches everything carefully and in details. If you want extra credits, type your homework in LaTeX. Also, the class is heavy on proofs.",practical_sessions,positive,positive,yes
49,Super nice woman and a decent professor. Doesn't use enough examples in class. Between homework and midterms it's not too difficult.,practical_sessions,positive,positive,yes
49,Super nice woman and a decent professor. Doesn't use enough examples in class. Between homework and midterms it's not too difficult.,subject_difficulty,positive,positive,yes
50,"Professor Obdrzalek is helpful and entertaining.  She has high standards for her students. In order to receive an ""A"" in the class, students should take their papers to her during office hours to get her feedback.  Her expectations are high but they are clear.  Without question, she goes above beyond the requirements of her job.",doubt_solving,positive,positive,yes
50,"Professor Obdrzalek is helpful and entertaining.  She has high standards for her students. In order to receive an ""A"" in the class, students should take their papers to her during office hours to get her feedback.  Her expectations are high but they are clear.  Without question, she goes above beyond the requirements of her job.",faculty_availability,positive,positive,yes
50,"Professor Obdrzalek is helpful and entertaining.  She has high standards for her students. In order to receive an ""A"" in the class, students should take their papers to her during office hours to get her feedback.  Her expectations are high but they are clear.  Without question, she goes above beyond the requirements of her job.",explanation_clarity,positive,positive,yes
51,"Prof Wenzel is a gem. As someone who had a tough time in Gen Chem, she has made Ochem really doable. She will bend over backwards to help her students, and goes the extra mile to make this subject bearable. However, she is a busy lady and can be somewhat inaccessible outside of O.H.. Devastated I didn't get into her class for 2nd semester.",doubt_solving,positive,positive,yes
51,"Prof Wenzel is a gem. As someone who had a tough time in Gen Chem, she has made Ochem really doable. She will bend over backwards to help her students, and goes the extra mile to make this subject bearable. However, she is a busy lady and can be somewhat inaccessible outside of O.H.. Devastated I didn't get into her class for 2nd semester.",subject_difficulty,positive,positive,yes
51,"Prof Wenzel is a gem. As someone who had a tough time in Gen Chem, she has made Ochem really doable. She will bend over backwards to help her students, and goes the extra mile to make this subject bearable. However, she is a busy lady and can be somewhat inaccessible outside of O.H.. Devastated I didn't get into her class for 2nd semester.",faculty_availability,negative,negative,yes
52,"Extremely difficult, unhelpful. Guy is a total robot and an awful teacher. Lectures are guided, fill in the blanks, however he tests on conceptual things that aren't covered in the lectures. Sucks",explanation_clarity,negative,negative,yes
52,"Extremely difficult, unhelpful. Guy is a total robot and an awful teacher. Lectures are guided, fill in the blanks, however he tests on conceptual things that aren't covered in the lectures. Sucks",doubt_solving,negative,negative,yes
52,"Extremely difficult, unhelpful. Guy is a total robot and an awful teacher. Lectures are guided, fill in the blanks, however he tests on conceptual things that aren't covered in the lectures. Sucks",subject_difficulty,negative,negative,yes
52,"Extremely difficult, unhelpful. Guy is a total robot and an awful teacher. Lectures are guided, fill in the blanks, however he tests on conceptual things that aren't covered in the lectures. Sucks",practical_sessions,negative,negative,yes
53,"Prof Izbicki is a great guy, and you'll learn a lot from his class. It's not an easy A, and you'll have to put in the hours to do well on quizzes and the assignments. He's very accessible outside of class, though, and actively encourages collaboration on everything. I'd definitely recommend this class; you'll take away a lot of great skills.",study_material,positive,positive,yes
53,"Prof Izbicki is a great guy, and you'll learn a lot from his class. It's not an easy A, and you'll have to put in the hours to do well on quizzes and the assignments. He's very accessible outside of class, though, and actively encourages collaboration on everything. I'd definitely recommend this class; you'll take away a lot of great skills.",practical_sessions,positive,positive,yes
53,"Prof Izbicki is a great guy, and you'll learn a lot from his class. It's not an easy A, and you'll have to put in the hours to do well on quizzes and the assignments. He's very accessible outside of class, though, and actively encourages collaboration on everything. I'd definitely recommend this class; you'll take away a lot of great skills.",faculty_availability,positive,positive,yes
53,"Prof Izbicki is a great guy, and you'll learn a lot from his class. It's not an easy A, and you'll have to put in the hours to do well on quizzes and the assignments. He's very accessible outside of class, though, and actively encourages collaboration on everything. I'd definitely recommend this class; you'll take away a lot of great skills.",subject_difficulty,positive,positive,yes
54,Setter is a solid choice for phys30/31. It's clear he loves physics and wants you to understand it and likes questions. Sometimes lecture isn't the most helpful bc we spend so long on one example or deriving formulas but the content was mostly relevant. Written and online HW every week with corrections and exams are fair (w corrections too).,explanation_clarity,positive,positive,yes
54,Setter is a solid choice for phys30/31. It's clear he loves physics and wants you to understand it and likes questions. Sometimes lecture isn't the most helpful bc we spend so long on one example or deriving formulas but the content was mostly relevant. Written and online HW every week with corrections and exams are fair (w corrections too).,doubt_solving,positive,positive,yes
54,Setter is a solid choice for phys30/31. It's clear he loves physics and wants you to understand it and likes questions. Sometimes lecture isn't the most helpful bc we spend so long on one example or deriving formulas but the content was mostly relevant. Written and online HW every week with corrections and exams are fair (w corrections too).,practical_sessions,positive,positive,yes
55,"Huber rounded a 92.9% down to an A-, really not fair. He also doesent include participation points. He makes blatant errors in the lecture notes, so I am sure he graded the finals slopely and cheated some students out of points.",explanation_clarity,negative,negative,yes
55,"Huber rounded a 92.9% down to an A-, really not fair. He also doesent include participation points. He makes blatant errors in the lecture notes, so I am sure he graded the finals slopely and cheated some students out of points.",study_material,negative,negative,yes
56,"Prof. Michon is such a great person. His knowledge about and passion for Hinduism is contagious, and he can make any lecture engaging and interesting. Class discussions are stimulating, grading is very fair, and it's clear that he cares a great deal about his students. So much respect for this man. Highly recommend!",explanation_clarity,positive,positive,yes
57,"Prof. Frigault is super interesting and he made our 8am worth getting up for. Before each class, you have a 10-20 page reading and you answer 4 questions (2-3 sentences each) about what you found interesting + questions you have about the reading. The class is discussion-based so there are lots of opportunities to participate. Definitely recommend!",doubt_solving,positive,positive,yes
57,"Prof. Frigault is super interesting and he made our 8am worth getting up for. Before each class, you have a 10-20 page reading and you answer 4 questions (2-3 sentences each) about what you found interesting + questions you have about the reading. The class is discussion-based so there are lots of opportunities to participate. Definitely recommend!",study_material,positive,positive,yes
58,He is a good lecturer I took a Database course. He gave two mid-term exams and one final. lots of assignments and a group project. But the difficulty was fair enough.,explanation_clarity,positive,positive,yes
58,He is a good lecturer I took a Database course. He gave two mid-term exams and one final. lots of assignments and a group project. But the difficulty was fair enough.,study_material,positive,positive,yes
58,He is a good lecturer I took a Database course. He gave two mid-term exams and one final. lots of assignments and a group project. But the difficulty was fair enough.,practical_sessions,positive,positive,yes
58,He is a good lecturer I took a Database course. He gave two mid-term exams and one final. lots of assignments and a group project. But the difficulty was fair enough.,subject_difficulty,neutral,neutral,yes
59,Prof. Sarzynski is an incredibly knowledgeable historian. The assignments are creative and well structured. She is always available and willing to help with the writing process during her office hours. You need to do your work. I enjoyed the class discussions.,doubt_solving,positive,positive,yes
59,Prof. Sarzynski is an incredibly knowledgeable historian. The assignments are creative and well structured. She is always available and willing to help with the writing process during her office hours. You need to do your work. I enjoyed the class discussions.,study_material,positive,positive,yes
59,Prof. Sarzynski is an incredibly knowledgeable historian. The assignments are creative and well structured. She is always available and willing to help with the writing process during her office hours. You need to do your work. I enjoyed the class discussions.,practical_sessions,positive,positive,yes
59,Prof. Sarzynski is an incredibly knowledgeable historian. The assignments are creative and well structured. She is always available and willing to help with the writing process during her office hours. You need to do your work. I enjoyed the class discussions.,faculty_availability,positive,positive,yes
60,"Very knowledgeable and extremely kind, but better as a mentor than a professor.  He's forgetful, picky, and kinda random.  Assigns TONS of reading and papers and grades very hard, you have to do *exactly* what he's looking for.  He'll read drafts of papers, which is helpful.",doubt_solving,negative,negative,yes
60,"Very knowledgeable and extremely kind, but better as a mentor than a professor.  He's forgetful, picky, and kinda random.  Assigns TONS of reading and papers and grades very hard, you have to do *exactly* what he's looking for.  He'll read drafts of papers, which is helpful.",study_material,negative,negative,yes
60,"Very knowledgeable and extremely kind, but better as a mentor than a professor.  He's forgetful, picky, and kinda random.  Assigns TONS of reading and papers and grades very hard, you have to do *exactly* what he's looking for.  He'll read drafts of papers, which is helpful.",subject_difficulty,negative,negative,yes
61,"Prof. Ozbekilk is super nice and a good teacher. His online classes are mainly lectures, but he tries to get the class involved by asking us questions and playing games. I would recommend going to office hours to talk to him so he knows you + you get extra help! Fairly straightforward class. Quiz every week, midterm, test, homework.",explanation_clarity,positive,positive,yes
61,"Prof. Ozbekilk is super nice and a good teacher. His online classes are mainly lectures, but he tries to get the class involved by asking us questions and playing games. I would recommend going to office hours to talk to him so he knows you + you get extra help! Fairly straightforward class. Quiz every week, midterm, test, homework.",doubt_solving,positive,positive,yes
61,"Prof. Ozbekilk is super nice and a good teacher. His online classes are mainly lectures, but he tries to get the class involved by asking us questions and playing games. I would recommend going to office hours to talk to him so he knows you + you get extra help! Fairly straightforward class. Quiz every week, midterm, test, homework.",practical_sessions,positive,positive,yes
61,"Prof. Ozbekilk is super nice and a good teacher. His online classes are mainly lectures, but he tries to get the class involved by asking us questions and playing games. I would recommend going to office hours to talk to him so he knows you + you get extra help! Fairly straightforward class. Quiz every week, midterm, test, homework.",faculty_availability,positive,positive,yes
62,"You have to work your a.. off, but it is worth it.  Go to his office hours.  He is extremely helpful and wants you to succeed.",doubt_solving,positive,positive,yes
62,"You have to work your a.. off, but it is worth it.  Go to his office hours.  He is extremely helpful and wants you to succeed.",faculty_availability,positive,positive,yes
63,"I loved my government class with Professor Pears so much that I switched my major. Although she assigned a ton of reading, her class was so interesting and worth it. There are pop quizzes throughout the semester but she gives partial credit and is very lenient with grades as long as you do the reading and participate in class.",practical_sessions,positive,positive,yes
63,"I loved my government class with Professor Pears so much that I switched my major. Although she assigned a ton of reading, her class was so interesting and worth it. There are pop quizzes throughout the semester but she gives partial credit and is very lenient with grades as long as you do the reading and participate in class.",study_material,positive,positive,yes
64,"Great teacher great course. Funny guy, gives out tons of homework, but gives full credit on them all. Tests are hard, but 100% homework grade compensates.",practical_sessions,positive,positive,yes
64,"Great teacher great course. Funny guy, gives out tons of homework, but gives full credit on them all. Tests are hard, but 100% homework grade compensates.",subject_difficulty,positive,positive,yes
65,"A great teacher. The class is hard though, although the bad grade was largely my fault. She holds really fun labs that make it interesting for a non-science major, unlike pretty much all the other science courses you can take here. And they're usually short--another plus.",subject_difficulty,positive,positive,yes
65,"A great teacher. The class is hard though, although the bad grade was largely my fault. She holds really fun labs that make it interesting for a non-science major, unlike pretty much all the other science courses you can take here. And they're usually short--another plus.",practical_sessions,positive,positive,yes
66,"Shaar is a nice guy, but he's not particularly good at explaining things and sometimes blames the class when his students don't understand the lecture. He also takes huge amounts off points of for small errors on tests. His class is frustrating, and I would not be surviving it if I didn't have a strong study group to work with.",explanation_clarity,negative,negative,yes
66,"Shaar is a nice guy, but he's not particularly good at explaining things and sometimes blames the class when his students don't understand the lecture. He also takes huge amounts off points of for small errors on tests. His class is frustrating, and I would not be surviving it if I didn't have a strong study group to work with.",practical_sessions,negative,negative,yes
67,"Political Philosophy was an amazing class! I had no prior background in philosophy of any sorts, but just because of this one class, I am now considering adding Philosophy as a major. This course requires you to spend about an hour reading and thinking about the texts before class. In class, you have very stimulating conversation. Tough grading.",study_material,positive,positive,yes
67,"Political Philosophy was an amazing class! I had no prior background in philosophy of any sorts, but just because of this one class, I am now considering adding Philosophy as a major. This course requires you to spend about an hour reading and thinking about the texts before class. In class, you have very stimulating conversation. Tough grading.",subject_difficulty,positive,positive,yes
68,"I had difficulty understanding the material at times but eventually did after putting in the work. His lectures were pretty much the same as his lecture notes, so what I would do was try to absorb as much as possible during lecture, carefully read the lecture notes, then go to office hours to ask questions. This worked well for me.",study_material,positive,positive,yes
68,"I had difficulty understanding the material at times but eventually did after putting in the work. His lectures were pretty much the same as his lecture notes, so what I would do was try to absorb as much as possible during lecture, carefully read the lecture notes, then go to office hours to ask questions. This worked well for me.",subject_difficulty,negative,positive,yes
68,"I had difficulty understanding the material at times but eventually did after putting in the work. His lectures were pretty much the same as his lecture notes, so what I would do was try to absorb as much as possible during lecture, carefully read the lecture notes, then go to office hours to ask questions. This worked well for me.",explanation_clarity,positive,positive,yes
68,"I had difficulty understanding the material at times but eventually did after putting in the work. His lectures were pretty much the same as his lecture notes, so what I would do was try to absorb as much as possible during lecture, carefully read the lecture notes, then go to office hours to ask questions. This worked well for me.",doubt_solving,positive,positive,yes
68,"I had difficulty understanding the material at times but eventually did after putting in the work. His lectures were pretty much the same as his lecture notes, so what I would do was try to absorb as much as possible during lecture, carefully read the lecture notes, then go to office hours to ask questions. This worked well for me.",faculty_availability,positive,positive,yes
69,GREAT PROFESSOR! They're not lying when they say she's the best professor out there. She makes OChem easy to understand and connects the dots between different topics together. Hard to get in her class though.,subject_difficulty,positive,positive,yes
70,"She only allows hand written notes. You get 3 extra days to turn in essays that you can use at any time which is helpful so you don't have to ask for an extension. Essays are straight forward. Final is either essay, test, or project (you choose which one). Very easy prof.",doubt_solving,positive,positive,yes
70,"She only allows hand written notes. You get 3 extra days to turn in essays that you can use at any time which is helpful so you don't have to ask for an extension. Essays are straight forward. Final is either essay, test, or project (you choose which one). Very easy prof.",study_material,positive,positive,yes
70,"She only allows hand written notes. You get 3 extra days to turn in essays that you can use at any time which is helpful so you don't have to ask for an extension. Essays are straight forward. Final is either essay, test, or project (you choose which one). Very easy prof.",practical_sessions,positive,positive,yes
70,"She only allows hand written notes. You get 3 extra days to turn in essays that you can use at any time which is helpful so you don't have to ask for an extension. Essays are straight forward. Final is either essay, test, or project (you choose which one). Very easy prof.",subject_difficulty,positive,positive,yes
71,"The worst prof that I have had at CMC so far. Test and practice questions are completely different. Chooses grades based upon his own views of arguments, and will refuse to agree with other students' views in class even when his is clearly the weaker point. If you are stuck taking him, make sure you write about only what he wants to hear.",explanation_clarity,negative,negative,yes
71,"The worst prof that I have had at CMC so far. Test and practice questions are completely different. Chooses grades based upon his own views of arguments, and will refuse to agree with other students' views in class even when his is clearly the weaker point. If you are stuck taking him, make sure you write about only what he wants to hear.",doubt_solving,negative,negative,yes
71,"The worst prof that I have had at CMC so far. Test and practice questions are completely different. Chooses grades based upon his own views of arguments, and will refuse to agree with other students' views in class even when his is clearly the weaker point. If you are stuck taking him, make sure you write about only what he wants to hear.",practical_sessions,negative,negative,yes
72,"One of my favorite profs at cmc. Super easy class, not much reading, but is able to participate in discussion even if u didnt do the reading. Super chill guy",study_material,positive,positive,yes
72,"One of my favorite profs at cmc. Super easy class, not much reading, but is able to participate in discussion even if u didnt do the reading. Super chill guy",subject_difficulty,positive,positive,yes
73,"I took this class as a GE hoping it would be easy. It wasn't nearly as easy as I hoped it would be, so if that's your reason for taking the class then there are probably better options. Other than that she's pretty cool and is willing to meet outside of class to help with essays. You have to read a lot but I think that's standard for history.",doubt_solving,positive,positive,yes
73,"I took this class as a GE hoping it would be easy. It wasn't nearly as easy as I hoped it would be, so if that's your reason for taking the class then there are probably better options. Other than that she's pretty cool and is willing to meet outside of class to help with essays. You have to read a lot but I think that's standard for history.",faculty_availability,positive,positive,yes
73,"I took this class as a GE hoping it would be easy. It wasn't nearly as easy as I hoped it would be, so if that's your reason for taking the class then there are probably better options. Other than that she's pretty cool and is willing to meet outside of class to help with essays. You have to read a lot but I think that's standard for history.",subject_difficulty,positive,positive,yes
74,"Very accessible outside of class and will talk to you about the material if you have any questions about it. That being said, it's very hard to nail down what it is exactly he wants from students (which is strange, because he's simultaneously very critical). This makes a lot of his grading feel somewhat arbitrary.",doubt_solving,negative,negative,yes
74,"Very accessible outside of class and will talk to you about the material if you have any questions about it. That being said, it's very hard to nail down what it is exactly he wants from students (which is strange, because he's simultaneously very critical). This makes a lot of his grading feel somewhat arbitrary.",study_material,negative,negative,yes
74,"Very accessible outside of class and will talk to you about the material if you have any questions about it. That being said, it's very hard to nail down what it is exactly he wants from students (which is strange, because he's simultaneously very critical). This makes a lot of his grading feel somewhat arbitrary.",faculty_availability,negative,negative,yes
74,"Very accessible outside of class and will talk to you about the material if you have any questions about it. That being said, it's very hard to nail down what it is exactly he wants from students (which is strange, because he's simultaneously very critical). This makes a lot of his grading feel somewhat arbitrary.",subject_difficulty,negative,negative,yes
75,"Terril is the most hands-on teacher I've ever had. Classes are full of anecdotes from his 20+ years of experience as a journalist, amazing guest lecturers and the AP Stylebook. I've never met someone so committed to helping his students succeed and grow. If CMC does not hire him on in full capacity it will be a great loss for all students.",explanation_clarity,positive,positive,yes
75,"Terril is the most hands-on teacher I've ever had. Classes are full of anecdotes from his 20+ years of experience as a journalist, amazing guest lecturers and the AP Stylebook. I've never met someone so committed to helping his students succeed and grow. If CMC does not hire him on in full capacity it will be a great loss for all students.",doubt_solving,positive,positive,yes
75,"Terril is the most hands-on teacher I've ever had. Classes are full of anecdotes from his 20+ years of experience as a journalist, amazing guest lecturers and the AP Stylebook. I've never met someone so committed to helping his students succeed and grow. If CMC does not hire him on in full capacity it will be a great loss for all students.",faculty_availability,positive,positive,yes
76,"Professor Gilbert is incredibly knowledgeable about Jewish Civilization. The class is incredibly broad in scope, so we are constantly rushing through the material. While Professor Gilbert encourages discussions sometimes, the class is mostly lectures. Get ready for a rewarding but challenging five-thousand-word paper.",explanation_clarity,positive,positive,yes
76,"Professor Gilbert is incredibly knowledgeable about Jewish Civilization. The class is incredibly broad in scope, so we are constantly rushing through the material. While Professor Gilbert encourages discussions sometimes, the class is mostly lectures. Get ready for a rewarding but challenging five-thousand-word paper.",teaching_pace,positive,positive,yes
76,"Professor Gilbert is incredibly knowledgeable about Jewish Civilization. The class is incredibly broad in scope, so we are constantly rushing through the material. While Professor Gilbert encourages discussions sometimes, the class is mostly lectures. Get ready for a rewarding but challenging five-thousand-word paper.",study_material,positive,positive,yes
76,"Professor Gilbert is incredibly knowledgeable about Jewish Civilization. The class is incredibly broad in scope, so we are constantly rushing through the material. While Professor Gilbert encourages discussions sometimes, the class is mostly lectures. Get ready for a rewarding but challenging five-thousand-word paper.",subject_difficulty,positive,positive,yes
77,"really easy...u'll be dissapointed if you don't get him for chem14.  take him at all costs to ur schedule.  just understand material and u'll get an A, he'll basically give you the tests the day b4 class",study_material,negative,positive,yes
77,"really easy...u'll be dissapointed if you don't get him for chem14.  take him at all costs to ur schedule.  just understand material and u'll get an A, he'll basically give you the tests the day b4 class",practical_sessions,negative,positive,yes
77,"really easy...u'll be dissapointed if you don't get him for chem14.  take him at all costs to ur schedule.  just understand material and u'll get an A, he'll basically give you the tests the day b4 class",subject_difficulty,negative,positive,yes
78,The worst teacher I've had at this school. Lectures go absolutely nowhere and use of Powerpoint is almost redundant. I guess he is willing to help outside of class but his classes are boring and a huge waste of time. He asks for opinions but shuts them down if they challenge him or does not go along with the lesson plan. Don't take his classes.,explanation_clarity,negative,negative,yes
78,The worst teacher I've had at this school. Lectures go absolutely nowhere and use of Powerpoint is almost redundant. I guess he is willing to help outside of class but his classes are boring and a huge waste of time. He asks for opinions but shuts them down if they challenge him or does not go along with the lesson plan. Don't take his classes.,doubt_solving,negative,negative,yes
78,The worst teacher I've had at this school. Lectures go absolutely nowhere and use of Powerpoint is almost redundant. I guess he is willing to help outside of class but his classes are boring and a huge waste of time. He asks for opinions but shuts them down if they challenge him or does not go along with the lesson plan. Don't take his classes.,study_material,negative,negative,yes
79,"Great professor, helpful in office hours. Young and easy to understand. Tests and 1 paper about topic of your choice on anything related to social psychology. Very easy to get an A if you do the work.",doubt_solving,positive,positive,yes
79,"Great professor, helpful in office hours. Young and easy to understand. Tests and 1 paper about topic of your choice on anything related to social psychology. Very easy to get an A if you do the work.",practical_sessions,positive,positive,yes
79,"Great professor, helpful in office hours. Young and easy to understand. Tests and 1 paper about topic of your choice on anything related to social psychology. Very easy to get an A if you do the work.",faculty_availability,positive,positive,yes
79,"Great professor, helpful in office hours. Young and easy to understand. Tests and 1 paper about topic of your choice on anything related to social psychology. Very easy to get an A if you do the work.",subject_difficulty,positive,positive,yes
80,"Prof Nelson lectures quietly, and when he's sure of what he's talking about, lectures are interesting. He seems an extremely intelligent mathematician, but often makes mistakes in his lectures, and gets flustered, which can be  confusing if the mistake is not as simple or apparent to the students. Very helpful in office hours. Take Discrete Math.",explanation_clarity,positive,positive,yes
80,"Prof Nelson lectures quietly, and when he's sure of what he's talking about, lectures are interesting. He seems an extremely intelligent mathematician, but often makes mistakes in his lectures, and gets flustered, which can be  confusing if the mistake is not as simple or apparent to the students. Very helpful in office hours. Take Discrete Math.",doubt_solving,negative,positive,yes
80,"Prof Nelson lectures quietly, and when he's sure of what he's talking about, lectures are interesting. He seems an extremely intelligent mathematician, but often makes mistakes in his lectures, and gets flustered, which can be  confusing if the mistake is not as simple or apparent to the students. Very helpful in office hours. Take Discrete Math.",faculty_availability,negative,positive,yes
80,"Prof Nelson lectures quietly, and when he's sure of what he's talking about, lectures are interesting. He seems an extremely intelligent mathematician, but often makes mistakes in his lectures, and gets flustered, which can be  confusing if the mistake is not as simple or apparent to the students. Very helpful in office hours. Take Discrete Math.",subject_difficulty,negative,positive,yes
81,"Very clear lectures. Problem solving and technique focus rather than theory focus- he often glosses or omits proofs of the algorithms he teaches you. This prepares students well for the actuarial exams or other tests, but those looking for purer math might want more. Never uses the text book.",explanation_clarity,positive,positive,yes
81,"Very clear lectures. Problem solving and technique focus rather than theory focus- he often glosses or omits proofs of the algorithms he teaches you. This prepares students well for the actuarial exams or other tests, but those looking for purer math might want more. Never uses the text book.",practical_sessions,positive,positive,yes
82,His grammar does not make any sense and often he gives horrible data which makes no sense to do the assigned labs from. He also does not value the opinions of women. He generally does not care about this class or making it enjoyable or useful for any of the students.,practical_sessions,negative,negative,yes
83,"Evans is THE professor for intro econ. Her lectures build on the book and are clear. Assessments(2 midterms, final, and occasional written and online homework) are more than reasonable. The textbook is online; lots of online practice. She's really sweet and approachable too.  Real-world application. If you try, you should at least get a B.",explanation_clarity,positive,positive,yes
83,"Evans is THE professor for intro econ. Her lectures build on the book and are clear. Assessments(2 midterms, final, and occasional written and online homework) are more than reasonable. The textbook is online; lots of online practice. She's really sweet and approachable too.  Real-world application. If you try, you should at least get a B.",doubt_solving,positive,positive,yes
83,"Evans is THE professor for intro econ. Her lectures build on the book and are clear. Assessments(2 midterms, final, and occasional written and online homework) are more than reasonable. The textbook is online; lots of online practice. She's really sweet and approachable too.  Real-world application. If you try, you should at least get a B.",study_material,positive,positive,yes
83,"Evans is THE professor for intro econ. Her lectures build on the book and are clear. Assessments(2 midterms, final, and occasional written and online homework) are more than reasonable. The textbook is online; lots of online practice. She's really sweet and approachable too.  Real-world application. If you try, you should at least get a B.",practical_sessions,positive,positive,yes
84,"Although he is nice, I found his exams to be much more complicated than his lectures and homework even after a lot of studying. There are a lot of trick questions and you basically work down to the very last minute. Having said that, this is a relaxing class with not that much work, but once again the hard tests really limit how well you do.",explanation_clarity,positive,neutral,yes
84,"Although he is nice, I found his exams to be much more complicated than his lectures and homework even after a lot of studying. There are a lot of trick questions and you basically work down to the very last minute. Having said that, this is a relaxing class with not that much work, but once again the hard tests really limit how well you do.",doubt_solving,positive,neutral,yes
84,"Although he is nice, I found his exams to be much more complicated than his lectures and homework even after a lot of studying. There are a lot of trick questions and you basically work down to the very last minute. Having said that, this is a relaxing class with not that much work, but once again the hard tests really limit how well you do.",practical_sessions,positive,neutral,yes
84,"Although he is nice, I found his exams to be much more complicated than his lectures and homework even after a lot of studying. There are a lot of trick questions and you basically work down to the very last minute. Having said that, this is a relaxing class with not that much work, but once again the hard tests really limit how well you do.",subject_difficulty,positive,neutral,yes
85,"Prof Shaar really cares about his students and is always open to discussing the material at the end of class or in office hours. Even though a couple 20 point tests and a 40 point final make up majority of your grade, he shares the question topics prior to the test. He also even offered an extra credit opportunity to get a couple test points back.",doubt_solving,positive,positive,yes
85,"Prof Shaar really cares about his students and is always open to discussing the material at the end of class or in office hours. Even though a couple 20 point tests and a 40 point final make up majority of your grade, he shares the question topics prior to the test. He also even offered an extra credit opportunity to get a couple test points back.",study_material,positive,positive,yes
85,"Prof Shaar really cares about his students and is always open to discussing the material at the end of class or in office hours. Even though a couple 20 point tests and a 40 point final make up majority of your grade, he shares the question topics prior to the test. He also even offered an extra credit opportunity to get a couple test points back.",practical_sessions,positive,positive,yes
85,"Prof Shaar really cares about his students and is always open to discussing the material at the end of class or in office hours. Even though a couple 20 point tests and a 40 point final make up majority of your grade, he shares the question topics prior to the test. He also even offered an extra credit opportunity to get a couple test points back.",faculty_availability,positive,positive,yes
86,"Really enjoyed his class, Political Phil Honors. Super interesting class, interesting prof too! Learned how to write really good phil papers.  Hard grader, tough curve.  Don't take his class if you won't attend, he can be nit picky--with things other than attendance too.",subject_difficulty,positive,positive,yes
87,"I did not like prof Nelson. Not only attendance wasn't required, he literally did not give lectures. He just dropped a lecture pdf and students read it themselves. It is very easy to get an A, but you won't learn a single thing.",explanation_clarity,neutral,negative,yes
87,"I did not like prof Nelson. Not only attendance wasn't required, he literally did not give lectures. He just dropped a lecture pdf and students read it themselves. It is very easy to get an A, but you won't learn a single thing.",study_material,neutral,negative,yes
87,"I did not like prof Nelson. Not only attendance wasn't required, he literally did not give lectures. He just dropped a lecture pdf and students read it themselves. It is very easy to get an A, but you won't learn a single thing.",subject_difficulty,neutral,negative,yes
88,SANII IS FANTASTIC! He will make intro chem as painless as possible. He really cares about his students and is extremely helpful. Take this class!,doubt_solving,positive,positive,yes
89,"Someone told me Rajczi was the ""philosophy Buddha,"" and I can't disagree. His knowledge of his topic is impressive, but he really shines in how he relates to his students inside and outside of class. Discussions are engaging and provoking, like the readings. Outside of class, he organizes events like hikes and jam sessions to know his students.",study_material,positive,positive,yes
90,"Professor Batta is easily one of the most well-versed academics within the Robert Day School. His lectures include real-life applications and are relevant to current events. Intense workload towards the end of the semester. Most students in the class are Robert Day Scholars, so be prepared to work hard if you are not a natural at econ/finance.",explanation_clarity,positive,positive,yes
90,"Professor Batta is easily one of the most well-versed academics within the Robert Day School. His lectures include real-life applications and are relevant to current events. Intense workload towards the end of the semester. Most students in the class are Robert Day Scholars, so be prepared to work hard if you are not a natural at econ/finance.",subject_difficulty,positive,positive,yes
91,His class did not help me learn the material well and when I asked for help he did not care to provide it. He is not an easy professor because he does not teach the subject well and then tests you on it with a test he does not even read himself. Please do not take his class!,doubt_solving,positive,negative,yes
91,His class did not help me learn the material well and when I asked for help he did not care to provide it. He is not an easy professor because he does not teach the subject well and then tests you on it with a test he does not even read himself. Please do not take his class!,study_material,positive,negative,yes
91,His class did not help me learn the material well and when I asked for help he did not care to provide it. He is not an easy professor because he does not teach the subject well and then tests you on it with a test he does not even read himself. Please do not take his class!,practical_sessions,positive,negative,yes
91,His class did not help me learn the material well and when I asked for help he did not care to provide it. He is not an easy professor because he does not teach the subject well and then tests you on it with a test he does not even read himself. Please do not take his class!,subject_difficulty,positive,negative,yes
92,"If you are a psych major and have time to study, take her! You will learn so much! But I would avoid if you are just taking for  GE. She works hard to make the class entertaining, but does expect you to read and study.",subject_difficulty,positive,positive,yes
93,"Prof Wenzel was great to have as an FYS professor! If you showed that you cared and put effort into your work, she really took that in mind when grading assignments. Although class periods were lecture heavy, my overall experience was great! ",study_material,positive,positive,yes
93,"Prof Wenzel was great to have as an FYS professor! If you showed that you cared and put effort into your work, she really took that in mind when grading assignments. Although class periods were lecture heavy, my overall experience was great! ",practical_sessions,positive,positive,yes
93,"Prof Wenzel was great to have as an FYS professor! If you showed that you cared and put effort into your work, she really took that in mind when grading assignments. Although class periods were lecture heavy, my overall experience was great! ",explanation_clarity,positive,positive,yes
94,"An average professor. Midterms and finals are much harder than the book, and his lectures do not adequately prepare you for them. There is also a prevalent language barrier that makes him hard to understand. However, his grading isn't terrible. Don't expect to get a perfect A, but don't think you're in a world of hurt either if you end up with him.",explanation_clarity,negative,negative,yes
94,"An average professor. Midterms and finals are much harder than the book, and his lectures do not adequately prepare you for them. There is also a prevalent language barrier that makes him hard to understand. However, his grading isn't terrible. Don't expect to get a perfect A, but don't think you're in a world of hurt either if you end up with him.",subject_difficulty,negative,negative,yes
95,"Low expectations mean it's up to the students to take initiative in learning material by reading and writing outside of class. A grammar-heavy curriculum can be frustrating. That said, I haven't encountered a more caring, friendly, and self-reflective professor at CMC. He's a gem. His classes are easy but don't expect to master Arabic anytime soon.",study_material,positive,neutral,yes
95,"Low expectations mean it's up to the students to take initiative in learning material by reading and writing outside of class. A grammar-heavy curriculum can be frustrating. That said, I haven't encountered a more caring, friendly, and self-reflective professor at CMC. He's a gem. His classes are easy but don't expect to master Arabic anytime soon.",subject_difficulty,positive,neutral,yes
96,"This prof is so familiar of the complex topics that I feel he doesn't know how to explain these concepts to novices. In a class as technical as this one, it would have been helpful to understand the intuition behind things, or have more opportunities for exposure to problems outside of the exam and few textbook problems he recommends.",explanation_clarity,positive,neutral,yes
96,"This prof is so familiar of the complex topics that I feel he doesn't know how to explain these concepts to novices. In a class as technical as this one, it would have been helpful to understand the intuition behind things, or have more opportunities for exposure to problems outside of the exam and few textbook problems he recommends.",teaching_pace,positive,neutral,yes
96,"This prof is so familiar of the complex topics that I feel he doesn't know how to explain these concepts to novices. In a class as technical as this one, it would have been helpful to understand the intuition behind things, or have more opportunities for exposure to problems outside of the exam and few textbook problems he recommends.",doubt_solving,positive,neutral,yes
96,"This prof is so familiar of the complex topics that I feel he doesn't know how to explain these concepts to novices. In a class as technical as this one, it would have been helpful to understand the intuition behind things, or have more opportunities for exposure to problems outside of the exam and few textbook problems he recommends.",study_material,positive,neutral,yes
96,"This prof is so familiar of the complex topics that I feel he doesn't know how to explain these concepts to novices. In a class as technical as this one, it would have been helpful to understand the intuition behind things, or have more opportunities for exposure to problems outside of the exam and few textbook problems he recommends.",practical_sessions,positive,neutral,yes
97,"I thought Prof. Bradley was great.  His class a great way to start out your college experience because he doesn't torture you. I loved his reading list. I found his class to be kinda hard, but some kids that think they know everything think it is easy. He's very helpful and easy to approach.",study_material,positive,positive,yes
97,"I thought Prof. Bradley was great.  His class a great way to start out your college experience because he doesn't torture you. I loved his reading list. I found his class to be kinda hard, but some kids that think they know everything think it is easy. He's very helpful and easy to approach.",subject_difficulty,positive,positive,yes
97,"I thought Prof. Bradley was great.  His class a great way to start out your college experience because he doesn't torture you. I loved his reading list. I found his class to be kinda hard, but some kids that think they know everything think it is easy. He's very helpful and easy to approach.",doubt_solving,positive,positive,yes
98,"I have nothing but positive things to say about Professor Kreines. He's a phenomenal professor and if anyone is deciding whether or not they should take a class with him, the answer is 100% yes. Especially if you're interested in philosophy, he's probably the best professor you'll have.",doubt_solving,positive,positive,yes
99,I thought Professor Wright's Econ 50 class was terrible for several reasons: 1) He is too math based. There were more equations than concepts. 2) Exams were hard to study for and questions were random 3) He taught the class assuming we had already taken Econ before in high school even though it's an intro course. DON'T TAKE WRIGHT!!,doubt_solving,negative,negative,yes
99,I thought Professor Wright's Econ 50 class was terrible for several reasons: 1) He is too math based. There were more equations than concepts. 2) Exams were hard to study for and questions were random 3) He taught the class assuming we had already taken Econ before in high school even though it's an intro course. DON'T TAKE WRIGHT!!,practical_sessions,negative,negative,yes
99,I thought Professor Wright's Econ 50 class was terrible for several reasons: 1) He is too math based. There were more equations than concepts. 2) Exams were hard to study for and questions were random 3) He taught the class assuming we had already taken Econ before in high school even though it's an intro course. DON'T TAKE WRIGHT!!,subject_difficulty,negative,negative,yes
100,"Prof Muravchik is one of the best teachers I've ever had. As someone with zero background in American politics, she was so understanding, and willing to lend her time to answer all questions. If you genuinely try, she will do everything she can to get you to an A. Would recommend her 10000%. So intelligent and amazing.",doubt_solving,positive,positive,yes
101,"Extremely difficult class. He's new and it seems he was hired for research, not for teaching, because he does not know how to lecture. You will self teach yourself everything, and it will most likely not be enough, because his exams are all questions you have never seen before. Unless you love pain and suffering stay away from this class.",explanation_clarity,negative,negative,yes
101,"Extremely difficult class. He's new and it seems he was hired for research, not for teaching, because he does not know how to lecture. You will self teach yourself everything, and it will most likely not be enough, because his exams are all questions you have never seen before. Unless you love pain and suffering stay away from this class.",doubt_solving,negative,negative,yes
101,"Extremely difficult class. He's new and it seems he was hired for research, not for teaching, because he does not know how to lecture. You will self teach yourself everything, and it will most likely not be enough, because his exams are all questions you have never seen before. Unless you love pain and suffering stay away from this class.",practical_sessions,negative,negative,yes
101,"Extremely difficult class. He's new and it seems he was hired for research, not for teaching, because he does not know how to lecture. You will self teach yourself everything, and it will most likely not be enough, because his exams are all questions you have never seen before. Unless you love pain and suffering stay away from this class.",subject_difficulty,negative,negative,yes
102,Professor Cook is a very fair professor. He gives you notes that has all the slides and important concepts you need to know for the tests. If you study the way he suggests you'll do very well. Get ready to participate.,study_material,positive,positive,yes
102,Professor Cook is a very fair professor. He gives you notes that has all the slides and important concepts you need to know for the tests. If you study the way he suggests you'll do very well. Get ready to participate.,practical_sessions,positive,positive,yes
103,"Always willing to help.  Wants you to succeed.  Oh how she loves when ladies are in her class, she'll try to make ladies into math majors.  Very spirited, enthusiastic, don't let the final screw you though.  The final is definately everything, no notecard.",doubt_solving,positive,positive,yes
103,"Always willing to help.  Wants you to succeed.  Oh how she loves when ladies are in her class, she'll try to make ladies into math majors.  Very spirited, enthusiastic, don't let the final screw you though.  The final is definately everything, no notecard.",study_material,positive,positive,yes
104,"I loved nadons class, i really learned a lot. Hes really hard to please but as long as you read and participate in class youll be fine",subject_difficulty,positive,positive,yes
105,"Nadon is either the worst professor you've ever taken or the best -- I tend to err on the latter side, but I could see how one could find him offensive. Personally, I thought he challenged me on my own beliefs and helped me gain a better understanding of political society. In my opinion, he's thought-provoking, but he's not everyone's cup of tea",doubt_solving,positive,negative,yes
106,"Professor Miller is a caring professor who provides great feedback on your writing. Make sure you visit his office hours and take his advice when writing papers for his class. Be prepared to read, especially towards the end of the semester since readings tend to be bunched up at the end.",doubt_solving,positive,positive,yes
106,"Professor Miller is a caring professor who provides great feedback on your writing. Make sure you visit his office hours and take his advice when writing papers for his class. Be prepared to read, especially towards the end of the semester since readings tend to be bunched up at the end.",study_material,positive,positive,yes
106,"Professor Miller is a caring professor who provides great feedback on your writing. Make sure you visit his office hours and take his advice when writing papers for his class. Be prepared to read, especially towards the end of the semester since readings tend to be bunched up at the end.",faculty_availability,positive,positive,yes
107,"very realistic. you aren't required to do homework, but he gives you extra problems if you them. tests and quizzes are very straight-forward and he allows a note card. he doesn't try to trick you. just study the practice quizzes and you'll be fine.",practical_sessions,neutral,positive,yes
107,"very realistic. you aren't required to do homework, but he gives you extra problems if you them. tests and quizzes are very straight-forward and he allows a note card. he doesn't try to trick you. just study the practice quizzes and you'll be fine.",study_material,neutral,positive,yes
108,"Take a class with Prof Gilbert!! He is insanely knowledgable and very unbiased in his teaching. This is honestly one of the best classes I've taken in college. Clear expectations, reasonable but not easy grading, gives extensions if needed. Lots of reading but don't need to do most, take good class notes though and don't miss class. Learned SO much",explanation_clarity,positive,positive,yes
108,"Take a class with Prof Gilbert!! He is insanely knowledgable and very unbiased in his teaching. This is honestly one of the best classes I've taken in college. Clear expectations, reasonable but not easy grading, gives extensions if needed. Lots of reading but don't need to do most, take good class notes though and don't miss class. Learned SO much",subject_difficulty,negative,negative,yes
108,"Take a class with Prof Gilbert!! He is insanely knowledgable and very unbiased in his teaching. This is honestly one of the best classes I've taken in college. Clear expectations, reasonable but not easy grading, gives extensions if needed. Lots of reading but don't need to do most, take good class notes though and don't miss class. Learned SO much",study_material,positive,positive,yes
109,Knowledgeable professor who wrote the textbook we use. Every class was lecture with no participation required. Sometime he blocks the board but he always hands out notes before class with everything you need to learn. Gives out practice tests one week prior to exams that are almost identical to the actual tests. HW was optional,explanation_clarity,negative,negative,yes
109,Knowledgeable professor who wrote the textbook we use. Every class was lecture with no participation required. Sometime he blocks the board but he always hands out notes before class with everything you need to learn. Gives out practice tests one week prior to exams that are almost identical to the actual tests. HW was optional,study_material,negative,negative,yes
109,Knowledgeable professor who wrote the textbook we use. Every class was lecture with no participation required. Sometime he blocks the board but he always hands out notes before class with everything you need to learn. Gives out practice tests one week prior to exams that are almost identical to the actual tests. HW was optional,practical_sessions,positive,positive,yes
110,Uses subjective nature of material to assign arbitrary and nonsensical marks.,study_material,neutral,negative,yes
111,"Prof. Lofgren is a very sweet man who really cares about his students. However, a lot of people don't like his teaching style, which is pure lecture (no powerpoint, but he provides a brief outline). He cares enough about his students to email you after class to follow up on a question you asked. Very knowledgeable.",explanation_clarity,negative,neutral,yes
111,"Prof. Lofgren is a very sweet man who really cares about his students. However, a lot of people don't like his teaching style, which is pure lecture (no powerpoint, but he provides a brief outline). He cares enough about his students to email you after class to follow up on a question you asked. Very knowledgeable.",study_material,negative,neutral,yes
111,"Prof. Lofgren is a very sweet man who really cares about his students. However, a lot of people don't like his teaching style, which is pure lecture (no powerpoint, but he provides a brief outline). He cares enough about his students to email you after class to follow up on a question you asked. Very knowledgeable.",doubt_solving,positive,positive,yes
112,"he was funny in class, but unclear and the test material came out of nowhere...he is also too focused on math.  nice guy though",explanation_clarity,positive,neutral,yes
112,"he was funny in class, but unclear and the test material came out of nowhere...he is also too focused on math.  nice guy though",study_material,positive,neutral,yes
112,"he was funny in class, but unclear and the test material came out of nowhere...he is also too focused on math.  nice guy though",practical_sessions,positive,neutral,yes
113,very good teacher that I recommend she takes the time explains things well very good teacher,explanation_clarity,positive,positive,yes
114,Shes sarcastic and has a lot of enthusiasm for the topic. She puts her lecture notes online but you still have to go to class to understand the assignments.,explanation_clarity,positive,positive,yes
114,Shes sarcastic and has a lot of enthusiasm for the topic. She puts her lecture notes online but you still have to go to class to understand the assignments.,study_material,positive,positive,yes
114,Shes sarcastic and has a lot of enthusiasm for the topic. She puts her lecture notes online but you still have to go to class to understand the assignments.,practical_sessions,neutral,positive,yes
115,He is a very intelligent person but does not know how to lecture. He was hard to follow and then was mean to students who asked questions. I took high school Calculus AB and still found it hard to understand him some times. The homework is not mandatory but it will help you understand the lectures more if you keep up with the homework.,explanation_clarity,positive,positive,yes
115,He is a very intelligent person but does not know how to lecture. He was hard to follow and then was mean to students who asked questions. I took high school Calculus AB and still found it hard to understand him some times. The homework is not mandatory but it will help you understand the lectures more if you keep up with the homework.,doubt_solving,positive,positive,yes
115,He is a very intelligent person but does not know how to lecture. He was hard to follow and then was mean to students who asked questions. I took high school Calculus AB and still found it hard to understand him some times. The homework is not mandatory but it will help you understand the lectures more if you keep up with the homework.,practical_sessions,positive,positive,yes
115,He is a very intelligent person but does not know how to lecture. He was hard to follow and then was mean to students who asked questions. I took high school Calculus AB and still found it hard to understand him some times. The homework is not mandatory but it will help you understand the lectures more if you keep up with the homework.,subject_difficulty,negative,negative,yes
115,He is a very intelligent person but does not know how to lecture. He was hard to follow and then was mean to students who asked questions. I took high school Calculus AB and still found it hard to understand him some times. The homework is not mandatory but it will help you understand the lectures more if you keep up with the homework.,teaching_pace,positive,positive,yes
116,"He's super brilliant, passionate, and helpful.",doubt_solving,positive,positive,yes
117,German doesn't waste your time. He spends each class using five minutes to teach new material (much clearer than the textbook) and spends the rest of the time on example problems. HW is 1.5 hrs due once a week and mid-terms are five reasonable problems. German will give 1-1 tutoring if you come during office hours.,explanation_clarity,negative,negative,yes
117,German doesn't waste your time. He spends each class using five minutes to teach new material (much clearer than the textbook) and spends the rest of the time on example problems. HW is 1.5 hrs due once a week and mid-terms are five reasonable problems. German will give 1-1 tutoring if you come during office hours.,doubt_solving,negative,negative,yes
117,German doesn't waste your time. He spends each class using five minutes to teach new material (much clearer than the textbook) and spends the rest of the time on example problems. HW is 1.5 hrs due once a week and mid-terms are five reasonable problems. German will give 1-1 tutoring if you come during office hours.,study_material,negative,negative,yes
117,German doesn't waste your time. He spends each class using five minutes to teach new material (much clearer than the textbook) and spends the rest of the time on example problems. HW is 1.5 hrs due once a week and mid-terms are five reasonable problems. German will give 1-1 tutoring if you come during office hours.,practical_sessions,negative,negative,yes
117,German doesn't waste your time. He spends each class using five minutes to teach new material (much clearer than the textbook) and spends the rest of the time on example problems. HW is 1.5 hrs due once a week and mid-terms are five reasonable problems. German will give 1-1 tutoring if you come during office hours.,faculty_availability,negative,negative,yes
118,"Gary is one of the most thoughtful, kind, and measured people I have met, and despite the touchy subject that is Jerusalem, his goal was clear: to impart as complete and nuanced an understanding of the Holy City as possible. He's an OK lecturer, but nonetheless an extraordinary educator and discussion leader, and his grading is difficult but fair.",explanation_clarity,positive,positive,yes
118,"Gary is one of the most thoughtful, kind, and measured people I have met, and despite the touchy subject that is Jerusalem, his goal was clear: to impart as complete and nuanced an understanding of the Holy City as possible. He's an OK lecturer, but nonetheless an extraordinary educator and discussion leader, and his grading is difficult but fair.",faculty_availability,positive,positive,yes
118,"Gary is one of the most thoughtful, kind, and measured people I have met, and despite the touchy subject that is Jerusalem, his goal was clear: to impart as complete and nuanced an understanding of the Holy City as possible. He's an OK lecturer, but nonetheless an extraordinary educator and discussion leader, and his grading is difficult but fair.",subject_difficulty,negative,negative,yes
119,"If you enjoy teacher's reading straight from their notes and you copying those notes yourself, take him. Also, on midterms you have to quote and identify authors and their works, very very hard.",study_material,positive,positive,yes
119,"If you enjoy teacher's reading straight from their notes and you copying those notes yourself, take him. Also, on midterms you have to quote and identify authors and their works, very very hard.",subject_difficulty,positive,positive,yes
120,"Took Religion, Politics, and Global Violence and he almost converted me to a Religious Studies major. I LOVED the class. With reaction papers, readings, and essays it's a ton of work but seminars are held in his house and you learn more than almost any other class. He's willing to help in any way possible, fun field trips and speakers!",study_material,positive,positive,yes
120,"Took Religion, Politics, and Global Violence and he almost converted me to a Religious Studies major. I LOVED the class. With reaction papers, readings, and essays it's a ton of work but seminars are held in his house and you learn more than almost any other class. He's willing to help in any way possible, fun field trips and speakers!",doubt_solving,positive,positive,yes
121,Interesting material if you're into the poli-sci thing.,study_material,positive,positive,yes
122,Easily the worst professor I've had at the 5Cs. Her tests are hard and she expects students to know a lot despite giving terrible lectures. Her grading criteria is unclear and she is not helpful in office hours. She generally is not a friendly professor. Do not take classes with her.,explanation_clarity,negative,negative,yes
122,Easily the worst professor I've had at the 5Cs. Her tests are hard and she expects students to know a lot despite giving terrible lectures. Her grading criteria is unclear and she is not helpful in office hours. She generally is not a friendly professor. Do not take classes with her.,doubt_solving,negative,negative,yes
122,Easily the worst professor I've had at the 5Cs. Her tests are hard and she expects students to know a lot despite giving terrible lectures. Her grading criteria is unclear and she is not helpful in office hours. She generally is not a friendly professor. Do not take classes with her.,practical_sessions,negative,negative,yes
122,Easily the worst professor I've had at the 5Cs. Her tests are hard and she expects students to know a lot despite giving terrible lectures. Her grading criteria is unclear and she is not helpful in office hours. She generally is not a friendly professor. Do not take classes with her.,faculty_availability,negative,negative,yes
122,Easily the worst professor I've had at the 5Cs. Her tests are hard and she expects students to know a lot despite giving terrible lectures. Her grading criteria is unclear and she is not helpful in office hours. She generally is not a friendly professor. Do not take classes with her.,subject_difficulty,negative,negative,yes
123,"Mark Huber is a great prof if you know all the material already. If you don't, DO NOT TAKE HIM. He's a great guy outside of class, but he's an awful professor. His class convinced me that I don't want to do a math major. I used to be good at math before I took his class. He made me hate it.",study_material,positive,negative,yes
124,Fernholz is the man! He keeps math simple (great for IR majors who need macro). He is super helpful in office hours with problem sets and before exams. Workload is totally manageable and realistic. Take Macro with this guy!,doubt_solving,positive,positive,yes
124,Fernholz is the man! He keeps math simple (great for IR majors who need macro). He is super helpful in office hours with problem sets and before exams. Workload is totally manageable and realistic. Take Macro with this guy!,practical_sessions,positive,positive,yes
124,Fernholz is the man! He keeps math simple (great for IR majors who need macro). He is super helpful in office hours with problem sets and before exams. Workload is totally manageable and realistic. Take Macro with this guy!,faculty_availability,positive,positive,yes
124,Fernholz is the man! He keeps math simple (great for IR majors who need macro). He is super helpful in office hours with problem sets and before exams. Workload is totally manageable and realistic. Take Macro with this guy!,subject_difficulty,positive,positive,yes
125,"Do not take. She is a very nice person but not a good teacher. All these reviews are saying her lectures are unclear but that's ok? A professor is supposed to give good lectures!! In Office hours she reads off the solution and cannot explain the material clearly. Tests are complete regurgitation + time pressure, odd for a Real Analysis course.",explanation_clarity,positive,negative,yes
125,"Do not take. She is a very nice person but not a good teacher. All these reviews are saying her lectures are unclear but that's ok? A professor is supposed to give good lectures!! In Office hours she reads off the solution and cannot explain the material clearly. Tests are complete regurgitation + time pressure, odd for a Real Analysis course.",doubt_solving,positive,negative,yes
125,"Do not take. She is a very nice person but not a good teacher. All these reviews are saying her lectures are unclear but that's ok? A professor is supposed to give good lectures!! In Office hours she reads off the solution and cannot explain the material clearly. Tests are complete regurgitation + time pressure, odd for a Real Analysis course.",study_material,positive,negative,yes
125,"Do not take. She is a very nice person but not a good teacher. All these reviews are saying her lectures are unclear but that's ok? A professor is supposed to give good lectures!! In Office hours she reads off the solution and cannot explain the material clearly. Tests are complete regurgitation + time pressure, odd for a Real Analysis course.",practical_sessions,positive,negative,yes
125,"Do not take. She is a very nice person but not a good teacher. All these reviews are saying her lectures are unclear but that's ok? A professor is supposed to give good lectures!! In Office hours she reads off the solution and cannot explain the material clearly. Tests are complete regurgitation + time pressure, odd for a Real Analysis course.",faculty_availability,positive,negative,yes
126,"Love Prof. Martinezvery clear speaker and cares about her students, super helpful outside of class.",explanation_clarity,positive,positive,yes
126,"Love Prof. Martinezvery clear speaker and cares about her students, super helpful outside of class.",doubt_solving,positive,positive,yes
127,"The Psychology of Morality is lecture and discussion based, and Valdesolo is a fun and engaging lecturer. However, writing essays will take over your life, and if you ""miss the mark"" then he may grade you very poorly, and his criticisms of your writing is not always done in a respectful manner.",explanation_clarity,positive,positive,yes
128,"If you're looking to fulfill your Philosophy GE while improving your analytical writing skills this is the class. Prof Locke's levels system really pushes you to become a concise, analytical writer. If you listen take detailed note of his feedback between every attempt, you'll be fine.",doubt_solving,positive,positive,yes
128,"If you're looking to fulfill your Philosophy GE while improving your analytical writing skills this is the class. Prof Locke's levels system really pushes you to become a concise, analytical writer. If you listen take detailed note of his feedback between every attempt, you'll be fine.",study_material,positive,positive,yes
129,"At first, I was excited to go to class because the teacher seemed interesting. He might be a good orator but nothing he says helps clarify or exemplify the concepts unless you read the book beforehand. So, it is a hard class that requires a lot of studying, but he doesn't help reinforce it as well as he could. No practice besides doing the homework",doubt_solving,negative,negative,yes
129,"At first, I was excited to go to class because the teacher seemed interesting. He might be a good orator but nothing he says helps clarify or exemplify the concepts unless you read the book beforehand. So, it is a hard class that requires a lot of studying, but he doesn't help reinforce it as well as he could. No practice besides doing the homework",subject_difficulty,negative,negative,yes
129,"At first, I was excited to go to class because the teacher seemed interesting. He might be a good orator but nothing he says helps clarify or exemplify the concepts unless you read the book beforehand. So, it is a hard class that requires a lot of studying, but he doesn't help reinforce it as well as he could. No practice besides doing the homework",practical_sessions,negative,negative,yes
130,Reasons why I LOVE Warner: 1)Engaging discussions. 2)Makes the discussions interesting and funny by acting out the characters with their accents.3)he makes you a brilliant writer. 4)The class is all getting B's and above - not too bad. 5) His enthusiasm for literature is adorable. 6)Very helpfull. 7)His teaching is inspirational. seriously.,doubt_solving,positive,positive,yes
131,"Such a good prof. Her lectures are really clear and she presents topics in a very visual format which make them easy to understand. It is definitely a fast-paced class and the tests cover a lot of material, but she will walk you through every problem set in office hours and is really kind and helpful.",explanation_clarity,positive,positive,yes
131,"Such a good prof. Her lectures are really clear and she presents topics in a very visual format which make them easy to understand. It is definitely a fast-paced class and the tests cover a lot of material, but she will walk you through every problem set in office hours and is really kind and helpful.",teaching_pace,positive,positive,yes
131,"Such a good prof. Her lectures are really clear and she presents topics in a very visual format which make them easy to understand. It is definitely a fast-paced class and the tests cover a lot of material, but she will walk you through every problem set in office hours and is really kind and helpful.",study_material,positive,positive,yes
131,"Such a good prof. Her lectures are really clear and she presents topics in a very visual format which make them easy to understand. It is definitely a fast-paced class and the tests cover a lot of material, but she will walk you through every problem set in office hours and is really kind and helpful.",practical_sessions,positive,positive,yes
131,"Such a good prof. Her lectures are really clear and she presents topics in a very visual format which make them easy to understand. It is definitely a fast-paced class and the tests cover a lot of material, but she will walk you through every problem set in office hours and is really kind and helpful.",subject_difficulty,positive,positive,yes
131,"Such a good prof. Her lectures are really clear and she presents topics in a very visual format which make them easy to understand. It is definitely a fast-paced class and the tests cover a lot of material, but she will walk you through every problem set in office hours and is really kind and helpful.",doubt_solving,positive,positive,yes
131,"Such a good prof. Her lectures are really clear and she presents topics in a very visual format which make them easy to understand. It is definitely a fast-paced class and the tests cover a lot of material, but she will walk you through every problem set in office hours and is really kind and helpful.",faculty_availability,positive,positive,yes
132,"She is really cute and sweet, I liked her a lot.  She really wants you to suceed, but she doesnt curve and is fairly tough.",subject_difficulty,negative,negative,yes
133,"She's super passionate and explains everything well.  If someone is confused, she can easily come up with other explanations/analogies. Prof E-G is also one of the most adorable people ever.",explanation_clarity,positive,positive,yes
134,"I understand why Leland has gotten average ratings, as he is a very difficult grader and expects a lot from his students. However, as a Lit major, he has inspired me to be a better writer and look for art in everything I see; what more can you ask of a professor?",subject_difficulty,negative,negative,yes
135,Professor Bird is terrible. He barely explains anything and is not very approachable. He doesnt prepare you well for the midterm or final. DONT TAKE HIS CLASS.,explanation_clarity,negative,negative,yes
135,Professor Bird is terrible. He barely explains anything and is not very approachable. He doesnt prepare you well for the midterm or final. DONT TAKE HIS CLASS.,doubt_solving,negative,negative,yes
136,"Contrary to a few people on here, I thought Prof. Haskell's class was the best in D.C.  He's interesting, witty, and amazingly makes the budget process somewhat enjoyable to learn.  He's a tough grader, but it's objective and consistent.  The program is tough, and so is he.  You can do well if you put the effor in.",subject_difficulty,positive,positive,yes
137,really interesting class. all the lectures are engaging - i never found myself bored. he really knows his stuff but has reasonable expectations of his students.,explanation_clarity,positive,positive,yes
138,"I've taken two classes from this prof so far... 132 and 120... both have been awesome.  He's interesting, knowledgable, and approachable.  I highly recommend his classes.",doubt_solving,positive,positive,yes
139,"Great class, lot of movies.  The final and midterm are a breeze if you use the study guide.  There's some work involved, but not a huge time commitment.  Class is a lot of fun and fairly easy A.",subject_difficulty,positive,positive,yes
140,"good teacher, a little spacey, wants everyone to do well",teaching_pace,positive,positive,yes
141,"Prof. Lobis is incredibly knowledgeable in his field, and his discussion input and essay feedback reflect that. FWS010 (Shakespeare and Otherness) was difficult but a real gem if you enjoy reading and studying Shakespeare. He isn't necessarily a tough grader, but it is difficult to get in the A range for an essay.",doubt_solving,negative,neutral,yes
141,"Prof. Lobis is incredibly knowledgeable in his field, and his discussion input and essay feedback reflect that. FWS010 (Shakespeare and Otherness) was difficult but a real gem if you enjoy reading and studying Shakespeare. He isn't necessarily a tough grader, but it is difficult to get in the A range for an essay.",subject_difficulty,positive,positive,yes
142,"Bassam made me feel like our class is really a family. He's one of the funniest, kindest, and sweetest teachers I've ever had, though his class can be a little chaotic or confusing at times. Arabic is a really challenging language, but nobody loves the subject more than him. Be sure to take advantage of the tutoring hours outside of class.",explanation_clarity,positive,positive,yes
142,"Bassam made me feel like our class is really a family. He's one of the funniest, kindest, and sweetest teachers I've ever had, though his class can be a little chaotic or confusing at times. Arabic is a really challenging language, but nobody loves the subject more than him. Be sure to take advantage of the tutoring hours outside of class.",practical_sessions,positive,positive,yes
142,"Bassam made me feel like our class is really a family. He's one of the funniest, kindest, and sweetest teachers I've ever had, though his class can be a little chaotic or confusing at times. Arabic is a really challenging language, but nobody loves the subject more than him. Be sure to take advantage of the tutoring hours outside of class.",subject_difficulty,positive,positive,yes
143,"If you take the initiative to do the practice problems, understand the homework, study the lecture slides, and go to office hours, the tests aren't that hard and you will definitely succeed. Helpful in office hours without ever giving the answer. Not a terribly difficult class, but he is a very effective teacher and I learned a lot.",explanation_clarity,positive,positive,yes
143,"If you take the initiative to do the practice problems, understand the homework, study the lecture slides, and go to office hours, the tests aren't that hard and you will definitely succeed. Helpful in office hours without ever giving the answer. Not a terribly difficult class, but he is a very effective teacher and I learned a lot.",doubt_solving,positive,positive,yes
143,"If you take the initiative to do the practice problems, understand the homework, study the lecture slides, and go to office hours, the tests aren't that hard and you will definitely succeed. Helpful in office hours without ever giving the answer. Not a terribly difficult class, but he is a very effective teacher and I learned a lot.",study_material,positive,positive,yes
143,"If you take the initiative to do the practice problems, understand the homework, study the lecture slides, and go to office hours, the tests aren't that hard and you will definitely succeed. Helpful in office hours without ever giving the answer. Not a terribly difficult class, but he is a very effective teacher and I learned a lot.",practical_sessions,positive,positive,yes
143,"If you take the initiative to do the practice problems, understand the homework, study the lecture slides, and go to office hours, the tests aren't that hard and you will definitely succeed. Helpful in office hours without ever giving the answer. Not a terribly difficult class, but he is a very effective teacher and I learned a lot.",faculty_availability,positive,positive,yes
143,"If you take the initiative to do the practice problems, understand the homework, study the lecture slides, and go to office hours, the tests aren't that hard and you will definitely succeed. Helpful in office hours without ever giving the answer. Not a terribly difficult class, but he is a very effective teacher and I learned a lot.",subject_difficulty,positive,positive,yes
144,"steer clear, but if you can't, dont get on her bad side",explanation_clarity,positive,positive,yes
145,"Prof Kalb was the highlight of my semester, she's the best! She's extremely kind and you can tell she really cares for her students and the content she's teaching. Her class created the most amazing sense of community during the online semester and her readings always showed a unique perspective. Her essays can be tough but worth it!",study_material,positive,positive,yes
145,"Prof Kalb was the highlight of my semester, she's the best! She's extremely kind and you can tell she really cares for her students and the content she's teaching. Her class created the most amazing sense of community during the online semester and her readings always showed a unique perspective. Her essays can be tough but worth it!",subject_difficulty,positive,positive,yes
146,"Prof. Koch is the best professor I've had so far. Her lectures flow smoothly between students and teacher, and she strives to consider everyone's background/perspective on the material. There are no tests, and she's very clear with her rubric for the 2-3 pg papers. She assures us we only have to read the important bits of the readings. Love her!",explanation_clarity,positive,positive,yes
146,"Prof. Koch is the best professor I've had so far. Her lectures flow smoothly between students and teacher, and she strives to consider everyone's background/perspective on the material. There are no tests, and she's very clear with her rubric for the 2-3 pg papers. She assures us we only have to read the important bits of the readings. Love her!",study_material,positive,positive,yes
146,"Prof. Koch is the best professor I've had so far. Her lectures flow smoothly between students and teacher, and she strives to consider everyone's background/perspective on the material. There are no tests, and she's very clear with her rubric for the 2-3 pg papers. She assures us we only have to read the important bits of the readings. Love her!",practical_sessions,positive,positive,yes
147,Strict grader.  Did not give clear instructions on assignments and gave a penalty later.  Participation matters.  This prof was under the impression that there was some lack of motivation and gave me low grades.,explanation_clarity,negative,negative,yes
147,Strict grader.  Did not give clear instructions on assignments and gave a penalty later.  Participation matters.  This prof was under the impression that there was some lack of motivation and gave me low grades.,study_material,negative,negative,yes
147,Strict grader.  Did not give clear instructions on assignments and gave a penalty later.  Participation matters.  This prof was under the impression that there was some lack of motivation and gave me low grades.,practical_sessions,negative,negative,yes
148,The best class I have ever taken at CMC with the best professor I have ever taken. The class was engaging and Professor Selig was kind and really cares about her students. The material was incredibly interesting and I learned so much. I can't recommend this class enough!,study_material,positive,positive,yes
149,His enthusiasm rubs off on you and makes even a tedius course like calculus 31 intesting. Take all his classes. He teaches calculus also!,practical_sessions,positive,positive,yes
150,"Prof Wells really cared about his students and their understanding of the topic. Although the information was not always explicitly clear throughout the lectures, he would dedicate a lot of his time out of class to make sure his students understood. Hard class but you just have to put in the effort.",explanation_clarity,negative,negative,yes
150,"Prof Wells really cared about his students and their understanding of the topic. Although the information was not always explicitly clear throughout the lectures, he would dedicate a lot of his time out of class to make sure his students understood. Hard class but you just have to put in the effort.",subject_difficulty,negative,negative,yes
151,"Horribly unhelpful throughout lectures, lab, and just about everything else. He doesn't even seem to have a clear grasp of the material he teaches, so don't expect to learn much or get answers whenever you have a question. Tests were easy and straightforward, but it still doesn't help when he teaches you next to nothing and expects you to know it.",explanation_clarity,positive,negative,yes
151,"Horribly unhelpful throughout lectures, lab, and just about everything else. He doesn't even seem to have a clear grasp of the material he teaches, so don't expect to learn much or get answers whenever you have a question. Tests were easy and straightforward, but it still doesn't help when he teaches you next to nothing and expects you to know it.",doubt_solving,negative,negative,yes
151,"Horribly unhelpful throughout lectures, lab, and just about everything else. He doesn't even seem to have a clear grasp of the material he teaches, so don't expect to learn much or get answers whenever you have a question. Tests were easy and straightforward, but it still doesn't help when he teaches you next to nothing and expects you to know it.",study_material,positive,negative,yes
151,"Horribly unhelpful throughout lectures, lab, and just about everything else. He doesn't even seem to have a clear grasp of the material he teaches, so don't expect to learn much or get answers whenever you have a question. Tests were easy and straightforward, but it still doesn't help when he teaches you next to nothing and expects you to know it.",practical_sessions,positive,negative,yes
151,"Horribly unhelpful throughout lectures, lab, and just about everything else. He doesn't even seem to have a clear grasp of the material he teaches, so don't expect to learn much or get answers whenever you have a question. Tests were easy and straightforward, but it still doesn't help when he teaches you next to nothing and expects you to know it.",subject_difficulty,positive,negative,yes
152,Great professor. Not an easy A like might be expected. Study and you will succeed. I refused to take Math 30 with anyone else.,subject_difficulty,positive,positive,yes
153,"Super responsible, very helpful in and after class, charming.",doubt_solving,positive,positive,yes
154,If you can speak Italian and are a brilliant mathematician go take his upper division classes. Otherwise get ready to make spend a lot of quality time with your textbook so you can pass the tests. Mama mia!,study_material,positive,positive,yes
154,If you can speak Italian and are a brilliant mathematician go take his upper division classes. Otherwise get ready to make spend a lot of quality time with your textbook so you can pass the tests. Mama mia!,practical_sessions,positive,positive,yes
155,Don't blame the professor. The only problem in the class is many students do not realize that they are now in a college. They assume that all material in class is enough for exams. You need to do work by yourself. Professor Krumm prepares well for his classes and gives clear explanations.,explanation_clarity,positive,positive,yes
155,Don't blame the professor. The only problem in the class is many students do not realize that they are now in a college. They assume that all material in class is enough for exams. You need to do work by yourself. Professor Krumm prepares well for his classes and gives clear explanations.,study_material,positive,positive,yes
155,Don't blame the professor. The only problem in the class is many students do not realize that they are now in a college. They assume that all material in class is enough for exams. You need to do work by yourself. Professor Krumm prepares well for his classes and gives clear explanations.,practical_sessions,positive,positive,yes
156,"While she is helpful if you go to see her outside of class, she routinely fails to get through her lecture outline within the class time. Her questions on exams are very unclear and many students miss points because they don't understand what she is asking.",explanation_clarity,negative,negative,yes
156,"While she is helpful if you go to see her outside of class, she routinely fails to get through her lecture outline within the class time. Her questions on exams are very unclear and many students miss points because they don't understand what she is asking.",doubt_solving,negative,negative,yes
156,"While she is helpful if you go to see her outside of class, she routinely fails to get through her lecture outline within the class time. Her questions on exams are very unclear and many students miss points because they don't understand what she is asking.",practical_sessions,negative,negative,yes
157,"Easily one of the best professors at CMC. Great lectures, entertaining and knowledgeable! But it is not easy to get an A.",explanation_clarity,positive,positive,yes
157,"Easily one of the best professors at CMC. Great lectures, entertaining and knowledgeable! But it is not easy to get an A.",subject_difficulty,negative,negative,yes
158,Professor Costanzo is one of the best professors I have had at CMC. He truly brings the topic to life in hands-on demonstrations and real-life scenarios. Truly a skilled professor. He is always asking for feedback and truly takes it into account. Take one of his classes!,doubt_solving,positive,positive,yes
159,"She is the best econ professor I've had. Very clear, helpful, funny. Take her for any class you can.",explanation_clarity,positive,positive,yes
159,"She is the best econ professor I've had. Very clear, helpful, funny. Take her for any class you can.",doubt_solving,positive,positive,yes
160,Prof Nagel was so excited to teach Bio of Cancer and really brought this enthusiasm to the classroom. She is super sweet and funny and makes hard topics much more approachable. She's also very down to earth and a great lecturer!,explanation_clarity,positive,positive,yes
160,Prof Nagel was so excited to teach Bio of Cancer and really brought this enthusiasm to the classroom. She is super sweet and funny and makes hard topics much more approachable. She's also very down to earth and a great lecturer!,doubt_solving,positive,positive,yes
160,Prof Nagel was so excited to teach Bio of Cancer and really brought this enthusiasm to the classroom. She is super sweet and funny and makes hard topics much more approachable. She's also very down to earth and a great lecturer!,subject_difficulty,positive,positive,yes
161,Prof is amazing. You can tell he is so passionate about his class and the subject he teaches which is awesome! The class is not content heavy and the exams were take home which was great. He may be picky grader at times but overall his grading is easier than most professor. It is hard to get into his class because he is a gem. Makes tome for you.,practical_sessions,positive,positive,yes
161,Prof is amazing. You can tell he is so passionate about his class and the subject he teaches which is awesome! The class is not content heavy and the exams were take home which was great. He may be picky grader at times but overall his grading is easier than most professor. It is hard to get into his class because he is a gem. Makes tome for you.,subject_difficulty,positive,positive,yes
162,"Very nice guy and really knows his stuff. Such an interesting class! Quite a lot of reading and not very easy a grader, but Morrison is well worth taking.",study_material,positive,positive,yes
162,"Very nice guy and really knows his stuff. Such an interesting class! Quite a lot of reading and not very easy a grader, but Morrison is well worth taking.",subject_difficulty,positive,positive,yes
163,Hands down the worst professor I have had. He's extremely unclear in what he  expects from the class - making midterms and exams very hard to prepare for. Don't let his humorous persona fool you - get out while you can!,explanation_clarity,negative,negative,yes
163,Hands down the worst professor I have had. He's extremely unclear in what he  expects from the class - making midterms and exams very hard to prepare for. Don't let his humorous persona fool you - get out while you can!,practical_sessions,negative,negative,yes
163,Hands down the worst professor I have had. He's extremely unclear in what he  expects from the class - making midterms and exams very hard to prepare for. Don't let his humorous persona fool you - get out while you can!,subject_difficulty,negative,negative,yes
164,"FWS American Dreams with Prof Crockett was very manageable, though she did say that she was more lenient since it was an online class during Covid. We had 3 straightforward essays, a fun website project, and some easy homework assignments. Prof C is very caring and makes the class interesting, so I highly recommend her! Workload is not bad at all.",study_material,positive,positive,yes
164,"FWS American Dreams with Prof Crockett was very manageable, though she did say that she was more lenient since it was an online class during Covid. We had 3 straightforward essays, a fun website project, and some easy homework assignments. Prof C is very caring and makes the class interesting, so I highly recommend her! Workload is not bad at all.",practical_sessions,positive,positive,yes
164,"FWS American Dreams with Prof Crockett was very manageable, though she did say that she was more lenient since it was an online class during Covid. We had 3 straightforward essays, a fun website project, and some easy homework assignments. Prof C is very caring and makes the class interesting, so I highly recommend her! Workload is not bad at all.",subject_difficulty,positive,positive,yes
165,"The class wasn't very enlightening and it was confusing at times. However, the workload was reasonable and the tests pushed you to think, which was good. While Yoon wasn't the best at explaining things, he was really nice and helpful.",explanation_clarity,positive,neutral,yes
165,"The class wasn't very enlightening and it was confusing at times. However, the workload was reasonable and the tests pushed you to think, which was good. While Yoon wasn't the best at explaining things, he was really nice and helpful.",doubt_solving,positive,neutral,yes
165,"The class wasn't very enlightening and it was confusing at times. However, the workload was reasonable and the tests pushed you to think, which was good. While Yoon wasn't the best at explaining things, he was really nice and helpful.",practical_sessions,positive,neutral,yes
165,"The class wasn't very enlightening and it was confusing at times. However, the workload was reasonable and the tests pushed you to think, which was good. While Yoon wasn't the best at explaining things, he was really nice and helpful.",subject_difficulty,positive,neutral,yes
166,She is awesome! Take a class with her because it's fun and you learn a lot of Spanish. She is a cool person in and out of the classroom also plus the workload is pretty light!,subject_difficulty,positive,positive,yes
167,"I don't know what your other options are, but I do not recommend this professor.  Like others have said, he's a good speaker, but literally nothing he says makes sense.  Really bad at explaining the material and answering questions.  I learned from the book.  His tests are full of errors and poorly written.  You'll survive, but it will be painful.",explanation_clarity,negative,negative,yes
167,"I don't know what your other options are, but I do not recommend this professor.  Like others have said, he's a good speaker, but literally nothing he says makes sense.  Really bad at explaining the material and answering questions.  I learned from the book.  His tests are full of errors and poorly written.  You'll survive, but it will be painful.",doubt_solving,negative,negative,yes
167,"I don't know what your other options are, but I do not recommend this professor.  Like others have said, he's a good speaker, but literally nothing he says makes sense.  Really bad at explaining the material and answering questions.  I learned from the book.  His tests are full of errors and poorly written.  You'll survive, but it will be painful.",study_material,negative,negative,yes
167,"I don't know what your other options are, but I do not recommend this professor.  Like others have said, he's a good speaker, but literally nothing he says makes sense.  Really bad at explaining the material and answering questions.  I learned from the book.  His tests are full of errors and poorly written.  You'll survive, but it will be painful.",practical_sessions,negative,negative,yes
168,"Professor Bjornlie's class appears difficult at first, however, his Hist054 Class, Bread and Circuses, was an excellent choice for my history prereq. The class syllabus includes a lot of reading however it is not necessary to complete the majority of it in its entirety. I highly recommend that you take in-depth notes on your computer for this class",subject_difficulty,negative,negative,yes
168,"Professor Bjornlie's class appears difficult at first, however, his Hist054 Class, Bread and Circuses, was an excellent choice for my history prereq. The class syllabus includes a lot of reading however it is not necessary to complete the majority of it in its entirety. I highly recommend that you take in-depth notes on your computer for this class",study_material,positive,positive,yes
168,"Professor Bjornlie's class appears difficult at first, however, his Hist054 Class, Bread and Circuses, was an excellent choice for my history prereq. The class syllabus includes a lot of reading however it is not necessary to complete the majority of it in its entirety. I highly recommend that you take in-depth notes on your computer for this class",practical_sessions,positive,positive,yes
169,"Don't take his classes.  He gets stuck on a few arguments and doesn't even really cover them that well.  Also an insane grader.  He says no page limit, but really he wants 20 or more double spaced.  You won't benefit and most likely it'll hurt your GPA.",teaching_pace,negative,negative,yes
170,"Professor Warner is a captivating lecturer, very clear about the class and requirements, and really  makes it hard NOT to see him outside of class to help with your writing. He is indeed a tough grader but it's reasonably fair since he is upfront about raising the bar.",explanation_clarity,positive,positive,yes
170,"Professor Warner is a captivating lecturer, very clear about the class and requirements, and really  makes it hard NOT to see him outside of class to help with your writing. He is indeed a tough grader but it's reasonably fair since he is upfront about raising the bar.",doubt_solving,positive,positive,yes
170,"Professor Warner is a captivating lecturer, very clear about the class and requirements, and really  makes it hard NOT to see him outside of class to help with your writing. He is indeed a tough grader but it's reasonably fair since he is upfront about raising the bar.",subject_difficulty,positive,positive,yes
171,"He gives daily class quizzes so you can't really skip a class.  He's really approachable and loves when people ask questions. He is open for  extra scheduled office hours which is helpful if your schedule does not permit you to attend his set hours. Super nice. Tests are general, definitely study as you learn type of class.",doubt_solving,positive,positive,yes
171,"He gives daily class quizzes so you can't really skip a class.  He's really approachable and loves when people ask questions. He is open for  extra scheduled office hours which is helpful if your schedule does not permit you to attend his set hours. Super nice. Tests are general, definitely study as you learn type of class.",practical_sessions,positive,positive,yes
171,"He gives daily class quizzes so you can't really skip a class.  He's really approachable and loves when people ask questions. He is open for  extra scheduled office hours which is helpful if your schedule does not permit you to attend his set hours. Super nice. Tests are general, definitely study as you learn type of class.",faculty_availability,positive,positive,yes
172,The readings are too much and he's a very tough grader. Office hour is helpful tho,doubt_solving,positive,neutral,yes
172,The readings are too much and he's a very tough grader. Office hour is helpful tho,study_material,positive,neutral,yes
172,The readings are too much and he's a very tough grader. Office hour is helpful tho,faculty_availability,positive,neutral,yes
172,The readings are too much and he's a very tough grader. Office hour is helpful tho,subject_difficulty,positive,neutral,yes
173,"Fernholz was a very solid teacher. We had a short quiz every week and the class was mainly lecture/PowerPoint-based. There was a good amount of homework every week as we had to watch multiple videos and take notes which were very time-consuming. Fernholz makes you work for the grade. It is not easy, but he is very helpful and a good prof overall.",explanation_clarity,positive,positive,yes
173,"Fernholz was a very solid teacher. We had a short quiz every week and the class was mainly lecture/PowerPoint-based. There was a good amount of homework every week as we had to watch multiple videos and take notes which were very time-consuming. Fernholz makes you work for the grade. It is not easy, but he is very helpful and a good prof overall.",study_material,positive,positive,yes
173,"Fernholz was a very solid teacher. We had a short quiz every week and the class was mainly lecture/PowerPoint-based. There was a good amount of homework every week as we had to watch multiple videos and take notes which were very time-consuming. Fernholz makes you work for the grade. It is not easy, but he is very helpful and a good prof overall.",practical_sessions,positive,positive,yes
173,"Fernholz was a very solid teacher. We had a short quiz every week and the class was mainly lecture/PowerPoint-based. There was a good amount of homework every week as we had to watch multiple videos and take notes which were very time-consuming. Fernholz makes you work for the grade. It is not easy, but he is very helpful and a good prof overall.",subject_difficulty,positive,positive,yes
173,"Fernholz was a very solid teacher. We had a short quiz every week and the class was mainly lecture/PowerPoint-based. There was a good amount of homework every week as we had to watch multiple videos and take notes which were very time-consuming. Fernholz makes you work for the grade. It is not easy, but he is very helpful and a good prof overall.",doubt_solving,positive,positive,yes
174,"I think people don't like it because it's not an easy class. But if you put in the effort, you will learn a lot. She also curves the final grades! She uses video clips, to make class entertaining, and posts slides.",subject_difficulty,negative,negative,yes
174,"I think people don't like it because it's not an easy class. But if you put in the effort, you will learn a lot. She also curves the final grades! She uses video clips, to make class entertaining, and posts slides.",study_material,positive,positive,yes
175,"This prof is kind and has good intentions. The homework load is pretty manageable aside from the occasional long textbook readings. Class time was stressful because of how much info he would try to cram in, and it felt rushed. Lab was easy and never took long. I learned a lot.",teaching_pace,positive,positive,yes
175,"This prof is kind and has good intentions. The homework load is pretty manageable aside from the occasional long textbook readings. Class time was stressful because of how much info he would try to cram in, and it felt rushed. Lab was easy and never took long. I learned a lot.",study_material,positive,positive,yes
175,"This prof is kind and has good intentions. The homework load is pretty manageable aside from the occasional long textbook readings. Class time was stressful because of how much info he would try to cram in, and it felt rushed. Lab was easy and never took long. I learned a lot.",practical_sessions,positive,positive,yes
175,"This prof is kind and has good intentions. The homework load is pretty manageable aside from the occasional long textbook readings. Class time was stressful because of how much info he would try to cram in, and it felt rushed. Lab was easy and never took long. I learned a lot.",subject_difficulty,positive,positive,yes
176,"Easy tests, very sarcastic and entertaining, makes fun of students, fair grader",practical_sessions,positive,positive,yes
176,"Easy tests, very sarcastic and entertaining, makes fun of students, fair grader",subject_difficulty,positive,positive,yes
177,Great professor. Lectures are interesting and concepts explained well. Problem sets are difficult but he will walk you through every problem in office hours. One of the best Professors I've had at CMC,explanation_clarity,positive,positive,yes
177,Great professor. Lectures are interesting and concepts explained well. Problem sets are difficult but he will walk you through every problem in office hours. One of the best Professors I've had at CMC,subject_difficulty,positive,positive,yes
177,Great professor. Lectures are interesting and concepts explained well. Problem sets are difficult but he will walk you through every problem in office hours. One of the best Professors I've had at CMC,doubt_solving,positive,positive,yes
177,Great professor. Lectures are interesting and concepts explained well. Problem sets are difficult but he will walk you through every problem in office hours. One of the best Professors I've had at CMC,faculty_availability,positive,positive,yes
178,"I absolutely loved taking French with Professor Aitel. She is funny, nice, understanding, and easy. She is so good that I took 33 and 44 with her. I highly recommend taking a class from her!",subject_difficulty,positive,positive,yes
179,"She front-loads her Metaphysics class to have some really difficult concepts at the beginning, but if you persist the class is really interesting overall. You have 9 papers (800-1000 words each), 1 group project @ end of semester. Grading is fair but not too tough, and she really loves the subject which makes class great to attend.",subject_difficulty,positive,positive,yes
179,"She front-loads her Metaphysics class to have some really difficult concepts at the beginning, but if you persist the class is really interesting overall. You have 9 papers (800-1000 words each), 1 group project @ end of semester. Grading is fair but not too tough, and she really loves the subject which makes class great to attend.",practical_sessions,positive,positive,yes
180,"He should not be teaching this intro class. The exams cover too much material, he is poor at explaining concepts, and gets upset at students when they do not understand the material he is poorly putting forward. The second exam covers 250 pages of dense text book.",explanation_clarity,negative,negative,yes
180,"He should not be teaching this intro class. The exams cover too much material, he is poor at explaining concepts, and gets upset at students when they do not understand the material he is poorly putting forward. The second exam covers 250 pages of dense text book.",study_material,negative,negative,yes
180,"He should not be teaching this intro class. The exams cover too much material, he is poor at explaining concepts, and gets upset at students when they do not understand the material he is poorly putting forward. The second exam covers 250 pages of dense text book.",practical_sessions,negative,negative,yes
181,Very thoughtful person who pushed me to become a better thinker and a more competent philosophy student. Some of the reading is difficult but Kreines makes a serious effort to make sure everyone is following along. Definitely one of the most intelligent professors I've ever had and I'm seriously considering having him as my thesis reader. Dope guy!,study_material,positive,positive,yes
181,Very thoughtful person who pushed me to become a better thinker and a more competent philosophy student. Some of the reading is difficult but Kreines makes a serious effort to make sure everyone is following along. Definitely one of the most intelligent professors I've ever had and I'm seriously considering having him as my thesis reader. Dope guy!,subject_difficulty,positive,positive,yes
182,"Do not take his class! Absurd amounts of work and readings.  Tests are impossible. Early Saturday morning field trips.  Doesn't care about his students, completely unhelpful. ARROGANT!! Brags about himself and what he's done at every available opportunity. Any redeeming quality is offset by his smug attitude and the magnitude of work required.",doubt_solving,negative,negative,yes
182,"Do not take his class! Absurd amounts of work and readings.  Tests are impossible. Early Saturday morning field trips.  Doesn't care about his students, completely unhelpful. ARROGANT!! Brags about himself and what he's done at every available opportunity. Any redeeming quality is offset by his smug attitude and the magnitude of work required.",study_material,negative,negative,yes
182,"Do not take his class! Absurd amounts of work and readings.  Tests are impossible. Early Saturday morning field trips.  Doesn't care about his students, completely unhelpful. ARROGANT!! Brags about himself and what he's done at every available opportunity. Any redeeming quality is offset by his smug attitude and the magnitude of work required.",practical_sessions,negative,negative,yes
182,"Do not take his class! Absurd amounts of work and readings.  Tests are impossible. Early Saturday morning field trips.  Doesn't care about his students, completely unhelpful. ARROGANT!! Brags about himself and what he's done at every available opportunity. Any redeeming quality is offset by his smug attitude and the magnitude of work required.",faculty_availability,negative,negative,yes
183,He is a really nice man. Generally not the hardest class but it was often confusing as to what was expected. The class was a large lecture and sometimes it was hard to determine what was actually important to take notes on. He is what I see as the stereotypical college professor. Often the textbook was too hard / too in-depth and was not helpful.,subject_difficulty,positive,positive,yes
183,He is a really nice man. Generally not the hardest class but it was often confusing as to what was expected. The class was a large lecture and sometimes it was hard to determine what was actually important to take notes on. He is what I see as the stereotypical college professor. Often the textbook was too hard / too in-depth and was not helpful.,explanation_clarity,negative,negative,yes
183,He is a really nice man. Generally not the hardest class but it was often confusing as to what was expected. The class was a large lecture and sometimes it was hard to determine what was actually important to take notes on. He is what I see as the stereotypical college professor. Often the textbook was too hard / too in-depth and was not helpful.,doubt_solving,negative,negative,yes
183,He is a really nice man. Generally not the hardest class but it was often confusing as to what was expected. The class was a large lecture and sometimes it was hard to determine what was actually important to take notes on. He is what I see as the stereotypical college professor. Often the textbook was too hard / too in-depth and was not helpful.,study_material,negative,negative,yes
184,"Peterson, though a very nice professor, isn't one I'd choose to teach me mathematics again. I felt her classes to be very unhelpful, sadly. So...nice professor, not the best teacher.",doubt_solving,negative,negative,yes
185,"Very nice man. Writes amazing recommendations, so get to know him. Intro level gov class- His lectures could be boring at times, but hes clearly interested in the subject matter.  Participate for the debates and do the readings for the daily quizzes. An A is not impossible.",explanation_clarity,positive,positive,yes
185,"Very nice man. Writes amazing recommendations, so get to know him. Intro level gov class- His lectures could be boring at times, but hes clearly interested in the subject matter.  Participate for the debates and do the readings for the daily quizzes. An A is not impossible.",study_material,positive,positive,yes
185,"Very nice man. Writes amazing recommendations, so get to know him. Intro level gov class- His lectures could be boring at times, but hes clearly interested in the subject matter.  Participate for the debates and do the readings for the daily quizzes. An A is not impossible.",practical_sessions,positive,positive,yes
186,"I overall liked this class a lot. Prof. Cody is interesting and very nice to students. However, she does tend to be fairly disorganized and assignments get moved around.",study_material,negative,negative,yes
186,"I overall liked this class a lot. Prof. Cody is interesting and very nice to students. However, she does tend to be fairly disorganized and assignments get moved around.",practical_sessions,negative,negative,yes
187,Professor Rajczi's class was filled with ungraded busywork which you were penalized for not doing and boring discussions over pointless minutia.  My least favorite class I've ever taken at CMC or even in high school.  I learned nothing about philosophy.,faculty_availability,negative,negative,yes
188,"Super nice professor! Very straightforward, with clear expectations. He sometimes gives interesting examples and stories. He is very patient, and would not mind explain concepts in more details during office hours.",explanation_clarity,positive,positive,yes
188,"Super nice professor! Very straightforward, with clear expectations. He sometimes gives interesting examples and stories. He is very patient, and would not mind explain concepts in more details during office hours.",doubt_solving,positive,positive,yes
188,"Super nice professor! Very straightforward, with clear expectations. He sometimes gives interesting examples and stories. He is very patient, and would not mind explain concepts in more details during office hours.",practical_sessions,positive,positive,yes
188,"Super nice professor! Very straightforward, with clear expectations. He sometimes gives interesting examples and stories. He is very patient, and would not mind explain concepts in more details during office hours.",faculty_availability,positive,positive,yes
189,Professor Halpern is very intelligent--and she knows it. She is fairly condescending and isn't very sensitive if you don't understand something. Her class is easy if you are good with memorization. Don't slack off because one bad test grade will come back to haunt you. A very interesting class.,practical_sessions,positive,positive,yes
189,Professor Halpern is very intelligent--and she knows it. She is fairly condescending and isn't very sensitive if you don't understand something. Her class is easy if you are good with memorization. Don't slack off because one bad test grade will come back to haunt you. A very interesting class.,subject_difficulty,positive,positive,yes
190,"Wonderful class, great books and the topics made me question and think about the subject matter.",doubt_solving,positive,positive,yes
191,"She was funny and very competent. The work was difficult, but I never felt overloaded with homework. She didn't take crap from the annoying, overly-confident boys in the class. Her tests are challenging, but she has really helpful study sessions before them all.",subject_difficulty,positive,neutral,yes
191,"She was funny and very competent. The work was difficult, but I never felt overloaded with homework. She didn't take crap from the annoying, overly-confident boys in the class. Her tests are challenging, but she has really helpful study sessions before them all.",practical_sessions,positive,neutral,yes
191,"She was funny and very competent. The work was difficult, but I never felt overloaded with homework. She didn't take crap from the annoying, overly-confident boys in the class. Her tests are challenging, but she has really helpful study sessions before them all.",doubt_solving,positive,neutral,yes
192,"This class was incredibly difficult. The professor was knowledgeable, but when going to his office hours he was patronizing. He made it clear he was way smarter than you and not very helpful.",subject_difficulty,negative,negative,yes
192,"This class was incredibly difficult. The professor was knowledgeable, but when going to his office hours he was patronizing. He made it clear he was way smarter than you and not very helpful.",explanation_clarity,positive,negative,yes
192,"This class was incredibly difficult. The professor was knowledgeable, but when going to his office hours he was patronizing. He made it clear he was way smarter than you and not very helpful.",doubt_solving,positive,negative,yes
192,"This class was incredibly difficult. The professor was knowledgeable, but when going to his office hours he was patronizing. He made it clear he was way smarter than you and not very helpful.",faculty_availability,positive,negative,yes
193,"She is an absolutely horrible teacher. Questions in class were answered in the most roundabout way possible and her grading simply doesn't make sense. For example, the average on one test was approximately 69, I got a 63, which was graded as an F. I recommend against taking her.",doubt_solving,negative,negative,yes
193,"She is an absolutely horrible teacher. Questions in class were answered in the most roundabout way possible and her grading simply doesn't make sense. For example, the average on one test was approximately 69, I got a 63, which was graded as an F. I recommend against taking her.",practical_sessions,negative,negative,yes
194,"the class is not difficult but you need to actually learn the course material in order to succeed. textbook was recommended but not mandatory, but if you attend lecture and take notes the reading is not necessary. there were typically quizzes each chapter, with a 3 unit tests in total, and no cumulative final. very charismatic and makes lecture fun",subject_difficulty,positive,positive,yes
194,"the class is not difficult but you need to actually learn the course material in order to succeed. textbook was recommended but not mandatory, but if you attend lecture and take notes the reading is not necessary. there were typically quizzes each chapter, with a 3 unit tests in total, and no cumulative final. very charismatic and makes lecture fun",study_material,positive,positive,yes
194,"the class is not difficult but you need to actually learn the course material in order to succeed. textbook was recommended but not mandatory, but if you attend lecture and take notes the reading is not necessary. there were typically quizzes each chapter, with a 3 unit tests in total, and no cumulative final. very charismatic and makes lecture fun",explanation_clarity,positive,positive,yes
194,"the class is not difficult but you need to actually learn the course material in order to succeed. textbook was recommended but not mandatory, but if you attend lecture and take notes the reading is not necessary. there were typically quizzes each chapter, with a 3 unit tests in total, and no cumulative final. very charismatic and makes lecture fun",practical_sessions,positive,positive,yes
195,"Love prof luck!!! Cares about students and super clear, engaging lecturer. Participation is not graded but lecture style is a back and forth with students. Very accessible during office hours to ask questions or just chat. Wants to get to know his students! Progressive approach to grading provides ample extra credit, does not cap # of ppl w As",explanation_clarity,positive,positive,yes
195,"Love prof luck!!! Cares about students and super clear, engaging lecturer. Participation is not graded but lecture style is a back and forth with students. Very accessible during office hours to ask questions or just chat. Wants to get to know his students! Progressive approach to grading provides ample extra credit, does not cap # of ppl w As",doubt_solving,positive,positive,yes
195,"Love prof luck!!! Cares about students and super clear, engaging lecturer. Participation is not graded but lecture style is a back and forth with students. Very accessible during office hours to ask questions or just chat. Wants to get to know his students! Progressive approach to grading provides ample extra credit, does not cap # of ppl w As",faculty_availability,positive,positive,yes
196,Really awesome and helpful. Highly recommended !!!,doubt_solving,positive,positive,yes
197,"Intro astronomy is hard for a GE-exams are very curved. Really interesting though, and prof. naftilan is a riot. Lots is covered. even though attendance is not taken, I would go to class since I have missed it when what was discussed was an essay question.",doubt_solving,negative,negative,yes
197,"Intro astronomy is hard for a GE-exams are very curved. Really interesting though, and prof. naftilan is a riot. Lots is covered. even though attendance is not taken, I would go to class since I have missed it when what was discussed was an essay question.",practical_sessions,negative,negative,yes
197,"Intro astronomy is hard for a GE-exams are very curved. Really interesting though, and prof. naftilan is a riot. Lots is covered. even though attendance is not taken, I would go to class since I have missed it when what was discussed was an essay question.",subject_difficulty,negative,negative,yes
198,"if you go to class, study the practice tests, and do the homework, you will get an A easily. class attendance is MANDATORY. she teaches quickly and demands you speak a lot, but i learned a lot of spanish and the class was always fun. her bark is way worse than her bite - she acts tough but she is a total sweetheart and i loved the class.",teaching_pace,positive,positive,yes
198,"if you go to class, study the practice tests, and do the homework, you will get an A easily. class attendance is MANDATORY. she teaches quickly and demands you speak a lot, but i learned a lot of spanish and the class was always fun. her bark is way worse than her bite - she acts tough but she is a total sweetheart and i loved the class.",practical_sessions,positive,positive,yes
198,"if you go to class, study the practice tests, and do the homework, you will get an A easily. class attendance is MANDATORY. she teaches quickly and demands you speak a lot, but i learned a lot of spanish and the class was always fun. her bark is way worse than her bite - she acts tough but she is a total sweetheart and i loved the class.",subject_difficulty,negative,neutral,yes
199,"He was awesome!!! The class went into a lot of detail and if you put in the work, it will pay off. He is super nice and he is willing to do whatever he needs to do in order to help his students. DEFINITELY TAKE HIM FOR CHEM!!!!!",doubt_solving,positive,positive,yes
200,She's a really invested professor and really helpful when it comes to writing. She cares about her students and picked good readings. I would definitely recommend her class. She values participation in discussion very highly,doubt_solving,positive,positive,yes
200,She's a really invested professor and really helpful when it comes to writing. She cares about her students and picked good readings. I would definitely recommend her class. She values participation in discussion very highly,study_material,positive,positive,yes
201,"Just do the work - spend hours on it, dedicate real effort to it, and you'll be fine. Art Lee gives you all the materials you need, but is not the best at answering questions. Just work it out.",study_material,positive,positive,yes
201,"Just do the work - spend hours on it, dedicate real effort to it, and you'll be fine. Art Lee gives you all the materials you need, but is not the best at answering questions. Just work it out.",doubt_solving,negative,negative,yes
202,"Bassam is a fantastic professor. Arabic is hard, and he tells you this right off the bat, but if you are dedicated, you will learn a ton in this class and succeed. ",subject_difficulty,positive,positive,yes
203,Absolutely amazing class. Love the discussions and Professor Wright has his unbiased views which make a lot of the discussions interesting. TAKE THIS CLASS.  He has been given a bad reputation in the Econ Dept. but this class is awesome and the course material is pretty interesting. TAKE IT!,study_material,positive,positive,yes
204,"This class was great. Flory is a great teacher and makes you really understand the concepts. The tests are not hard, you just have to go over the problem sets. Flory grades really easy on exams as well, he does not dock off a lot of points for incorrect math. His lectures were very engaging and not as boring/dry as other Econ lectures.",explanation_clarity,positive,positive,yes
204,"This class was great. Flory is a great teacher and makes you really understand the concepts. The tests are not hard, you just have to go over the problem sets. Flory grades really easy on exams as well, he does not dock off a lot of points for incorrect math. His lectures were very engaging and not as boring/dry as other Econ lectures.",practical_sessions,positive,positive,yes
204,"This class was great. Flory is a great teacher and makes you really understand the concepts. The tests are not hard, you just have to go over the problem sets. Flory grades really easy on exams as well, he does not dock off a lot of points for incorrect math. His lectures were very engaging and not as boring/dry as other Econ lectures.",subject_difficulty,positive,positive,yes
205,"Professor Raviv really knows his statistics and teaches in a very organized way. If you don't put in the effort, show up to all his lectures, and try your best on the problem sets, you're going to find the class difficult. But he is very clear about expectations and gives you practice tests + solutions",explanation_clarity,positive,positive,yes
205,"Professor Raviv really knows his statistics and teaches in a very organized way. If you don't put in the effort, show up to all his lectures, and try your best on the problem sets, you're going to find the class difficult. But he is very clear about expectations and gives you practice tests + solutions",subject_difficulty,negative,negative,yes
205,"Professor Raviv really knows his statistics and teaches in a very organized way. If you don't put in the effort, show up to all his lectures, and try your best on the problem sets, you're going to find the class difficult. But he is very clear about expectations and gives you practice tests + solutions",practical_sessions,positive,positive,yes
206,"Amazing Probability Theory prof. Super clear and approachable, was really helpful in office hours. Homework was not overwhelming and exams were fair. Did an excellent job of doing the course online (had the official textbook and a supplemental one made just for us -- all free). Highly recommended!",explanation_clarity,positive,positive,yes
206,"Amazing Probability Theory prof. Super clear and approachable, was really helpful in office hours. Homework was not overwhelming and exams were fair. Did an excellent job of doing the course online (had the official textbook and a supplemental one made just for us -- all free). Highly recommended!",doubt_solving,positive,positive,yes
206,"Amazing Probability Theory prof. Super clear and approachable, was really helpful in office hours. Homework was not overwhelming and exams were fair. Did an excellent job of doing the course online (had the official textbook and a supplemental one made just for us -- all free). Highly recommended!",study_material,positive,positive,yes
206,"Amazing Probability Theory prof. Super clear and approachable, was really helpful in office hours. Homework was not overwhelming and exams were fair. Did an excellent job of doing the course online (had the official textbook and a supplemental one made just for us -- all free). Highly recommended!",practical_sessions,positive,positive,yes
206,"Amazing Probability Theory prof. Super clear and approachable, was really helpful in office hours. Homework was not overwhelming and exams were fair. Did an excellent job of doing the course online (had the official textbook and a supplemental one made just for us -- all free). Highly recommended!",faculty_availability,positive,positive,yes
206,"Amazing Probability Theory prof. Super clear and approachable, was really helpful in office hours. Homework was not overwhelming and exams were fair. Did an excellent job of doing the course online (had the official textbook and a supplemental one made just for us -- all free). Highly recommended!",subject_difficulty,positive,positive,yes
207,"Kreines is awesome! He's super smart, very fun and funny, and a great discussion leader. He expects a lot out of you, especially on essays, but he'll go over your drafts and edit them for you. You have to do the reading, but his class literally changed the way I look at the world. He really cares about you learning too. Take his class if you can!",study_material,negative,negative,yes
208,"Burdekin is a decent teacher and a nice guy. his class is a little dry, but there is minimal hw and the tests are graded on a giant curve. that being said, people will literally fail his class, but if you study hard for just 2 exams and a final, you'll do well. I would recommend him, but i would not discourage someone from taking a different class.",practical_sessions,negative,negative,yes
208,"Burdekin is a decent teacher and a nice guy. his class is a little dry, but there is minimal hw and the tests are graded on a giant curve. that being said, people will literally fail his class, but if you study hard for just 2 exams and a final, you'll do well. I would recommend him, but i would not discourage someone from taking a different class.",subject_difficulty,positive,positive,yes
209,"Professor Locke is so passionate about the material he teaches and makes everyone else passionate about it too. He gives daily reading quizzes about short readings, but I think they help to keep me engaged. He lets the class decide what we are going to learn for the second half of class and we talked about really interesting things. Take his class",study_material,positive,positive,yes
209,"Professor Locke is so passionate about the material he teaches and makes everyone else passionate about it too. He gives daily reading quizzes about short readings, but I think they help to keep me engaged. He lets the class decide what we are going to learn for the second half of class and we talked about really interesting things. Take his class",practical_sessions,positive,positive,yes
209,"Professor Locke is so passionate about the material he teaches and makes everyone else passionate about it too. He gives daily reading quizzes about short readings, but I think they help to keep me engaged. He lets the class decide what we are going to learn for the second half of class and we talked about really interesting things. Take his class",doubt_solving,positive,positive,yes
210,"Very clear regarding the material and his expectations.  The argumentative paper is a bit difficult, but he is more than willing to talk to you about it.  Paper aside, the class is easy, but you will learn a lot.  He made the material interesting.",explanation_clarity,negative,negative,yes
210,"Very clear regarding the material and his expectations.  The argumentative paper is a bit difficult, but he is more than willing to talk to you about it.  Paper aside, the class is easy, but you will learn a lot.  He made the material interesting.",study_material,positive,positive,yes
210,"Very clear regarding the material and his expectations.  The argumentative paper is a bit difficult, but he is more than willing to talk to you about it.  Paper aside, the class is easy, but you will learn a lot.  He made the material interesting.",subject_difficulty,positive,positive,yes
211,He is amazing! Learned a ton in his class. He has high expectations but they can be met as long as you put in the effort.,faculty_availability,neutral,neutral,yes
212,"He's on the hard side, lots of reading, but the class was really interesting.  His lectures are painful, but thats why he tends not to lecture and lets students do the teaching.  I learned alot.  Haley's a good guy.",study_material,negative,negative,yes
212,"He's on the hard side, lots of reading, but the class was really interesting.  His lectures are painful, but thats why he tends not to lecture and lets students do the teaching.  I learned alot.  Haley's a good guy.",subject_difficulty,negative,negative,yes
212,"He's on the hard side, lots of reading, but the class was really interesting.  His lectures are painful, but thats why he tends not to lecture and lets students do the teaching.  I learned alot.  Haley's a good guy.",explanation_clarity,positive,neutral,yes
213,"This class helped strengthen my grammar skills, and I'm glad that we also learned more about Spain + Latin American culture. At times, she went a little quickly over the material, but she was accessible after class and during office hours if you had questions. She thoughtfully listened to each student during discussions, and was understanding.",teaching_pace,positive,positive,yes
213,"This class helped strengthen my grammar skills, and I'm glad that we also learned more about Spain + Latin American culture. At times, she went a little quickly over the material, but she was accessible after class and during office hours if you had questions. She thoughtfully listened to each student during discussions, and was understanding.",doubt_solving,positive,positive,yes
213,"This class helped strengthen my grammar skills, and I'm glad that we also learned more about Spain + Latin American culture. At times, she went a little quickly over the material, but she was accessible after class and during office hours if you had questions. She thoughtfully listened to each student during discussions, and was understanding.",study_material,positive,positive,yes
213,"This class helped strengthen my grammar skills, and I'm glad that we also learned more about Spain + Latin American culture. At times, she went a little quickly over the material, but she was accessible after class and during office hours if you had questions. She thoughtfully listened to each student during discussions, and was understanding.",faculty_availability,positive,positive,yes
214,"Her class is easy, but that's about all it's got going for it.  Her lectures are right out of the book, and not very informative.  Nice lady, though.",subject_difficulty,positive,positive,yes
214,"Her class is easy, but that's about all it's got going for it.  Her lectures are right out of the book, and not very informative.  Nice lady, though.",explanation_clarity,negative,negative,yes
215,"This guy does not teach! He only copies whats in the book anyway and is incapable of explaining anything to someone who has not already taken the material in highschool. If you want a guy who thinks he is way to smart to teach a basic calculus class and turns down every question,HERE YOU GO!",explanation_clarity,positive,negative,yes
215,"This guy does not teach! He only copies whats in the book anyway and is incapable of explaining anything to someone who has not already taken the material in highschool. If you want a guy who thinks he is way to smart to teach a basic calculus class and turns down every question,HERE YOU GO!",doubt_solving,positive,negative,yes
215,"This guy does not teach! He only copies whats in the book anyway and is incapable of explaining anything to someone who has not already taken the material in highschool. If you want a guy who thinks he is way to smart to teach a basic calculus class and turns down every question,HERE YOU GO!",study_material,positive,negative,yes
216,"Kind enough guy who tries and cares but did not feel that he explained class concepts or in-class activities clearly, which was frustrating. Struck me as being more of a researcher than a teacher. Exams were mostly fair with one or two questions that did not appear anywhere in the reading or in lecture. Did not feel inspired taking this class.",explanation_clarity,negative,negative,yes
216,"Kind enough guy who tries and cares but did not feel that he explained class concepts or in-class activities clearly, which was frustrating. Struck me as being more of a researcher than a teacher. Exams were mostly fair with one or two questions that did not appear anywhere in the reading or in lecture. Did not feel inspired taking this class.",doubt_solving,negative,negative,yes
216,"Kind enough guy who tries and cares but did not feel that he explained class concepts or in-class activities clearly, which was frustrating. Struck me as being more of a researcher than a teacher. Exams were mostly fair with one or two questions that did not appear anywhere in the reading or in lecture. Did not feel inspired taking this class.",study_material,negative,negative,yes
216,"Kind enough guy who tries and cares but did not feel that he explained class concepts or in-class activities clearly, which was frustrating. Struck me as being more of a researcher than a teacher. Exams were mostly fair with one or two questions that did not appear anywhere in the reading or in lecture. Did not feel inspired taking this class.",practical_sessions,negative,negative,yes
217,Without a doubt the worst prof at CMC back in 1996 and it sounds like he is still going strong...,doubt_solving,positive,positive,yes
218,lectures are so clear & comprehensive that you don't need to read; just GO TO CLASS & take good notes. not an easy grader. knows a TON. open to student opinions but not much discussion - more focus on history of phil than student discussion. good class.,explanation_clarity,positive,positive,yes
218,lectures are so clear & comprehensive that you don't need to read; just GO TO CLASS & take good notes. not an easy grader. knows a TON. open to student opinions but not much discussion - more focus on history of phil than student discussion. good class.,study_material,positive,positive,yes
218,lectures are so clear & comprehensive that you don't need to read; just GO TO CLASS & take good notes. not an easy grader. knows a TON. open to student opinions but not much discussion - more focus on history of phil than student discussion. good class.,subject_difficulty,positive,positive,yes
219,First semester I took Econ 50 with Prof. Evans. She knows everything regarding the material. And she is always there for you.,study_material,neutral,positive,yes
220,"Assigns a ton of reading, but he's an easy grader. If you're not motivated to prioritise the class you can still get a decent grade without doing the readings. Funny guy, obviously been there awhile. Took us out to pizza before the final, very approachable and easy to talk to. Understands if gov isn't your major. Teaches interesting concepts.",study_material,positive,positive,yes
220,"Assigns a ton of reading, but he's an easy grader. If you're not motivated to prioritise the class you can still get a decent grade without doing the readings. Funny guy, obviously been there awhile. Took us out to pizza before the final, very approachable and easy to talk to. Understands if gov isn't your major. Teaches interesting concepts.",doubt_solving,positive,positive,yes
220,"Assigns a ton of reading, but he's an easy grader. If you're not motivated to prioritise the class you can still get a decent grade without doing the readings. Funny guy, obviously been there awhile. Took us out to pizza before the final, very approachable and easy to talk to. Understands if gov isn't your major. Teaches interesting concepts.",subject_difficulty,positive,positive,yes
221,A great choice for Gov 20. Covered U.S. politics historically as well as current political happenings. The classes are a good mix of lecture and discussion.,explanation_clarity,positive,positive,yes
222,"Brilliant, organized, incredibly hard-working.  He is one of academia's greatest minds.",subject_difficulty,positive,positive,yes
223,"Though I didn't find the FHS Religion & Modernity interesting, Michon is a brilliant professor and imparts you with a lot of knowledge in class. His readings are difficult and he's a tough grader, but he takes the time to meet with his students in pairs of 2 before essays. If you're interested in the course material, Michon is an excellent choice",study_material,positive,positive,yes
223,"Though I didn't find the FHS Religion & Modernity interesting, Michon is a brilliant professor and imparts you with a lot of knowledge in class. His readings are difficult and he's a tough grader, but he takes the time to meet with his students in pairs of 2 before essays. If you're interested in the course material, Michon is an excellent choice",subject_difficulty,positive,positive,yes
223,"Though I didn't find the FHS Religion & Modernity interesting, Michon is a brilliant professor and imparts you with a lot of knowledge in class. His readings are difficult and he's a tough grader, but he takes the time to meet with his students in pairs of 2 before essays. If you're interested in the course material, Michon is an excellent choice",faculty_availability,positive,positive,yes
224,"Absolutely adore her. This is my 2nd time having her (SP44 last year). It's a hard class that requires dedication and critical thinking. Never a boring class with Martinez. She's hilarious. Make sure to take really good class notes;she won't write everything down, so listen,& ask if you need clarification or are confused:Very helpful for studying",explanation_clarity,positive,positive,yes
224,"Absolutely adore her. This is my 2nd time having her (SP44 last year). It's a hard class that requires dedication and critical thinking. Never a boring class with Martinez. She's hilarious. Make sure to take really good class notes;she won't write everything down, so listen,& ask if you need clarification or are confused:Very helpful for studying",doubt_solving,positive,positive,yes
224,"Absolutely adore her. This is my 2nd time having her (SP44 last year). It's a hard class that requires dedication and critical thinking. Never a boring class with Martinez. She's hilarious. Make sure to take really good class notes;she won't write everything down, so listen,& ask if you need clarification or are confused:Very helpful for studying",study_material,positive,positive,yes
224,"Absolutely adore her. This is my 2nd time having her (SP44 last year). It's a hard class that requires dedication and critical thinking. Never a boring class with Martinez. She's hilarious. Make sure to take really good class notes;she won't write everything down, so listen,& ask if you need clarification or are confused:Very helpful for studying",subject_difficulty,positive,positive,yes
225,"I just had him for lab and he gave very detailed lectures at the beginning of each lab (which would make lab take a long time). He cares a lot about his students though, and as long as you are trying and ask for help, you'll do  really well.",explanation_clarity,positive,positive,yes
225,"I just had him for lab and he gave very detailed lectures at the beginning of each lab (which would make lab take a long time). He cares a lot about his students though, and as long as you are trying and ask for help, you'll do  really well.",doubt_solving,positive,positive,yes
225,"I just had him for lab and he gave very detailed lectures at the beginning of each lab (which would make lab take a long time). He cares a lot about his students though, and as long as you are trying and ask for help, you'll do  really well.",practical_sessions,positive,positive,yes
226,"Such a nice and caring professor. Cares about your development in Spanish and as a person. Every piece of work you have to do is carefully considered to help you master the language. Furthermore, his office hours are extremely helpful. Language is not easy for me so that is why I made it difficult.",doubt_solving,positive,positive,yes
226,"Such a nice and caring professor. Cares about your development in Spanish and as a person. Every piece of work you have to do is carefully considered to help you master the language. Furthermore, his office hours are extremely helpful. Language is not easy for me so that is why I made it difficult.",faculty_availability,positive,positive,yes
226,"Such a nice and caring professor. Cares about your development in Spanish and as a person. Every piece of work you have to do is carefully considered to help you master the language. Furthermore, his office hours are extremely helpful. Language is not easy for me so that is why I made it difficult.",subject_difficulty,positive,positive,yes
227,"Best professor I have had at CMC hands down. Useful lectures and open to questions from students, and he never makes you feel stupid for asking a question. Problem sets and Exams are fairly difficult, but you learn a lot and he is very helpful in office hours. Great guy and great class.",explanation_clarity,positive,positive,yes
227,"Best professor I have had at CMC hands down. Useful lectures and open to questions from students, and he never makes you feel stupid for asking a question. Problem sets and Exams are fairly difficult, but you learn a lot and he is very helpful in office hours. Great guy and great class.",doubt_solving,positive,positive,yes
227,"Best professor I have had at CMC hands down. Useful lectures and open to questions from students, and he never makes you feel stupid for asking a question. Problem sets and Exams are fairly difficult, but you learn a lot and he is very helpful in office hours. Great guy and great class.",practical_sessions,positive,positive,yes
227,"Best professor I have had at CMC hands down. Useful lectures and open to questions from students, and he never makes you feel stupid for asking a question. Problem sets and Exams are fairly difficult, but you learn a lot and he is very helpful in office hours. Great guy and great class.",subject_difficulty,positive,positive,yes
227,"Best professor I have had at CMC hands down. Useful lectures and open to questions from students, and he never makes you feel stupid for asking a question. Problem sets and Exams are fairly difficult, but you learn a lot and he is very helpful in office hours. Great guy and great class.",faculty_availability,positive,positive,yes
228,"This is a decent class. The issue is the lack of practice students get with the material. If you are good at math, this class is simple. If you are okay at math, this class is decent. Textbook is terrible and if you want practice with the material, it would help to just buy a good textbook. The concepts are tough and he is generally theory-based",doubt_solving,positive,positive,yes
228,"This is a decent class. The issue is the lack of practice students get with the material. If you are good at math, this class is simple. If you are okay at math, this class is decent. Textbook is terrible and if you want practice with the material, it would help to just buy a good textbook. The concepts are tough and he is generally theory-based",study_material,positive,positive,yes
228,"This is a decent class. The issue is the lack of practice students get with the material. If you are good at math, this class is simple. If you are okay at math, this class is decent. Textbook is terrible and if you want practice with the material, it would help to just buy a good textbook. The concepts are tough and he is generally theory-based",practical_sessions,positive,positive,yes
228,"This is a decent class. The issue is the lack of practice students get with the material. If you are good at math, this class is simple. If you are okay at math, this class is decent. Textbook is terrible and if you want practice with the material, it would help to just buy a good textbook. The concepts are tough and he is generally theory-based",subject_difficulty,positive,positive,yes
229,"Professor Raviv was a great teacher. Enthusiastic about helping students, willing to spend his time to help the students that would approach him and show them ability in his field",doubt_solving,positive,positive,yes
230,"Extremely helpful professor. Go talk to him during office hours, it will be worth the time. It's easy to get a B+, but you'll have to work for an A. He is also very chill and friendly. I like to just go talk about the movie that I watched over the weekend. ",doubt_solving,positive,positive,yes
230,"Extremely helpful professor. Go talk to him during office hours, it will be worth the time. It's easy to get a B+, but you'll have to work for an A. He is also very chill and friendly. I like to just go talk about the movie that I watched over the weekend. ",faculty_availability,positive,positive,yes
230,"Extremely helpful professor. Go talk to him during office hours, it will be worth the time. It's easy to get a B+, but you'll have to work for an A. He is also very chill and friendly. I like to just go talk about the movie that I watched over the weekend. ",subject_difficulty,positive,positive,yes
231,"A good teacher. Better than average. Also very friendly. His corny jokes really helps me get through 3 hours/week of numbers and words. He teaches most things clearly, but if anything is confusing, he doesn't clarify any better, even if you ask him during office hrs. Tests strongly based on class notes-not too bad. Accting is sometimes interesting.",explanation_clarity,positive,positive,yes
231,"A good teacher. Better than average. Also very friendly. His corny jokes really helps me get through 3 hours/week of numbers and words. He teaches most things clearly, but if anything is confusing, he doesn't clarify any better, even if you ask him during office hrs. Tests strongly based on class notes-not too bad. Accting is sometimes interesting.",doubt_solving,positive,positive,yes
231,"A good teacher. Better than average. Also very friendly. His corny jokes really helps me get through 3 hours/week of numbers and words. He teaches most things clearly, but if anything is confusing, he doesn't clarify any better, even if you ask him during office hrs. Tests strongly based on class notes-not too bad. Accting is sometimes interesting.",study_material,negative,negative,yes
231,"A good teacher. Better than average. Also very friendly. His corny jokes really helps me get through 3 hours/week of numbers and words. He teaches most things clearly, but if anything is confusing, he doesn't clarify any better, even if you ask him during office hrs. Tests strongly based on class notes-not too bad. Accting is sometimes interesting.",practical_sessions,negative,negative,yes
232,"Literally the worst professor and class I've ever had. Lectures and notes are messy and confusing, and he can't explain the simplest of concepts. You learn nothing since the materials are actually middle school level easy (he taught us how to take standard deviations for 2 weeks). Did I mention he also gives zero care about students' well-beings?",explanation_clarity,negative,negative,yes
232,"Literally the worst professor and class I've ever had. Lectures and notes are messy and confusing, and he can't explain the simplest of concepts. You learn nothing since the materials are actually middle school level easy (he taught us how to take standard deviations for 2 weeks). Did I mention he also gives zero care about students' well-beings?",study_material,negative,negative,yes
232,"Literally the worst professor and class I've ever had. Lectures and notes are messy and confusing, and he can't explain the simplest of concepts. You learn nothing since the materials are actually middle school level easy (he taught us how to take standard deviations for 2 weeks). Did I mention he also gives zero care about students' well-beings?",subject_difficulty,negative,negative,yes
233,Professor Altamirano is really nice and class is always engaging. We do a lot of fun activities and have many interesting conversations. She is a lenient grader and her tests are fair. She wants students to do well and she is good at breaking down grammar rules to help us learn them better.,doubt_solving,positive,positive,yes
233,Professor Altamirano is really nice and class is always engaging. We do a lot of fun activities and have many interesting conversations. She is a lenient grader and her tests are fair. She wants students to do well and she is good at breaking down grammar rules to help us learn them better.,practical_sessions,positive,positive,yes
234,"I have took three of his courses including Math303160. The lecture is well-structured and the notes are clear and really help you prepare for the exams. If you don't want to spend too much time on these courses, take him. ",explanation_clarity,positive,positive,yes
234,"I have took three of his courses including Math303160. The lecture is well-structured and the notes are clear and really help you prepare for the exams. If you don't want to spend too much time on these courses, take him. ",doubt_solving,positive,positive,yes
234,"I have took three of his courses including Math303160. The lecture is well-structured and the notes are clear and really help you prepare for the exams. If you don't want to spend too much time on these courses, take him. ",study_material,positive,positive,yes
234,"I have took three of his courses including Math303160. The lecture is well-structured and the notes are clear and really help you prepare for the exams. If you don't want to spend too much time on these courses, take him. ",practical_sessions,positive,positive,yes
235,Really great and super interesting.  So qualified and really knows that material in and out.  Midterm is tough and tests are a lot of writing.  No tests besides midterm and final.  One big essay - field research project.,study_material,positive,positive,yes
235,Really great and super interesting.  So qualified and really knows that material in and out.  Midterm is tough and tests are a lot of writing.  No tests besides midterm and final.  One big essay - field research project.,practical_sessions,positive,positive,yes
235,Really great and super interesting.  So qualified and really knows that material in and out.  Midterm is tough and tests are a lot of writing.  No tests besides midterm and final.  One big essay - field research project.,subject_difficulty,positive,positive,yes
236,One of the most challenging classes I took at CMC but also the one in which I learned the most; Lofgren spent signifcant time helping me improve my writing and speaking style; helped me develop confidence and become a much stronger debater in class; totally fair even though my views opposed his,subject_difficulty,positive,positive,yes
236,One of the most challenging classes I took at CMC but also the one in which I learned the most; Lofgren spent signifcant time helping me improve my writing and speaking style; helped me develop confidence and become a much stronger debater in class; totally fair even though my views opposed his,doubt_solving,positive,positive,yes
237,"Class was pretty straight forward since a lot of non-science majors are in it. He's very caring and understanding, will know everyone's name. Heard he's a little tough with grading labs, but I did 't find that to be true for my group. Tests are pretty straightforward and information is taken from lectures.",practical_sessions,positive,positive,yes
237,"Class was pretty straight forward since a lot of non-science majors are in it. He's very caring and understanding, will know everyone's name. Heard he's a little tough with grading labs, but I did 't find that to be true for my group. Tests are pretty straightforward and information is taken from lectures.",subject_difficulty,positive,positive,yes
237,"Class was pretty straight forward since a lot of non-science majors are in it. He's very caring and understanding, will know everyone's name. Heard he's a little tough with grading labs, but I did 't find that to be true for my group. Tests are pretty straightforward and information is taken from lectures.",explanation_clarity,positive,positive,yes
238,"What a great class.  You don't waste time on long-winded works: you study good summaries/examples of what each topic.  You get a huge breadth of information, which is great for an intro class.  Most importantly, you get to discuss ideas for most of the class, which is the whole idea behind philosophy.  It's a great class, and he's an easy grader.",teaching_pace,positive,positive,yes
238,"What a great class.  You don't waste time on long-winded works: you study good summaries/examples of what each topic.  You get a huge breadth of information, which is great for an intro class.  Most importantly, you get to discuss ideas for most of the class, which is the whole idea behind philosophy.  It's a great class, and he's an easy grader.",practical_sessions,positive,positive,yes
238,"What a great class.  You don't waste time on long-winded works: you study good summaries/examples of what each topic.  You get a huge breadth of information, which is great for an intro class.  Most importantly, you get to discuss ideas for most of the class, which is the whole idea behind philosophy.  It's a great class, and he's an easy grader.",subject_difficulty,positive,positive,yes
239,"As a non-CMC student, I can say that I felt extremely comfortable in this class. He is a brilliantly clear and comprehensible lecturer and not partisan on any issues. Very highly recommended for people interested in the constitution.",explanation_clarity,positive,positive,yes
240,"If you are taking Calculus 1 (Math 30) for a general education requirement or simply the economics requirement, don't take this professor. She is one of the toughest professors and assigns a lot of homework. She doesn't like to grade on a curve either. I recommend you avoid her unless you love math intensely. She makes things harder than they are.",practical_sessions,positive,positive,yes
240,"If you are taking Calculus 1 (Math 30) for a general education requirement or simply the economics requirement, don't take this professor. She is one of the toughest professors and assigns a lot of homework. She doesn't like to grade on a curve either. I recommend you avoid her unless you love math intensely. She makes things harder than they are.",subject_difficulty,positive,positive,yes
241,"Very professional, very smart, very good at explaining course content. It's necessary to read every page of the textbook to do well on exams. Multiple choice on the exams are KILLER if you don't read, but the essays are easy. Don't take the course to get an easy A, there is a lot of work involved. HIGHLY recommended for Psych majors.",explanation_clarity,positive,positive,yes
241,"Very professional, very smart, very good at explaining course content. It's necessary to read every page of the textbook to do well on exams. Multiple choice on the exams are KILLER if you don't read, but the essays are easy. Don't take the course to get an easy A, there is a lot of work involved. HIGHLY recommended for Psych majors.",study_material,positive,positive,yes
241,"Very professional, very smart, very good at explaining course content. It's necessary to read every page of the textbook to do well on exams. Multiple choice on the exams are KILLER if you don't read, but the essays are easy. Don't take the course to get an easy A, there is a lot of work involved. HIGHLY recommended for Psych majors.",practical_sessions,positive,positive,yes
241,"Very professional, very smart, very good at explaining course content. It's necessary to read every page of the textbook to do well on exams. Multiple choice on the exams are KILLER if you don't read, but the essays are easy. Don't take the course to get an easy A, there is a lot of work involved. HIGHLY recommended for Psych majors.",subject_difficulty,positive,positive,yes
242,"This professor is fun and certainly knows her stuff. Her knowledge of behavioral psych and its application i.e. with helping the autistic kids in her clinic is an opportunity that claremont college students should really consider. Sometimes she is late, or absent - that is true. The class is simple though useful.",doubt_solving,positive,positive,yes
242,"This professor is fun and certainly knows her stuff. Her knowledge of behavioral psych and its application i.e. with helping the autistic kids in her clinic is an opportunity that claremont college students should really consider. Sometimes she is late, or absent - that is true. The class is simple though useful.",faculty_availability,positive,positive,yes
242,"This professor is fun and certainly knows her stuff. Her knowledge of behavioral psych and its application i.e. with helping the autistic kids in her clinic is an opportunity that claremont college students should really consider. Sometimes she is late, or absent - that is true. The class is simple though useful.",subject_difficulty,positive,positive,yes
243,"Valenza is a great guy, sincere, honest and very passionate about the material he is teaching.  This is a VERY easy class, but not as eye opening as everyone says, it seemed forced and blatently obvious to me...but still he's a great prof.  TAKE HIM.",study_material,positive,positive,yes
243,"Valenza is a great guy, sincere, honest and very passionate about the material he is teaching.  This is a VERY easy class, but not as eye opening as everyone says, it seemed forced and blatently obvious to me...but still he's a great prof.  TAKE HIM.",subject_difficulty,positive,positive,yes
244,"He can be a little tough, however, the class was great and so was he! Great guy and a great professor. He is super knowledgable and engaging.",subject_difficulty,negative,negative,yes
245,"What a ridiculous professor. He is very unclear and never does any problems in class to prepare students for the midterms. Also, doesn't curve tests when the highest grade is an 81 and says his normal grade for an Econ 50 class is a B-. Avoid if possible",explanation_clarity,negative,negative,yes
245,"What a ridiculous professor. He is very unclear and never does any problems in class to prepare students for the midterms. Also, doesn't curve tests when the highest grade is an 81 and says his normal grade for an Econ 50 class is a B-. Avoid if possible",practical_sessions,negative,negative,yes
246,"Love Dean Huang. Great guy, extremely easy class while I still managed to learn a lot taking a GE. Teaches you how to argue clearly and logically as long as you participate plenty in class.",explanation_clarity,positive,positive,yes
246,"Love Dean Huang. Great guy, extremely easy class while I still managed to learn a lot taking a GE. Teaches you how to argue clearly and logically as long as you participate plenty in class.",subject_difficulty,positive,positive,yes
247,"Riggio is probably one of the sweetest profs I've ever met. I was a bit skeptical of his psyc class at first because of all the bad ratings, but dont listen to them (they're really old)! The class is based on the textbook, lots of memorization is needed but its all manageable. Also a group project and presentation at the end. He's a lenient grader!",practical_sessions,negative,negative,yes
247,"Riggio is probably one of the sweetest profs I've ever met. I was a bit skeptical of his psyc class at first because of all the bad ratings, but dont listen to them (they're really old)! The class is based on the textbook, lots of memorization is needed but its all manageable. Also a group project and presentation at the end. He's a lenient grader!",faculty_availability,negative,negative,yes
247,"Riggio is probably one of the sweetest profs I've ever met. I was a bit skeptical of his psyc class at first because of all the bad ratings, but dont listen to them (they're really old)! The class is based on the textbook, lots of memorization is needed but its all manageable. Also a group project and presentation at the end. He's a lenient grader!",study_material,neutral,positive,yes
247,"Riggio is probably one of the sweetest profs I've ever met. I was a bit skeptical of his psyc class at first because of all the bad ratings, but dont listen to them (they're really old)! The class is based on the textbook, lots of memorization is needed but its all manageable. Also a group project and presentation at the end. He's a lenient grader!",subject_difficulty,positive,positive,yes
248,"She assigned too much busywork and there were too many tests, but she's also the first French professor who I've had who has made her class interesting. I also learned a lot.",practical_sessions,neutral,neutral,yes
248,"She assigned too much busywork and there were too many tests, but she's also the first French professor who I've had who has made her class interesting. I also learned a lot.",faculty_availability,neutral,neutral,yes
249,Great professor. Lectures are well guided and his office hours are extremely useful. Also arranges out of class activities such as movie nights and dinner which is great!,explanation_clarity,positive,positive,yes
249,Great professor. Lectures are well guided and his office hours are extremely useful. Also arranges out of class activities such as movie nights and dinner which is great!,doubt_solving,positive,positive,yes
249,Great professor. Lectures are well guided and his office hours are extremely useful. Also arranges out of class activities such as movie nights and dinner which is great!,faculty_availability,positive,positive,yes
